CLASS	com/mojang/blaze3d/Blaze3D	net/minecraft/class_3673
CLASS	com/mojang/blaze3d/DontObfuscate	net/minecraft/class_6177
CLASS	com/mojang/blaze3d/GpuOutOfMemoryException	net/minecraft/class_10783
CLASS	com/mojang/blaze3d/GraphicsWorkarounds	net/minecraft/class_11541
CLASS	com/mojang/blaze3d/ProjectionType	net/minecraft/class_10366
CLASS	com/mojang/blaze3d/ProjectionType$LayeringTransform	net/minecraft/class_10366$class_10367
CLASS	com/mojang/blaze3d/TracyBootstrap	net/minecraft/class_10218
CLASS	com/mojang/blaze3d/TracyBootstrap$1	net/minecraft/class_10218$1
CLASS	com/mojang/blaze3d/TracyFrameCapture	net/minecraft/class_10219
CLASS	com/mojang/blaze3d/TracyFrameCapture$Status	net/minecraft/class_10219$class_10857
CLASS	com/mojang/blaze3d/audio/Channel	net/minecraft/class_4224
CLASS	com/mojang/blaze3d/audio/Library	net/minecraft/class_4225
CLASS	com/mojang/blaze3d/audio/Library$1	net/minecraft/class_4225$1
CLASS	com/mojang/blaze3d/audio/Library$ChannelPool	net/minecraft/class_4225$class_4276
CLASS	com/mojang/blaze3d/audio/Library$CountingChannelPool	net/minecraft/class_4225$class_4226
CLASS	com/mojang/blaze3d/audio/Library$Pool	net/minecraft/class_4225$class_4105
CLASS	com/mojang/blaze3d/audio/Listener	net/minecraft/class_4227
CLASS	com/mojang/blaze3d/audio/ListenerTransform	net/minecraft/class_9054
CLASS	com/mojang/blaze3d/audio/OpenAlUtil	net/minecraft/class_4230
CLASS	com/mojang/blaze3d/audio/SoundBuffer	net/minecraft/class_4231
CLASS	com/mojang/blaze3d/audio/package-info	net/minecraft/class_6180
CLASS	com/mojang/blaze3d/buffers/package-info	net/minecraft/class_10230
CLASS	com/mojang/blaze3d/font/GlyphBitmap	net/minecraft/class_383
CLASS	com/mojang/blaze3d/font/GlyphInfo	net/minecraft/class_379
CLASS	com/mojang/blaze3d/font/GlyphProvider	net/minecraft/class_390
CLASS	com/mojang/blaze3d/font/GlyphProvider$Conditional	net/minecraft/class_390$class_9241
CLASS	com/mojang/blaze3d/font/SpaceProvider	net/minecraft/class_7166
CLASS	com/mojang/blaze3d/font/SpaceProvider$Definition	net/minecraft/class_7166$class_8554
CLASS	com/mojang/blaze3d/font/TrueTypeGlyphProvider	net/minecraft/class_395
CLASS	com/mojang/blaze3d/font/TrueTypeGlyphProvider$Glyph	net/minecraft/class_395$class_397
CLASS	com/mojang/blaze3d/font/TrueTypeGlyphProvider$Glyph$1	net/minecraft/class_395$class_397$1
CLASS	com/mojang/blaze3d/font/TrueTypeGlyphProvider$GlyphEntry	net/minecraft/class_395$class_9908
CLASS	com/mojang/blaze3d/font/UnbakedGlyph	net/minecraft/class_11759
CLASS	com/mojang/blaze3d/font/UnbakedGlyph$Stitcher	net/minecraft/class_11759$class_11760
CLASS	com/mojang/blaze3d/font/package-info	net/minecraft/class_6181
CLASS	com/mojang/blaze3d/framegraph/FrameGraphBuilder	net/minecraft/class_9909
CLASS	com/mojang/blaze3d/framegraph/FrameGraphBuilder$ExternalResource	net/minecraft/class_9909$class_9910
CLASS	com/mojang/blaze3d/framegraph/FrameGraphBuilder$Handle	net/minecraft/class_9909$class_9911
CLASS	com/mojang/blaze3d/framegraph/FrameGraphBuilder$Inspector	net/minecraft/class_9909$class_9912
CLASS	com/mojang/blaze3d/framegraph/FrameGraphBuilder$Inspector$1	net/minecraft/class_9909$class_9912$1
CLASS	com/mojang/blaze3d/framegraph/FrameGraphBuilder$InternalVirtualResource	net/minecraft/class_9909$class_9913
CLASS	com/mojang/blaze3d/framegraph/FrameGraphBuilder$Pass	net/minecraft/class_9909$class_9914
CLASS	com/mojang/blaze3d/framegraph/FrameGraphBuilder$VirtualResource	net/minecraft/class_9909$class_9915
CLASS	com/mojang/blaze3d/framegraph/FramePass	net/minecraft/class_9916
CLASS	com/mojang/blaze3d/framegraph/package-info	net/minecraft/class_9917
CLASS	com/mojang/blaze3d/opengl/BufferStorage	net/minecraft/class_11266
CLASS	com/mojang/blaze3d/opengl/BufferStorage$Immutable	net/minecraft/class_11266$class_11267
CLASS	com/mojang/blaze3d/opengl/BufferStorage$Mutable	net/minecraft/class_11266$class_11268
CLASS	com/mojang/blaze3d/opengl/DirectStateAccess	net/minecraft/class_10874
CLASS	com/mojang/blaze3d/opengl/DirectStateAccess$Core	net/minecraft/class_10874$class_10929
CLASS	com/mojang/blaze3d/opengl/DirectStateAccess$Emulated	net/minecraft/class_10874$class_10930
CLASS	com/mojang/blaze3d/opengl/GlBuffer	net/minecraft/class_10859
CLASS	com/mojang/blaze3d/opengl/GlBuffer$GlMappedView	net/minecraft/class_10859$class_11269
CLASS	com/mojang/blaze3d/opengl/GlCommandEncoder	net/minecraft/class_10860
CLASS	com/mojang/blaze3d/opengl/GlCommandEncoder$1	net/minecraft/class_10860$1
CLASS	com/mojang/blaze3d/opengl/GlDebug	net/minecraft/class_1008
CLASS	com/mojang/blaze3d/opengl/GlDebug$LogEntry	net/minecraft/class_1008$class_6359
CLASS	com/mojang/blaze3d/opengl/GlDebugLabel	net/minecraft/class_10861
CLASS	com/mojang/blaze3d/opengl/GlDebugLabel$Core	net/minecraft/class_10861$class_10862
CLASS	com/mojang/blaze3d/opengl/GlDebugLabel$Empty	net/minecraft/class_10861$class_10863
CLASS	com/mojang/blaze3d/opengl/GlDebugLabel$Ext	net/minecraft/class_10861$class_10864
CLASS	com/mojang/blaze3d/opengl/GlDevice	net/minecraft/class_10865
CLASS	com/mojang/blaze3d/opengl/GlDevice$ShaderCompilationKey	net/minecraft/class_10865$class_10154
CLASS	com/mojang/blaze3d/opengl/GlFence	net/minecraft/class_11270
CLASS	com/mojang/blaze3d/opengl/GlProgram	net/minecraft/class_5944
CLASS	com/mojang/blaze3d/opengl/GlProgram$1	net/minecraft/class_5944$1
CLASS	com/mojang/blaze3d/opengl/GlRenderPass	net/minecraft/class_10866
CLASS	com/mojang/blaze3d/opengl/GlRenderPass$TextureViewAndSampler	net/minecraft/class_10866$class_12133
CLASS	com/mojang/blaze3d/opengl/GlRenderPipeline	net/minecraft/class_10867
CLASS	com/mojang/blaze3d/opengl/GlSampler	net/minecraft/class_12134
CLASS	com/mojang/blaze3d/opengl/GlSampler$1	net/minecraft/class_12134$1
CLASS	com/mojang/blaze3d/opengl/GlShaderModule	net/minecraft/class_10141
CLASS	com/mojang/blaze3d/opengl/GlTexture	net/minecraft/class_10868
CLASS	com/mojang/blaze3d/opengl/GlTextureView	net/minecraft/class_11391
CLASS	com/mojang/blaze3d/opengl/GlTimerQuery	net/minecraft/class_12224
CLASS	com/mojang/blaze3d/opengl/Uniform	net/minecraft/class_284
CLASS	com/mojang/blaze3d/opengl/Uniform$Sampler	net/minecraft/class_284$class_11271
CLASS	com/mojang/blaze3d/opengl/Uniform$Ubo	net/minecraft/class_284$class_11272
CLASS	com/mojang/blaze3d/opengl/Uniform$Utb	net/minecraft/class_284$class_11273
CLASS	com/mojang/blaze3d/opengl/VertexArrayCache	net/minecraft/class_10869
CLASS	com/mojang/blaze3d/opengl/VertexArrayCache$1	net/minecraft/class_10869$1
CLASS	com/mojang/blaze3d/opengl/VertexArrayCache$Emulated	net/minecraft/class_10869$class_10870
CLASS	com/mojang/blaze3d/opengl/VertexArrayCache$Separate	net/minecraft/class_10869$class_10871
CLASS	com/mojang/blaze3d/opengl/VertexArrayCache$VertexArray	net/minecraft/class_10869$class_10872
CLASS	com/mojang/blaze3d/opengl/package-info	net/minecraft/class_10877
CLASS	com/mojang/blaze3d/package-info	net/minecraft/class_6182
CLASS	com/mojang/blaze3d/pipeline/MainTarget	net/minecraft/class_6364
CLASS	com/mojang/blaze3d/pipeline/MainTarget$Dimension	net/minecraft/class_6364$class_6366
CLASS	com/mojang/blaze3d/pipeline/RenderTarget	net/minecraft/class_276
CLASS	com/mojang/blaze3d/pipeline/TextureTarget	net/minecraft/class_6367
CLASS	com/mojang/blaze3d/pipeline/package-info	net/minecraft/class_6183
CLASS	com/mojang/blaze3d/platform/ClientShutdownWatchdog	net/minecraft/class_9918
CLASS	com/mojang/blaze3d/platform/ClipboardManager	net/minecraft/class_3674
CLASS	com/mojang/blaze3d/platform/DebugMemoryUntracker	net/minecraft/class_301
CLASS	com/mojang/blaze3d/platform/DisplayData	net/minecraft/class_543
CLASS	com/mojang/blaze3d/platform/FramerateLimitTracker	net/minecraft/class_9919
CLASS	com/mojang/blaze3d/platform/FramerateLimitTracker$FramerateThrottleReason	net/minecraft/class_9919$class_10601
CLASS	com/mojang/blaze3d/platform/IconSet	net/minecraft/class_8518
CLASS	com/mojang/blaze3d/platform/InputConstants	net/minecraft/class_3675
CLASS	com/mojang/blaze3d/platform/InputConstants$Key	net/minecraft/class_3675$class_306
CLASS	com/mojang/blaze3d/platform/InputConstants$Type	net/minecraft/class_3675$class_307
CLASS	com/mojang/blaze3d/platform/InputConstants$Value	net/minecraft/class_3675$class_12135
CLASS	com/mojang/blaze3d/platform/Lighting	net/minecraft/class_308
CLASS	com/mojang/blaze3d/platform/Lighting$1	net/minecraft/class_308$1
CLASS	com/mojang/blaze3d/platform/Lighting$Entry	net/minecraft/class_308$class_11274
CLASS	com/mojang/blaze3d/platform/MacosUtil	net/minecraft/class_6417
CLASS	com/mojang/blaze3d/platform/Monitor	net/minecraft/class_313
CLASS	com/mojang/blaze3d/platform/MonitorCreator	net/minecraft/class_3676
CLASS	com/mojang/blaze3d/platform/NativeImage	net/minecraft/class_1011
CLASS	com/mojang/blaze3d/platform/NativeImage$Format	net/minecraft/class_1011$class_1012
CLASS	com/mojang/blaze3d/platform/NativeImage$WriteCallback	net/minecraft/class_1011$class_1014
CLASS	com/mojang/blaze3d/platform/ScreenManager	net/minecraft/class_323
CLASS	com/mojang/blaze3d/platform/VideoMode	net/minecraft/class_319
CLASS	com/mojang/blaze3d/platform/Window	net/minecraft/class_1041
CLASS	com/mojang/blaze3d/platform/Window$WindowInitFailed	net/minecraft/class_1041$class_4716
CLASS	com/mojang/blaze3d/platform/WindowEventHandler	net/minecraft/class_3678
CLASS	com/mojang/blaze3d/platform/cursor/CursorType	net/minecraft/class_11875
CLASS	com/mojang/blaze3d/platform/cursor/CursorTypes	net/minecraft/class_11876
CLASS	com/mojang/blaze3d/platform/cursor/package-info	net/minecraft/class_11877
CLASS	com/mojang/blaze3d/platform/package-info	net/minecraft/class_6185
CLASS	com/mojang/blaze3d/preprocessor/GlslPreprocessor	net/minecraft/class_5913
CLASS	com/mojang/blaze3d/preprocessor/GlslPreprocessor$Context	net/minecraft/class_5913$class_5914
CLASS	com/mojang/blaze3d/preprocessor/package-info	net/minecraft/class_6186
CLASS	com/mojang/blaze3d/resource/CrossFrameResourcePool	net/minecraft/class_9920
CLASS	com/mojang/blaze3d/resource/CrossFrameResourcePool$ResourceEntry	net/minecraft/class_9920$class_9921
CLASS	com/mojang/blaze3d/resource/GraphicsResourceAllocator	net/minecraft/class_9922
CLASS	com/mojang/blaze3d/resource/GraphicsResourceAllocator$1	net/minecraft/class_9922$1
CLASS	com/mojang/blaze3d/resource/RenderTargetDescriptor	net/minecraft/class_9923
CLASS	com/mojang/blaze3d/resource/ResourceDescriptor	net/minecraft/class_9924
CLASS	com/mojang/blaze3d/resource/ResourceHandle	net/minecraft/class_9925
CLASS	com/mojang/blaze3d/resource/package-info	net/minecraft/class_9926
CLASS	com/mojang/blaze3d/shaders/ShaderSource	net/minecraft/class_12289
CLASS	com/mojang/blaze3d/shaders/UniformType	net/minecraft/class_10789
CLASS	com/mojang/blaze3d/shaders/package-info	net/minecraft/class_6187
CLASS	com/mojang/blaze3d/systems/SamplerCache	net/minecraft/class_12136
CLASS	com/mojang/blaze3d/systems/ScissorState	net/minecraft/class_11219
CLASS	com/mojang/blaze3d/systems/TimerQuery	net/minecraft/class_7168
CLASS	com/mojang/blaze3d/systems/TimerQuery$FrameProfile	net/minecraft/class_7168$class_7169
CLASS	com/mojang/blaze3d/systems/TimerQuery$TimerQueryLazyLoader	net/minecraft/class_7168$class_7170
CLASS	com/mojang/blaze3d/systems/package-info	net/minecraft/class_6188
CLASS	com/mojang/blaze3d/textures/GpuSampler	net/minecraft/class_12137
CLASS	com/mojang/blaze3d/textures/package-info	net/minecraft/class_10794
CLASS	com/mojang/blaze3d/vertex/BufferBuilder	net/minecraft/class_287
CLASS	com/mojang/blaze3d/vertex/ByteBufferBuilder	net/minecraft/class_9799
CLASS	com/mojang/blaze3d/vertex/ByteBufferBuilder$Result	net/minecraft/class_9799$class_9800
CLASS	com/mojang/blaze3d/vertex/CompactVectorArray	net/minecraft/class_11899
CLASS	com/mojang/blaze3d/vertex/DefaultVertexFormat	net/minecraft/class_290
CLASS	com/mojang/blaze3d/vertex/MeshData	net/minecraft/class_9801
CLASS	com/mojang/blaze3d/vertex/MeshData$1	net/minecraft/class_9801$1
CLASS	com/mojang/blaze3d/vertex/MeshData$DrawState	net/minecraft/class_9801$class_4574
CLASS	com/mojang/blaze3d/vertex/MeshData$SortState	net/minecraft/class_9801$class_9802
CLASS	com/mojang/blaze3d/vertex/PoseStack	net/minecraft/class_4587
CLASS	com/mojang/blaze3d/vertex/PoseStack$Pose	net/minecraft/class_4587$class_4665
CLASS	com/mojang/blaze3d/vertex/SheetedDecalTextureGenerator	net/minecraft/class_4583
CLASS	com/mojang/blaze3d/vertex/Tesselator	net/minecraft/class_289
CLASS	com/mojang/blaze3d/vertex/VertexConsumer	net/minecraft/class_4588
CLASS	com/mojang/blaze3d/vertex/VertexMultiConsumer	net/minecraft/class_4720
CLASS	com/mojang/blaze3d/vertex/VertexMultiConsumer$Double	net/minecraft/class_4720$class_4589
CLASS	com/mojang/blaze3d/vertex/VertexMultiConsumer$Multiple	net/minecraft/class_4720$class_6189
CLASS	com/mojang/blaze3d/vertex/VertexSorting	net/minecraft/class_8251
CLASS	com/mojang/blaze3d/vertex/VertexSorting$DistanceFunction	net/minecraft/class_8251$class_8252
CLASS	com/mojang/blaze3d/vertex/package-info	net/minecraft/class_6190
CLASS	com/mojang/math/Axis	net/minecraft/class_7833
CLASS	com/mojang/math/Constants	net/minecraft/class_5973
CLASS	com/mojang/math/Divisor	net/minecraft/class_7836
CLASS	com/mojang/math/GivensParameters	net/minecraft/class_8218
CLASS	com/mojang/math/MatrixUtil	net/minecraft/class_7837
CLASS	com/mojang/math/OctahedralGroup	net/minecraft/class_4990
CLASS	com/mojang/math/OctahedralGroup$1	net/minecraft/class_4990$1
CLASS	com/mojang/math/Quadrant	net/minecraft/class_10821
CLASS	com/mojang/math/SymmetricGroup3	net/minecraft/class_4998
CLASS	com/mojang/math/Transformation	net/minecraft/class_4590
CLASS	com/mojang/math/package-info	net/minecraft/class_6305
CLASS	com/mojang/realmsclient/RealmsAvailability	net/minecraft/class_8647
CLASS	com/mojang/realmsclient/RealmsAvailability$Result	net/minecraft/class_8647$class_8648
CLASS	com/mojang/realmsclient/RealmsAvailability$Type	net/minecraft/class_8647$class_8649
CLASS	com/mojang/realmsclient/RealmsMainScreen	net/minecraft/class_4325
CLASS	com/mojang/realmsclient/RealmsMainScreen$1	net/minecraft/class_4325$1
CLASS	com/mojang/realmsclient/RealmsMainScreen$2	net/minecraft/class_4325$2
CLASS	com/mojang/realmsclient/RealmsMainScreen$AvailableSnapshotEntry	net/minecraft/class_4325$class_8840
CLASS	com/mojang/realmsclient/RealmsMainScreen$CrossButton	net/minecraft/class_4325$class_8201
CLASS	com/mojang/realmsclient/RealmsMainScreen$Entry	net/minecraft/class_4325$class_4866
CLASS	com/mojang/realmsclient/RealmsMainScreen$LayoutState	net/minecraft/class_4325$class_8650
CLASS	com/mojang/realmsclient/RealmsMainScreen$NotificationButton	net/minecraft/class_4325$class_8651
CLASS	com/mojang/realmsclient/RealmsMainScreen$NotificationMessageEntry	net/minecraft/class_4325$class_8202
CLASS	com/mojang/realmsclient/RealmsMainScreen$ParentEntry	net/minecraft/class_4325$class_8841
CLASS	com/mojang/realmsclient/RealmsMainScreen$RealmSelectionList	net/minecraft/class_4325$class_4329
CLASS	com/mojang/realmsclient/RealmsMainScreen$RealmsCall	net/minecraft/class_4325$class_8203
CLASS	com/mojang/realmsclient/RealmsMainScreen$ServerEntry	net/minecraft/class_4325$class_4330
CLASS	com/mojang/realmsclient/Unit	net/minecraft/class_4428
CLASS	com/mojang/realmsclient/client/FileDownload	net/minecraft/class_4333
CLASS	com/mojang/realmsclient/client/FileDownload$DownloadCountingOutputStream	net/minecraft/class_4333$class_4334
CLASS	com/mojang/realmsclient/client/FileUpload	net/minecraft/class_4337
CLASS	com/mojang/realmsclient/client/FileUpload$UploadCountingInputStream	net/minecraft/class_4337$class_12290
CLASS	com/mojang/realmsclient/client/Ping	net/minecraft/class_4339
CLASS	com/mojang/realmsclient/client/Ping$Region	net/minecraft/class_4339$class_4340
CLASS	com/mojang/realmsclient/client/RealmsClient	net/minecraft/class_4341
CLASS	com/mojang/realmsclient/client/RealmsClient$CompatibleVersionResponse	net/minecraft/class_4341$class_4342
CLASS	com/mojang/realmsclient/client/RealmsClient$Environment	net/minecraft/class_4341$class_4343
CLASS	com/mojang/realmsclient/client/RealmsClientConfig	net/minecraft/class_4344
CLASS	com/mojang/realmsclient/client/RealmsError	net/minecraft/class_4345
CLASS	com/mojang/realmsclient/client/RealmsError$AuthenticationError	net/minecraft/class_4345$class_8652
CLASS	com/mojang/realmsclient/client/RealmsError$CustomError	net/minecraft/class_4345$class_8653
CLASS	com/mojang/realmsclient/client/RealmsError$ErrorWithJsonPayload	net/minecraft/class_4345$class_8654
CLASS	com/mojang/realmsclient/client/RealmsError$ErrorWithRawPayload	net/minecraft/class_4345$class_8655
CLASS	com/mojang/realmsclient/client/Request	net/minecraft/class_4346
CLASS	com/mojang/realmsclient/client/Request$Delete	net/minecraft/class_4346$class_4347
CLASS	com/mojang/realmsclient/client/Request$Get	net/minecraft/class_4346$class_4348
CLASS	com/mojang/realmsclient/client/Request$Post	net/minecraft/class_4346$class_4349
CLASS	com/mojang/realmsclient/client/Request$Put	net/minecraft/class_4346$class_4350
CLASS	com/mojang/realmsclient/client/UploadStatus	net/minecraft/class_4351
CLASS	com/mojang/realmsclient/client/package-info	net/minecraft/class_6191
CLASS	com/mojang/realmsclient/client/worldupload/RealmsCreateWorldFlow	net/minecraft/class_10231
CLASS	com/mojang/realmsclient/client/worldupload/RealmsUploadCanceledException	net/minecraft/class_10232
CLASS	com/mojang/realmsclient/client/worldupload/RealmsUploadException	net/minecraft/class_10233
CLASS	com/mojang/realmsclient/client/worldupload/RealmsUploadFailedException	net/minecraft/class_10234
CLASS	com/mojang/realmsclient/client/worldupload/RealmsUploadTooLargeException	net/minecraft/class_10235
CLASS	com/mojang/realmsclient/client/worldupload/RealmsUploadWorldNotClosedException	net/minecraft/class_10236
CLASS	com/mojang/realmsclient/client/worldupload/RealmsUploadWorldPacker	net/minecraft/class_10237
CLASS	com/mojang/realmsclient/client/worldupload/RealmsWorldUpload	net/minecraft/class_10238
CLASS	com/mojang/realmsclient/client/worldupload/RealmsWorldUploadStatusTracker	net/minecraft/class_10239
CLASS	com/mojang/realmsclient/client/worldupload/RealmsWorldUploadStatusTracker$1	net/minecraft/class_10239$1
CLASS	com/mojang/realmsclient/client/worldupload/package-info	net/minecraft/class_10240
CLASS	com/mojang/realmsclient/dto/Backup	net/minecraft/class_4867
CLASS	com/mojang/realmsclient/dto/BackupList	net/minecraft/class_4868
CLASS	com/mojang/realmsclient/dto/Exclude	net/minecraft/class_11300
CLASS	com/mojang/realmsclient/dto/GuardedSerializer	net/minecraft/class_4869
CLASS	com/mojang/realmsclient/dto/GuardedSerializer$1	net/minecraft/class_4869$1
CLASS	com/mojang/realmsclient/dto/Ops	net/minecraft/class_4870
CLASS	com/mojang/realmsclient/dto/OutboundPlayer	net/minecraft/class_12138
CLASS	com/mojang/realmsclient/dto/PendingInvite	net/minecraft/class_4871
CLASS	com/mojang/realmsclient/dto/PendingInvitesList	net/minecraft/class_4872
CLASS	com/mojang/realmsclient/dto/PingResult	net/minecraft/class_4873
CLASS	com/mojang/realmsclient/dto/PlayerInfo	net/minecraft/class_4874
CLASS	com/mojang/realmsclient/dto/PreferredRegionsDto	net/minecraft/class_11301
CLASS	com/mojang/realmsclient/dto/RealmsConfigurationDto	net/minecraft/class_11302
CLASS	com/mojang/realmsclient/dto/RealmsDescriptionDto	net/minecraft/class_4875
CLASS	com/mojang/realmsclient/dto/RealmsJoinInformation	net/minecraft/class_11459
CLASS	com/mojang/realmsclient/dto/RealmsJoinInformation$RegionData	net/minecraft/class_11459$class_11460
CLASS	com/mojang/realmsclient/dto/RealmsNews	net/minecraft/class_4876
CLASS	com/mojang/realmsclient/dto/RealmsNotification	net/minecraft/class_8204
CLASS	com/mojang/realmsclient/dto/RealmsNotification$InfoPopup	net/minecraft/class_8204$class_8814
CLASS	com/mojang/realmsclient/dto/RealmsNotification$UrlButton	net/minecraft/class_8204$class_8815
CLASS	com/mojang/realmsclient/dto/RealmsNotification$VisitUrl	net/minecraft/class_8204$class_8205
CLASS	com/mojang/realmsclient/dto/RealmsRegion	net/minecraft/class_11303
CLASS	com/mojang/realmsclient/dto/RealmsRegion$RealmsRegionJsonAdapter	net/minecraft/class_11303$class_11304
CLASS	com/mojang/realmsclient/dto/RealmsServer	net/minecraft/class_4877
CLASS	com/mojang/realmsclient/dto/RealmsServer$Compatibility	net/minecraft/class_4877$class_8842
CLASS	com/mojang/realmsclient/dto/RealmsServer$McoServerComparator	net/minecraft/class_4877$class_4319
CLASS	com/mojang/realmsclient/dto/RealmsServer$State	net/minecraft/class_4877$class_4320
CLASS	com/mojang/realmsclient/dto/RealmsServer$WorldType	net/minecraft/class_4877$class_4321
CLASS	com/mojang/realmsclient/dto/RealmsServerList	net/minecraft/class_4879
CLASS	com/mojang/realmsclient/dto/RealmsServerPlayerLists	net/minecraft/class_4881
CLASS	com/mojang/realmsclient/dto/RealmsSetting	net/minecraft/class_11305
CLASS	com/mojang/realmsclient/dto/RealmsSlot	net/minecraft/class_11306
CLASS	com/mojang/realmsclient/dto/RealmsSlot$RealmsWorldOptionsJsonAdapter	net/minecraft/class_11306$class_11307
CLASS	com/mojang/realmsclient/dto/RealmsSlotUpdateDto	net/minecraft/class_11308
CLASS	com/mojang/realmsclient/dto/RealmsText	net/minecraft/class_8206
CLASS	com/mojang/realmsclient/dto/RealmsWorldOptions	net/minecraft/class_4883
CLASS	com/mojang/realmsclient/dto/RealmsWorldResetDto	net/minecraft/class_4884
CLASS	com/mojang/realmsclient/dto/ReflectionBasedSerialization	net/minecraft/class_4885
CLASS	com/mojang/realmsclient/dto/RegionDataDto	net/minecraft/class_11309
CLASS	com/mojang/realmsclient/dto/RegionPingResult	net/minecraft/class_4886
CLASS	com/mojang/realmsclient/dto/RegionSelectionPreference	net/minecraft/class_11311
CLASS	com/mojang/realmsclient/dto/RegionSelectionPreference$RegionSelectionPreferenceJsonAdapter	net/minecraft/class_11311$class_11312
CLASS	com/mojang/realmsclient/dto/RegionSelectionPreferenceDto	net/minecraft/class_11310
CLASS	com/mojang/realmsclient/dto/ServiceQuality	net/minecraft/class_11313
CLASS	com/mojang/realmsclient/dto/ServiceQuality$RealmsServiceQualityJsonAdapter	net/minecraft/class_11313$class_11314
CLASS	com/mojang/realmsclient/dto/Subscription	net/minecraft/class_4887
CLASS	com/mojang/realmsclient/dto/Subscription$SubscriptionType	net/minecraft/class_4887$class_4322
CLASS	com/mojang/realmsclient/dto/UploadInfo	net/minecraft/class_4888
CLASS	com/mojang/realmsclient/dto/ValueObject	net/minecraft/class_4352
CLASS	com/mojang/realmsclient/dto/WorldDownload	net/minecraft/class_4889
CLASS	com/mojang/realmsclient/dto/WorldTemplate	net/minecraft/class_4890
CLASS	com/mojang/realmsclient/dto/WorldTemplate$WorldTemplateType	net/minecraft/class_4890$class_4323
CLASS	com/mojang/realmsclient/dto/WorldTemplatePaginatedList	net/minecraft/class_4891
CLASS	com/mojang/realmsclient/dto/package-info	net/minecraft/class_6194
CLASS	com/mojang/realmsclient/exception/RealmsDefaultUncaughtExceptionHandler	net/minecraft/class_4353
CLASS	com/mojang/realmsclient/exception/RealmsHttpException	net/minecraft/class_4354
CLASS	com/mojang/realmsclient/exception/RealmsServiceException	net/minecraft/class_4355
CLASS	com/mojang/realmsclient/exception/RetryCallException	net/minecraft/class_4356
CLASS	com/mojang/realmsclient/exception/package-info	net/minecraft/class_6195
CLASS	com/mojang/realmsclient/gui/RealmsDataFetcher	net/minecraft/class_7578
CLASS	com/mojang/realmsclient/gui/RealmsDataFetcher$ServerListData	net/minecraft/class_7578$class_8843
CLASS	com/mojang/realmsclient/gui/RealmsNewsManager	net/minecraft/class_7579
CLASS	com/mojang/realmsclient/gui/RealmsServerList	net/minecraft/class_7580
CLASS	com/mojang/realmsclient/gui/RealmsWorldSlotButton	net/minecraft/class_4367
CLASS	com/mojang/realmsclient/gui/RealmsWorldSlotButton$Action	net/minecraft/class_4367$class_4368
CLASS	com/mojang/realmsclient/gui/RealmsWorldSlotButton$State	net/minecraft/class_4367$class_4370
CLASS	com/mojang/realmsclient/gui/package-info	net/minecraft/class_6196
CLASS	com/mojang/realmsclient/gui/screens/AddRealmPopupScreen	net/minecraft/class_8656
CLASS	com/mojang/realmsclient/gui/screens/RealmsBrokenWorldScreen	net/minecraft/class_4384
CLASS	com/mojang/realmsclient/gui/screens/RealmsClientOutdatedScreen	net/minecraft/class_4387
CLASS	com/mojang/realmsclient/gui/screens/RealmsConfirmScreen	net/minecraft/class_4389
CLASS	com/mojang/realmsclient/gui/screens/RealmsCreateRealmScreen	net/minecraft/class_4390
CLASS	com/mojang/realmsclient/gui/screens/RealmsDownloadLatestWorldScreen	net/minecraft/class_4392
CLASS	com/mojang/realmsclient/gui/screens/RealmsDownloadLatestWorldScreen$DownloadStatus	net/minecraft/class_4392$class_4393
CLASS	com/mojang/realmsclient/gui/screens/RealmsGenericErrorScreen	net/minecraft/class_4394
CLASS	com/mojang/realmsclient/gui/screens/RealmsGenericErrorScreen$ErrorMessage	net/minecraft/class_4394$class_8570
CLASS	com/mojang/realmsclient/gui/screens/RealmsLongRunningMcoConnectTaskScreen	net/minecraft/class_11461
CLASS	com/mojang/realmsclient/gui/screens/RealmsLongRunningMcoTaskScreen	net/minecraft/class_4398
CLASS	com/mojang/realmsclient/gui/screens/RealmsNotificationsScreen	net/minecraft/class_4399
CLASS	com/mojang/realmsclient/gui/screens/RealmsNotificationsScreen$1	net/minecraft/class_4399$1
CLASS	com/mojang/realmsclient/gui/screens/RealmsNotificationsScreen$2	net/minecraft/class_4399$2
CLASS	com/mojang/realmsclient/gui/screens/RealmsNotificationsScreen$DataFetcherConfiguration	net/minecraft/class_4399$class_8207
CLASS	com/mojang/realmsclient/gui/screens/RealmsParentalConsentScreen	net/minecraft/class_4400
CLASS	com/mojang/realmsclient/gui/screens/RealmsPendingInvitesScreen	net/minecraft/class_4401
CLASS	com/mojang/realmsclient/gui/screens/RealmsPendingInvitesScreen$Entry	net/minecraft/class_4401$class_4403
CLASS	com/mojang/realmsclient/gui/screens/RealmsPendingInvitesScreen$PendingInvitationSelectionList	net/minecraft/class_4401$class_4402
CLASS	com/mojang/realmsclient/gui/screens/RealmsPopups	net/minecraft/class_9754
CLASS	com/mojang/realmsclient/gui/screens/RealmsResetWorldScreen	net/minecraft/class_4410
CLASS	com/mojang/realmsclient/gui/screens/RealmsResetWorldScreen$1	net/minecraft/class_4410$1
CLASS	com/mojang/realmsclient/gui/screens/RealmsResetWorldScreen$FrameButton	net/minecraft/class_4410$class_4411
CLASS	com/mojang/realmsclient/gui/screens/RealmsSelectFileToUploadScreen	net/minecraft/class_4416
CLASS	com/mojang/realmsclient/gui/screens/RealmsSelectWorldTemplateScreen	net/minecraft/class_4419
CLASS	com/mojang/realmsclient/gui/screens/RealmsSelectWorldTemplateScreen$1	net/minecraft/class_4419$1
CLASS	com/mojang/realmsclient/gui/screens/RealmsSelectWorldTemplateScreen$Entry	net/minecraft/class_4419$class_4421
CLASS	com/mojang/realmsclient/gui/screens/RealmsSelectWorldTemplateScreen$WorldTemplateList	net/minecraft/class_4419$class_4420
CLASS	com/mojang/realmsclient/gui/screens/RealmsTermsScreen	net/minecraft/class_4426
CLASS	com/mojang/realmsclient/gui/screens/RealmsUploadScreen	net/minecraft/class_4427
CLASS	com/mojang/realmsclient/gui/screens/UploadResult	net/minecraft/class_4429
CLASS	com/mojang/realmsclient/gui/screens/UploadResult$Builder	net/minecraft/class_4429$class_4430
CLASS	com/mojang/realmsclient/gui/screens/configuration/RealmsBackupInfoScreen	net/minecraft/class_4379
CLASS	com/mojang/realmsclient/gui/screens/configuration/RealmsBackupInfoScreen$BackupInfoList	net/minecraft/class_4379$class_4380
CLASS	com/mojang/realmsclient/gui/screens/configuration/RealmsBackupInfoScreen$BackupInfoListEntry	net/minecraft/class_4379$class_5344
CLASS	com/mojang/realmsclient/gui/screens/configuration/RealmsBackupScreen	net/minecraft/class_4381
CLASS	com/mojang/realmsclient/gui/screens/configuration/RealmsBackupScreen$1	net/minecraft/class_4381$1
CLASS	com/mojang/realmsclient/gui/screens/configuration/RealmsBackupScreen$BackupObjectSelectionList	net/minecraft/class_4381$class_4382
CLASS	com/mojang/realmsclient/gui/screens/configuration/RealmsBackupScreen$Entry	net/minecraft/class_4381$class_4383
CLASS	com/mojang/realmsclient/gui/screens/configuration/RealmsConfigurationTab	net/minecraft/class_11315
CLASS	com/mojang/realmsclient/gui/screens/configuration/RealmsConfigureWorldScreen	net/minecraft/class_4388
CLASS	com/mojang/realmsclient/gui/screens/configuration/RealmsInviteScreen	net/minecraft/class_4395
CLASS	com/mojang/realmsclient/gui/screens/configuration/RealmsPlayersTab	net/minecraft/class_4406
CLASS	com/mojang/realmsclient/gui/screens/configuration/RealmsPlayersTab$Entry	net/minecraft/class_4406$class_11761
CLASS	com/mojang/realmsclient/gui/screens/configuration/RealmsPlayersTab$HeaderEntry	net/minecraft/class_4406$class_11762
CLASS	com/mojang/realmsclient/gui/screens/configuration/RealmsPlayersTab$InvitedObjectSelectionList	net/minecraft/class_4406$class_4407
CLASS	com/mojang/realmsclient/gui/screens/configuration/RealmsPlayersTab$PlayerEntry	net/minecraft/class_4406$class_4408
CLASS	com/mojang/realmsclient/gui/screens/configuration/RealmsPreferredRegionSelectionScreen	net/minecraft/class_11316
CLASS	com/mojang/realmsclient/gui/screens/configuration/RealmsPreferredRegionSelectionScreen$RegionSelectionList	net/minecraft/class_11316$class_11317
CLASS	com/mojang/realmsclient/gui/screens/configuration/RealmsPreferredRegionSelectionScreen$RegionSelectionList$Entry	net/minecraft/class_11316$class_11317$class_11318
CLASS	com/mojang/realmsclient/gui/screens/configuration/RealmsSettingsTab	net/minecraft/class_11319
CLASS	com/mojang/realmsclient/gui/screens/configuration/RealmsSettingsTab$RegionSelection	net/minecraft/class_11319$class_11320
CLASS	com/mojang/realmsclient/gui/screens/configuration/RealmsSlotOptionsScreen	net/minecraft/class_4423
CLASS	com/mojang/realmsclient/gui/screens/configuration/RealmsSlotOptionsScreen$SettingsSlider	net/minecraft/class_4423$class_4424
CLASS	com/mojang/realmsclient/gui/screens/configuration/RealmsSubscriptionTab	net/minecraft/class_4425
CLASS	com/mojang/realmsclient/gui/screens/configuration/RealmsWorldsTab	net/minecraft/class_11321
CLASS	com/mojang/realmsclient/gui/screens/configuration/RealmsWorldsTab$1	net/minecraft/class_11321$1
CLASS	com/mojang/realmsclient/gui/screens/configuration/package-info	net/minecraft/class_11322
CLASS	com/mojang/realmsclient/gui/screens/package-info	net/minecraft/class_6197
CLASS	com/mojang/realmsclient/gui/task/DataFetcher	net/minecraft/class_7581
CLASS	com/mojang/realmsclient/gui/task/DataFetcher$ComputationResult	net/minecraft/class_7581$class_7582
CLASS	com/mojang/realmsclient/gui/task/DataFetcher$SubscribedTask	net/minecraft/class_7581$class_7583
CLASS	com/mojang/realmsclient/gui/task/DataFetcher$Subscription	net/minecraft/class_7581$class_7584
CLASS	com/mojang/realmsclient/gui/task/DataFetcher$SuccessfulComputationResult	net/minecraft/class_7581$class_7585
CLASS	com/mojang/realmsclient/gui/task/DataFetcher$Task	net/minecraft/class_7581$class_7586
CLASS	com/mojang/realmsclient/gui/task/RepeatedDelayStrategy	net/minecraft/class_7587
CLASS	com/mojang/realmsclient/gui/task/RepeatedDelayStrategy$1	net/minecraft/class_7587$1
CLASS	com/mojang/realmsclient/gui/task/RepeatedDelayStrategy$2	net/minecraft/class_7587$2
CLASS	com/mojang/realmsclient/gui/task/package-info	net/minecraft/class_6198
CLASS	com/mojang/realmsclient/package-info	net/minecraft/class_6199
CLASS	com/mojang/realmsclient/util/JsonUtils	net/minecraft/class_4431
CLASS	com/mojang/realmsclient/util/RealmsPersistence	net/minecraft/class_4432
CLASS	com/mojang/realmsclient/util/RealmsPersistence$RealmsPersistenceData	net/minecraft/class_4432$class_4433
CLASS	com/mojang/realmsclient/util/RealmsTextureManager	net/minecraft/class_4446
CLASS	com/mojang/realmsclient/util/RealmsTextureManager$RealmsTexture	net/minecraft/class_4446$class_4447
CLASS	com/mojang/realmsclient/util/RealmsUtil	net/minecraft/class_4448
CLASS	com/mojang/realmsclient/util/RealmsUtil$RealmsIoConsumer	net/minecraft/class_4448$class_11538
CLASS	com/mojang/realmsclient/util/RealmsUtil$RealmsIoFunction	net/minecraft/class_4448$class_11539
CLASS	com/mojang/realmsclient/util/TextRenderingUtils	net/minecraft/class_4450
CLASS	com/mojang/realmsclient/util/TextRenderingUtils$Line	net/minecraft/class_4450$class_4451
CLASS	com/mojang/realmsclient/util/TextRenderingUtils$LineSegment	net/minecraft/class_4450$class_4452
CLASS	com/mojang/realmsclient/util/UploadTokenCache	net/minecraft/class_4453
CLASS	com/mojang/realmsclient/util/package-info	net/minecraft/class_6200
CLASS	com/mojang/realmsclient/util/task/CloseServerTask	net/minecraft/class_4435
CLASS	com/mojang/realmsclient/util/task/ConnectTask	net/minecraft/class_4438
CLASS	com/mojang/realmsclient/util/task/DownloadTask	net/minecraft/class_4436
CLASS	com/mojang/realmsclient/util/task/GetServerDetailsTask	net/minecraft/class_4439
CLASS	com/mojang/realmsclient/util/task/LongRunningTask	net/minecraft/class_4358
CLASS	com/mojang/realmsclient/util/task/OpenServerTask	net/minecraft/class_4437
CLASS	com/mojang/realmsclient/util/task/RealmCreationTask	net/minecraft/class_4445
CLASS	com/mojang/realmsclient/util/task/ResettingTemplateWorldTask	net/minecraft/class_5674
CLASS	com/mojang/realmsclient/util/task/ResettingWorldTask	net/minecraft/class_4440
CLASS	com/mojang/realmsclient/util/task/RestoreTask	net/minecraft/class_4441
CLASS	com/mojang/realmsclient/util/task/SwitchMinigameTask	net/minecraft/class_4442
CLASS	com/mojang/realmsclient/util/task/SwitchSlotTask	net/minecraft/class_4443
CLASS	com/mojang/realmsclient/util/task/package-info	net/minecraft/class_6201
CLASS	net/minecraft/CharPredicate	net/minecraft/class_5462
CLASS	net/minecraft/ChatFormatting	net/minecraft/class_124
CLASS	net/minecraft/CrashReport	net/minecraft/class_128
CLASS	net/minecraft/CrashReportCategory	net/minecraft/class_129
CLASS	net/minecraft/CrashReportCategory$Entry	net/minecraft/class_129$class_130
CLASS	net/minecraft/CrashReportDetail	net/minecraft/class_133
CLASS	net/minecraft/DefaultUncaughtExceptionHandler	net/minecraft/class_140
CLASS	net/minecraft/DefaultUncaughtExceptionHandlerWithName	net/minecraft/class_143
CLASS	net/minecraft/DetectedVersion	net/minecraft/class_3797
CLASS	net/minecraft/IdentifierException	net/minecraft/class_151
CLASS	net/minecraft/Optionull	net/minecraft/class_8144
CLASS	net/minecraft/ReportType	net/minecraft/class_9813
CLASS	net/minecraft/ReportedException	net/minecraft/class_148
CLASS	net/minecraft/SharedConstants	net/minecraft/class_155
CLASS	net/minecraft/SuppressForbidden	net/minecraft/class_10386
CLASS	net/minecraft/SystemReport	net/minecraft/class_6396
CLASS	net/minecraft/TracingExecutor	net/minecraft/class_10207
CLASS	net/minecraft/WorldVersion	net/minecraft/class_6489
CLASS	net/minecraft/WorldVersion$1	net/minecraft/class_6489$1
CLASS	net/minecraft/WorldVersion$Simple	net/minecraft/class_6489$class_11175
CLASS	net/minecraft/advancements/Advancement	net/minecraft/class_161
CLASS	net/minecraft/advancements/Advancement$Builder	net/minecraft/class_161$class_162
CLASS	net/minecraft/advancements/AdvancementHolder	net/minecraft/class_8779
CLASS	net/minecraft/advancements/AdvancementNode	net/minecraft/class_8781
CLASS	net/minecraft/advancements/AdvancementProgress	net/minecraft/class_167
CLASS	net/minecraft/advancements/AdvancementRequirements	net/minecraft/class_8782
CLASS	net/minecraft/advancements/AdvancementRequirements$Strategy	net/minecraft/class_8782$class_8797
CLASS	net/minecraft/advancements/AdvancementRewards	net/minecraft/class_170
CLASS	net/minecraft/advancements/AdvancementRewards$Builder	net/minecraft/class_170$class_171
CLASS	net/minecraft/advancements/AdvancementTree	net/minecraft/class_163
CLASS	net/minecraft/advancements/AdvancementTree$Listener	net/minecraft/class_163$class_164
CLASS	net/minecraft/advancements/AdvancementType	net/minecraft/class_189
CLASS	net/minecraft/advancements/CriteriaTriggers	net/minecraft/class_174
CLASS	net/minecraft/advancements/Criterion	net/minecraft/class_175
CLASS	net/minecraft/advancements/CriterionProgress	net/minecraft/class_178
CLASS	net/minecraft/advancements/CriterionTrigger	net/minecraft/class_179
CLASS	net/minecraft/advancements/CriterionTrigger$Listener	net/minecraft/class_179$class_180
CLASS	net/minecraft/advancements/CriterionTriggerInstance	net/minecraft/class_184
CLASS	net/minecraft/advancements/DisplayInfo	net/minecraft/class_185
CLASS	net/minecraft/advancements/TreeNodePosition	net/minecraft/class_194
CLASS	net/minecraft/advancements/criterion/AnyBlockInteractionTrigger	net/minecraft/class_9104
CLASS	net/minecraft/advancements/criterion/AnyBlockInteractionTrigger$TriggerInstance	net/minecraft/class_9104$class_9105
CLASS	net/minecraft/advancements/criterion/BeeNestDestroyedTrigger	net/minecraft/class_4708
CLASS	net/minecraft/advancements/criterion/BeeNestDestroyedTrigger$TriggerInstance	net/minecraft/class_4708$class_4709
CLASS	net/minecraft/advancements/criterion/BlockPredicate	net/minecraft/class_4550
CLASS	net/minecraft/advancements/criterion/BlockPredicate$Builder	net/minecraft/class_4550$class_4710
CLASS	net/minecraft/advancements/criterion/BredAnimalsTrigger	net/minecraft/class_196
CLASS	net/minecraft/advancements/criterion/BredAnimalsTrigger$TriggerInstance	net/minecraft/class_196$class_198
CLASS	net/minecraft/advancements/criterion/BrewedPotionTrigger	net/minecraft/class_1996
CLASS	net/minecraft/advancements/criterion/BrewedPotionTrigger$TriggerInstance	net/minecraft/class_1996$class_1998
CLASS	net/minecraft/advancements/criterion/ChangeDimensionTrigger	net/minecraft/class_1999
CLASS	net/minecraft/advancements/criterion/ChangeDimensionTrigger$TriggerInstance	net/minecraft/class_1999$class_2001
CLASS	net/minecraft/advancements/criterion/ChanneledLightningTrigger	net/minecraft/class_2002
CLASS	net/minecraft/advancements/criterion/ChanneledLightningTrigger$TriggerInstance	net/minecraft/class_2002$class_2004
CLASS	net/minecraft/advancements/criterion/CollectionContentsPredicate	net/minecraft/class_9639
CLASS	net/minecraft/advancements/criterion/CollectionContentsPredicate$Multiple	net/minecraft/class_9639$class_9640
CLASS	net/minecraft/advancements/criterion/CollectionContentsPredicate$Single	net/minecraft/class_9639$class_9641
CLASS	net/minecraft/advancements/criterion/CollectionContentsPredicate$Zero	net/minecraft/class_9639$class_9642
CLASS	net/minecraft/advancements/criterion/CollectionCountsPredicate	net/minecraft/class_9643
CLASS	net/minecraft/advancements/criterion/CollectionCountsPredicate$Entry	net/minecraft/class_9643$class_9644
CLASS	net/minecraft/advancements/criterion/CollectionCountsPredicate$Multiple	net/minecraft/class_9643$class_9645
CLASS	net/minecraft/advancements/criterion/CollectionCountsPredicate$Single	net/minecraft/class_9643$class_9646
CLASS	net/minecraft/advancements/criterion/CollectionCountsPredicate$Zero	net/minecraft/class_9643$class_9647
CLASS	net/minecraft/advancements/criterion/CollectionPredicate	net/minecraft/class_9648
CLASS	net/minecraft/advancements/criterion/ConstructBeaconTrigger	net/minecraft/class_2006
CLASS	net/minecraft/advancements/criterion/ConstructBeaconTrigger$TriggerInstance	net/minecraft/class_2006$class_2008
CLASS	net/minecraft/advancements/criterion/ConsumeItemTrigger	net/minecraft/class_2010
CLASS	net/minecraft/advancements/criterion/ConsumeItemTrigger$TriggerInstance	net/minecraft/class_2010$class_2012
CLASS	net/minecraft/advancements/criterion/ContextAwarePredicate	net/minecraft/class_5258
CLASS	net/minecraft/advancements/criterion/CriterionValidator	net/minecraft/class_8944
CLASS	net/minecraft/advancements/criterion/CuredZombieVillagerTrigger	net/minecraft/class_2014
CLASS	net/minecraft/advancements/criterion/CuredZombieVillagerTrigger$TriggerInstance	net/minecraft/class_2014$class_2016
CLASS	net/minecraft/advancements/criterion/DamagePredicate	net/minecraft/class_2019
CLASS	net/minecraft/advancements/criterion/DamagePredicate$Builder	net/minecraft/class_2019$class_2020
CLASS	net/minecraft/advancements/criterion/DamageSourcePredicate	net/minecraft/class_2022
CLASS	net/minecraft/advancements/criterion/DamageSourcePredicate$Builder	net/minecraft/class_2022$class_2023
CLASS	net/minecraft/advancements/criterion/DataComponentMatchers	net/minecraft/class_10914
CLASS	net/minecraft/advancements/criterion/DataComponentMatchers$Builder	net/minecraft/class_10914$class_10915
CLASS	net/minecraft/advancements/criterion/DefaultBlockInteractionTrigger	net/minecraft/class_9107
CLASS	net/minecraft/advancements/criterion/DefaultBlockInteractionTrigger$TriggerInstance	net/minecraft/class_9107$class_9108
CLASS	net/minecraft/advancements/criterion/DistancePredicate	net/minecraft/class_2025
CLASS	net/minecraft/advancements/criterion/DistanceTrigger	net/minecraft/class_2108
CLASS	net/minecraft/advancements/criterion/DistanceTrigger$TriggerInstance	net/minecraft/class_2108$class_2110
CLASS	net/minecraft/advancements/criterion/EffectsChangedTrigger	net/minecraft/class_2027
CLASS	net/minecraft/advancements/criterion/EffectsChangedTrigger$TriggerInstance	net/minecraft/class_2027$class_2029
CLASS	net/minecraft/advancements/criterion/EnchantedItemTrigger	net/minecraft/class_2030
CLASS	net/minecraft/advancements/criterion/EnchantedItemTrigger$TriggerInstance	net/minecraft/class_2030$class_2032
CLASS	net/minecraft/advancements/criterion/EnchantmentPredicate	net/minecraft/class_2035
CLASS	net/minecraft/advancements/criterion/EnterBlockTrigger	net/minecraft/class_2037
CLASS	net/minecraft/advancements/criterion/EnterBlockTrigger$TriggerInstance	net/minecraft/class_2037$class_2039
CLASS	net/minecraft/advancements/criterion/EntityEquipmentPredicate	net/minecraft/class_3735
CLASS	net/minecraft/advancements/criterion/EntityEquipmentPredicate$Builder	net/minecraft/class_3735$class_5278
CLASS	net/minecraft/advancements/criterion/EntityFlagsPredicate	net/minecraft/class_2040
CLASS	net/minecraft/advancements/criterion/EntityFlagsPredicate$Builder	net/minecraft/class_2040$class_2041
CLASS	net/minecraft/advancements/criterion/EntityHurtPlayerTrigger	net/minecraft/class_2044
CLASS	net/minecraft/advancements/criterion/EntityHurtPlayerTrigger$TriggerInstance	net/minecraft/class_2044$class_2046
CLASS	net/minecraft/advancements/criterion/EntityPredicate	net/minecraft/class_2048
CLASS	net/minecraft/advancements/criterion/EntityPredicate$Builder	net/minecraft/class_2048$class_2049
CLASS	net/minecraft/advancements/criterion/EntityPredicate$LocationWrapper	net/minecraft/class_2048$class_9777
CLASS	net/minecraft/advancements/criterion/EntitySubPredicate	net/minecraft/class_7376
CLASS	net/minecraft/advancements/criterion/EntitySubPredicates	net/minecraft/class_7378
CLASS	net/minecraft/advancements/criterion/EntityTypePredicate	net/minecraft/class_2050
CLASS	net/minecraft/advancements/criterion/FallAfterExplosionTrigger	net/minecraft/class_9421
CLASS	net/minecraft/advancements/criterion/FallAfterExplosionTrigger$TriggerInstance	net/minecraft/class_9421$class_9422
CLASS	net/minecraft/advancements/criterion/FilledBucketTrigger	net/minecraft/class_2054
CLASS	net/minecraft/advancements/criterion/FilledBucketTrigger$TriggerInstance	net/minecraft/class_2054$class_2056
CLASS	net/minecraft/advancements/criterion/FishingHookPredicate	net/minecraft/class_4965
CLASS	net/minecraft/advancements/criterion/FishingRodHookedTrigger	net/minecraft/class_2058
CLASS	net/minecraft/advancements/criterion/FishingRodHookedTrigger$TriggerInstance	net/minecraft/class_2058$class_2060
CLASS	net/minecraft/advancements/criterion/FluidPredicate	net/minecraft/class_4551
CLASS	net/minecraft/advancements/criterion/FluidPredicate$Builder	net/minecraft/class_4551$class_6079
CLASS	net/minecraft/advancements/criterion/GameTypePredicate	net/minecraft/class_9789
CLASS	net/minecraft/advancements/criterion/ImpossibleTrigger	net/minecraft/class_2062
CLASS	net/minecraft/advancements/criterion/ImpossibleTrigger$TriggerInstance	net/minecraft/class_2062$class_2063
CLASS	net/minecraft/advancements/criterion/InputPredicate	net/minecraft/class_10184
CLASS	net/minecraft/advancements/criterion/InventoryChangeTrigger	net/minecraft/class_2066
CLASS	net/minecraft/advancements/criterion/InventoryChangeTrigger$TriggerInstance	net/minecraft/class_2066$class_2068
CLASS	net/minecraft/advancements/criterion/InventoryChangeTrigger$TriggerInstance$Slots	net/minecraft/class_2066$class_2068$class_8948
CLASS	net/minecraft/advancements/criterion/ItemDurabilityTrigger	net/minecraft/class_2069
CLASS	net/minecraft/advancements/criterion/ItemDurabilityTrigger$TriggerInstance	net/minecraft/class_2069$class_2071
CLASS	net/minecraft/advancements/criterion/ItemPredicate	net/minecraft/class_2073
CLASS	net/minecraft/advancements/criterion/ItemPredicate$Builder	net/minecraft/class_2073$class_2074
CLASS	net/minecraft/advancements/criterion/ItemUsedOnLocationTrigger	net/minecraft/class_4711
CLASS	net/minecraft/advancements/criterion/ItemUsedOnLocationTrigger$TriggerInstance	net/minecraft/class_4711$class_4712
CLASS	net/minecraft/advancements/criterion/KilledByArrowTrigger	net/minecraft/class_2076
CLASS	net/minecraft/advancements/criterion/KilledByArrowTrigger$TriggerInstance	net/minecraft/class_2076$class_2078
CLASS	net/minecraft/advancements/criterion/KilledTrigger	net/minecraft/class_2080
CLASS	net/minecraft/advancements/criterion/KilledTrigger$TriggerInstance	net/minecraft/class_2080$class_2083
CLASS	net/minecraft/advancements/criterion/LevitationTrigger	net/minecraft/class_2085
CLASS	net/minecraft/advancements/criterion/LevitationTrigger$TriggerInstance	net/minecraft/class_2085$class_2087
CLASS	net/minecraft/advancements/criterion/LightPredicate	net/minecraft/class_4552
CLASS	net/minecraft/advancements/criterion/LightPredicate$Builder	net/minecraft/class_4552$class_6087
CLASS	net/minecraft/advancements/criterion/LightningBoltPredicate	net/minecraft/class_6404
CLASS	net/minecraft/advancements/criterion/LightningStrikeTrigger	net/minecraft/class_6405
CLASS	net/minecraft/advancements/criterion/LightningStrikeTrigger$TriggerInstance	net/minecraft/class_6405$class_6406
CLASS	net/minecraft/advancements/criterion/LocationPredicate	net/minecraft/class_2090
CLASS	net/minecraft/advancements/criterion/LocationPredicate$Builder	net/minecraft/class_2090$class_2091
CLASS	net/minecraft/advancements/criterion/LocationPredicate$PositionPredicate	net/minecraft/class_2090$class_8747
CLASS	net/minecraft/advancements/criterion/LootTableTrigger	net/minecraft/class_5282
CLASS	net/minecraft/advancements/criterion/LootTableTrigger$TriggerInstance	net/minecraft/class_5282$class_5283
CLASS	net/minecraft/advancements/criterion/MinMaxBounds	net/minecraft/class_2096
CLASS	net/minecraft/advancements/criterion/MinMaxBounds$Bounds	net/minecraft/class_2096$class_11893
CLASS	net/minecraft/advancements/criterion/MinMaxBounds$Bounds$1	net/minecraft/class_2096$class_11893$1
CLASS	net/minecraft/advancements/criterion/MinMaxBounds$Doubles	net/minecraft/class_2096$class_2099
CLASS	net/minecraft/advancements/criterion/MinMaxBounds$FloatDegrees	net/minecraft/class_2096$class_11894
CLASS	net/minecraft/advancements/criterion/MinMaxBounds$Ints	net/minecraft/class_2096$class_2100
CLASS	net/minecraft/advancements/criterion/MobEffectsPredicate	net/minecraft/class_2102
CLASS	net/minecraft/advancements/criterion/MobEffectsPredicate$Builder	net/minecraft/class_2102$class_8748
CLASS	net/minecraft/advancements/criterion/MobEffectsPredicate$MobEffectInstancePredicate	net/minecraft/class_2102$class_2103
CLASS	net/minecraft/advancements/criterion/MovementPredicate	net/minecraft/class_9750
CLASS	net/minecraft/advancements/criterion/NbtPredicate	net/minecraft/class_2105
CLASS	net/minecraft/advancements/criterion/PickedUpItemTrigger	net/minecraft/class_5279
CLASS	net/minecraft/advancements/criterion/PickedUpItemTrigger$TriggerInstance	net/minecraft/class_5279$class_5280
CLASS	net/minecraft/advancements/criterion/PlayerHurtEntityTrigger	net/minecraft/class_2115
CLASS	net/minecraft/advancements/criterion/PlayerHurtEntityTrigger$TriggerInstance	net/minecraft/class_2115$class_2117
CLASS	net/minecraft/advancements/criterion/PlayerInteractTrigger	net/minecraft/class_5409
CLASS	net/minecraft/advancements/criterion/PlayerInteractTrigger$TriggerInstance	net/minecraft/class_5409$class_5410
CLASS	net/minecraft/advancements/criterion/PlayerPredicate	net/minecraft/class_4553
CLASS	net/minecraft/advancements/criterion/PlayerPredicate$AdvancementCriterionsPredicate	net/minecraft/class_4553$class_4554
CLASS	net/minecraft/advancements/criterion/PlayerPredicate$AdvancementDonePredicate	net/minecraft/class_4553$class_4555
CLASS	net/minecraft/advancements/criterion/PlayerPredicate$AdvancementPredicate	net/minecraft/class_4553$class_4556
CLASS	net/minecraft/advancements/criterion/PlayerPredicate$Builder	net/minecraft/class_4553$class_4557
CLASS	net/minecraft/advancements/criterion/PlayerPredicate$StatMatcher	net/minecraft/class_4553$class_8749
CLASS	net/minecraft/advancements/criterion/PlayerTrigger	net/minecraft/class_2135
CLASS	net/minecraft/advancements/criterion/PlayerTrigger$TriggerInstance	net/minecraft/class_2135$class_2137
CLASS	net/minecraft/advancements/criterion/RaiderPredicate	net/minecraft/class_9471
CLASS	net/minecraft/advancements/criterion/RecipeCraftedTrigger	net/minecraft/class_8508
CLASS	net/minecraft/advancements/criterion/RecipeCraftedTrigger$TriggerInstance	net/minecraft/class_8508$class_8509
CLASS	net/minecraft/advancements/criterion/RecipeUnlockedTrigger	net/minecraft/class_2119
CLASS	net/minecraft/advancements/criterion/RecipeUnlockedTrigger$TriggerInstance	net/minecraft/class_2119$class_2121
CLASS	net/minecraft/advancements/criterion/SheepPredicate	net/minecraft/class_10168
CLASS	net/minecraft/advancements/criterion/ShotCrossbowTrigger	net/minecraft/class_2123
CLASS	net/minecraft/advancements/criterion/ShotCrossbowTrigger$TriggerInstance	net/minecraft/class_2123$class_2125
CLASS	net/minecraft/advancements/criterion/SimpleCriterionTrigger	net/minecraft/class_4558
CLASS	net/minecraft/advancements/criterion/SimpleCriterionTrigger$SimpleInstance	net/minecraft/class_4558$class_8788
CLASS	net/minecraft/advancements/criterion/SingleComponentItemPredicate	net/minecraft/class_9365
CLASS	net/minecraft/advancements/criterion/SlideDownBlockTrigger	net/minecraft/class_4713
CLASS	net/minecraft/advancements/criterion/SlideDownBlockTrigger$TriggerInstance	net/minecraft/class_4713$class_4714
CLASS	net/minecraft/advancements/criterion/SlimePredicate	net/minecraft/class_7383
CLASS	net/minecraft/advancements/criterion/SlotsPredicate	net/minecraft/class_9350
CLASS	net/minecraft/advancements/criterion/SpearMobsTrigger	net/minecraft/class_12322
CLASS	net/minecraft/advancements/criterion/SpearMobsTrigger$TriggerInstance	net/minecraft/class_12322$class_12323
CLASS	net/minecraft/advancements/criterion/StartRidingTrigger	net/minecraft/class_6407
CLASS	net/minecraft/advancements/criterion/StartRidingTrigger$TriggerInstance	net/minecraft/class_6407$class_6408
CLASS	net/minecraft/advancements/criterion/StatePropertiesPredicate	net/minecraft/class_4559
CLASS	net/minecraft/advancements/criterion/StatePropertiesPredicate$Builder	net/minecraft/class_4559$class_4560
CLASS	net/minecraft/advancements/criterion/StatePropertiesPredicate$ExactMatcher	net/minecraft/class_4559$class_4561
CLASS	net/minecraft/advancements/criterion/StatePropertiesPredicate$PropertyMatcher	net/minecraft/class_4559$class_4562
CLASS	net/minecraft/advancements/criterion/StatePropertiesPredicate$RangedMatcher	net/minecraft/class_4559$class_4563
CLASS	net/minecraft/advancements/criterion/StatePropertiesPredicate$ValueMatcher	net/minecraft/class_4559$class_8750
CLASS	net/minecraft/advancements/criterion/SummonedEntityTrigger	net/minecraft/class_2128
CLASS	net/minecraft/advancements/criterion/SummonedEntityTrigger$TriggerInstance	net/minecraft/class_2128$class_2130
CLASS	net/minecraft/advancements/criterion/TagPredicate	net/minecraft/class_8129
CLASS	net/minecraft/advancements/criterion/TameAnimalTrigger	net/minecraft/class_2131
CLASS	net/minecraft/advancements/criterion/TameAnimalTrigger$TriggerInstance	net/minecraft/class_2131$class_2133
CLASS	net/minecraft/advancements/criterion/TargetBlockTrigger	net/minecraft/class_4851
CLASS	net/minecraft/advancements/criterion/TargetBlockTrigger$TriggerInstance	net/minecraft/class_4851$class_4852
CLASS	net/minecraft/advancements/criterion/TradeTrigger	net/minecraft/class_2140
CLASS	net/minecraft/advancements/criterion/TradeTrigger$TriggerInstance	net/minecraft/class_2140$class_2142
CLASS	net/minecraft/advancements/criterion/UsedEnderEyeTrigger	net/minecraft/class_2143
CLASS	net/minecraft/advancements/criterion/UsedEnderEyeTrigger$TriggerInstance	net/minecraft/class_2143$class_2145
CLASS	net/minecraft/advancements/criterion/UsedTotemTrigger	net/minecraft/class_2148
CLASS	net/minecraft/advancements/criterion/UsedTotemTrigger$TriggerInstance	net/minecraft/class_2148$class_2150
CLASS	net/minecraft/advancements/criterion/UsingItemTrigger	net/minecraft/class_6409
CLASS	net/minecraft/advancements/criterion/UsingItemTrigger$TriggerInstance	net/minecraft/class_6409$class_6410
CLASS	net/minecraft/advancements/criterion/package-info	net/minecraft/class_12324
CLASS	net/minecraft/advancements/package-info	net/minecraft/class_6132
CLASS	net/minecraft/client/AttackIndicatorStatus	net/minecraft/class_4061
CLASS	net/minecraft/client/Camera	net/minecraft/class_4184
CLASS	net/minecraft/client/Camera$NearPlane	net/minecraft/class_4184$class_6355
CLASS	net/minecraft/client/CameraType	net/minecraft/class_5498
CLASS	net/minecraft/client/ClientBootstrap	net/minecraft/class_10395
CLASS	net/minecraft/client/ClientRecipeBook	net/minecraft/class_299
CLASS	net/minecraft/client/CloudStatus	net/minecraft/class_4063
CLASS	net/minecraft/client/CommandHistory	net/minecraft/class_8657
CLASS	net/minecraft/client/ComponentCollector	net/minecraft/class_5222
CLASS	net/minecraft/client/DebugQueryHandler	net/minecraft/class_300
CLASS	net/minecraft/client/DeltaTracker	net/minecraft/class_9779
CLASS	net/minecraft/client/DeltaTracker$DefaultValue	net/minecraft/class_9779$class_9780
CLASS	net/minecraft/client/DeltaTracker$Timer	net/minecraft/class_9779$class_9781
CLASS	net/minecraft/client/GameNarrator	net/minecraft/class_333
CLASS	net/minecraft/client/GameNarrator$NarratorInitException	net/minecraft/class_333$class_8571
CLASS	net/minecraft/client/GraphicsPreset	net/minecraft/class_5365
CLASS	net/minecraft/client/GuiMessage	net/minecraft/class_303
CLASS	net/minecraft/client/GuiMessage$Line	net/minecraft/class_303$class_7590
CLASS	net/minecraft/client/GuiMessageTag	net/minecraft/class_7591
CLASS	net/minecraft/client/GuiMessageTag$Icon	net/minecraft/class_7591$class_7592
CLASS	net/minecraft/client/HotbarManager	net/minecraft/class_302
CLASS	net/minecraft/client/InactivityFpsLimit	net/minecraft/class_9927
CLASS	net/minecraft/client/InputType	net/minecraft/class_8015
CLASS	net/minecraft/client/KeyMapping	net/minecraft/class_304
CLASS	net/minecraft/client/KeyMapping$Category	net/minecraft/class_304$class_11900
CLASS	net/minecraft/client/KeyboardHandler	net/minecraft/class_309
CLASS	net/minecraft/client/KeyboardHandler$1	net/minecraft/class_309$1
CLASS	net/minecraft/client/Minecraft	net/minecraft/class_310
CLASS	net/minecraft/client/Minecraft$1	net/minecraft/class_310$1
CLASS	net/minecraft/client/Minecraft$2	net/minecraft/class_310$2
CLASS	net/minecraft/client/Minecraft$ChatStatus	net/minecraft/class_310$class_5859
CLASS	net/minecraft/client/Minecraft$ChatStatus$1	net/minecraft/class_310$class_5859$1
CLASS	net/minecraft/client/Minecraft$ChatStatus$2	net/minecraft/class_310$class_5859$2
CLASS	net/minecraft/client/Minecraft$ChatStatus$3	net/minecraft/class_310$class_5859$3
CLASS	net/minecraft/client/Minecraft$ChatStatus$4	net/minecraft/class_310$class_5859$4
CLASS	net/minecraft/client/Minecraft$GameLoadCookie	net/minecraft/class_310$class_8764
CLASS	net/minecraft/client/MouseHandler	net/minecraft/class_312
CLASS	net/minecraft/client/MouseHandler$LastClick	net/minecraft/class_312$class_12291
CLASS	net/minecraft/client/MusicToastDisplayState	net/minecraft/class_12345
CLASS	net/minecraft/client/NarratorStatus	net/minecraft/class_4065
CLASS	net/minecraft/client/OptionInstance	net/minecraft/class_7172
CLASS	net/minecraft/client/OptionInstance$AltEnum	net/minecraft/class_7172$class_7273
CLASS	net/minecraft/client/OptionInstance$CaptionBasedToString	net/minecraft/class_7172$class_7303
CLASS	net/minecraft/client/OptionInstance$ClampingLazyMaxIntRange	net/minecraft/class_7172$class_7304
CLASS	net/minecraft/client/OptionInstance$CycleableValueSet	net/minecraft/class_7172$class_7305
CLASS	net/minecraft/client/OptionInstance$CycleableValueSet$ValueSetter	net/minecraft/class_7172$class_7305$class_7274
CLASS	net/minecraft/client/OptionInstance$Enum	net/minecraft/class_7172$class_7173
CLASS	net/minecraft/client/OptionInstance$IntRange	net/minecraft/class_7172$class_7174
CLASS	net/minecraft/client/OptionInstance$IntRangeBase	net/minecraft/class_7172$class_7275
CLASS	net/minecraft/client/OptionInstance$IntRangeBase$1	net/minecraft/class_7172$class_7275$1
CLASS	net/minecraft/client/OptionInstance$LazyEnum	net/minecraft/class_7172$class_7276
CLASS	net/minecraft/client/OptionInstance$OptionInstanceSliderButton	net/minecraft/class_7172$class_7175
CLASS	net/minecraft/client/OptionInstance$SliderableEnum	net/minecraft/class_7172$class_12139
CLASS	net/minecraft/client/OptionInstance$SliderableOrCyclableValueSet	net/minecraft/class_7172$class_7306
CLASS	net/minecraft/client/OptionInstance$SliderableValueSet	net/minecraft/class_7172$class_7176
CLASS	net/minecraft/client/OptionInstance$TooltipSupplier	net/minecraft/class_7172$class_7277
CLASS	net/minecraft/client/OptionInstance$UnitDouble	net/minecraft/class_7172$class_7177
CLASS	net/minecraft/client/OptionInstance$UnitDouble$1	net/minecraft/class_7172$class_7177$1
CLASS	net/minecraft/client/OptionInstance$ValueSet	net/minecraft/class_7172$class_7178
CLASS	net/minecraft/client/Options	net/minecraft/class_315
CLASS	net/minecraft/client/Options$1	net/minecraft/class_315$1
CLASS	net/minecraft/client/Options$2	net/minecraft/class_315$2
CLASS	net/minecraft/client/Options$3	net/minecraft/class_315$3
CLASS	net/minecraft/client/Options$4	net/minecraft/class_315$4
CLASS	net/minecraft/client/Options$5	net/minecraft/class_315$5
CLASS	net/minecraft/client/Options$FieldAccess	net/minecraft/class_315$class_5823
CLASS	net/minecraft/client/Options$OptionAccess	net/minecraft/class_315$class_9242
CLASS	net/minecraft/client/PeriodicNotificationManager	net/minecraft/class_6877
CLASS	net/minecraft/client/PeriodicNotificationManager$Notification	net/minecraft/class_6877$class_6878
CLASS	net/minecraft/client/PeriodicNotificationManager$NotificationTask	net/minecraft/class_6877$class_6879
CLASS	net/minecraft/client/PrioritizeChunkUpdates	net/minecraft/class_6597
CLASS	net/minecraft/client/ResourceLoadStateTracker	net/minecraft/class_6360
CLASS	net/minecraft/client/ResourceLoadStateTracker$RecoveryInfo	net/minecraft/class_6360$class_6361
CLASS	net/minecraft/client/ResourceLoadStateTracker$ReloadReason	net/minecraft/class_6360$class_6362
CLASS	net/minecraft/client/ResourceLoadStateTracker$ReloadState	net/minecraft/class_6360$class_6363
CLASS	net/minecraft/client/Screenshot	net/minecraft/class_318
CLASS	net/minecraft/client/ScrollWheelHandler	net/minecraft/class_9928
CLASS	net/minecraft/client/StringSplitter	net/minecraft/class_5225
CLASS	net/minecraft/client/StringSplitter$1	net/minecraft/class_5225$1
CLASS	net/minecraft/client/StringSplitter$FlatComponents	net/minecraft/class_5225$class_5226
CLASS	net/minecraft/client/StringSplitter$LineBreakFinder	net/minecraft/class_5225$class_5227
CLASS	net/minecraft/client/StringSplitter$LineComponent	net/minecraft/class_5225$class_5345
CLASS	net/minecraft/client/StringSplitter$LinePosConsumer	net/minecraft/class_5225$class_5229
CLASS	net/minecraft/client/StringSplitter$WidthLimitedCharSink	net/minecraft/class_5225$class_5230
CLASS	net/minecraft/client/StringSplitter$WidthProvider	net/minecraft/class_5225$class_5231
CLASS	net/minecraft/client/TextureFilteringMethod	net/minecraft/class_12393
CLASS	net/minecraft/client/ToggleKeyMapping	net/minecraft/class_4666
CLASS	net/minecraft/client/User	net/minecraft/class_320
CLASS	net/minecraft/client/animation/AnimationChannel	net/minecraft/class_7179
CLASS	net/minecraft/client/animation/AnimationChannel$Interpolation	net/minecraft/class_7179$class_7180
CLASS	net/minecraft/client/animation/AnimationChannel$Interpolations	net/minecraft/class_7179$class_7181
CLASS	net/minecraft/client/animation/AnimationChannel$Target	net/minecraft/class_7179$class_7182
CLASS	net/minecraft/client/animation/AnimationChannel$Targets	net/minecraft/class_7179$class_7183
CLASS	net/minecraft/client/animation/AnimationDefinition	net/minecraft/class_7184
CLASS	net/minecraft/client/animation/AnimationDefinition$Builder	net/minecraft/class_7184$class_7185
CLASS	net/minecraft/client/animation/Keyframe	net/minecraft/class_7186
CLASS	net/minecraft/client/animation/KeyframeAnimation	net/minecraft/class_11509
CLASS	net/minecraft/client/animation/KeyframeAnimation$Entry	net/minecraft/class_11509$class_11510
CLASS	net/minecraft/client/animation/KeyframeAnimations	net/minecraft/class_7187
CLASS	net/minecraft/client/animation/definitions/ArmadilloAnimation	net/minecraft/class_9079
CLASS	net/minecraft/client/animation/definitions/BatAnimation	net/minecraft/class_8928
CLASS	net/minecraft/client/animation/definitions/BreezeAnimation	net/minecraft/class_8972
CLASS	net/minecraft/client/animation/definitions/CamelAnimation	net/minecraft/class_7730
CLASS	net/minecraft/client/animation/definitions/CopperGolemAnimation	net/minecraft/class_11601
CLASS	net/minecraft/client/animation/definitions/CreakingAnimation	net/minecraft/class_10328
CLASS	net/minecraft/client/animation/definitions/FrogAnimation	net/minecraft/class_7188
CLASS	net/minecraft/client/animation/definitions/NautilusAnimation	net/minecraft/class_12140
CLASS	net/minecraft/client/animation/definitions/SnifferAnimation	net/minecraft/class_8182
CLASS	net/minecraft/client/animation/definitions/WardenAnimation	net/minecraft/class_7278
CLASS	net/minecraft/client/animation/definitions/package-info	net/minecraft/class_7189
CLASS	net/minecraft/client/animation/package-info	net/minecraft/class_7190
CLASS	net/minecraft/client/color/ColorLerper	net/minecraft/class_11462
CLASS	net/minecraft/client/color/ColorLerper$Type	net/minecraft/class_11462$class_11463
CLASS	net/minecraft/client/color/block/BlockColor	net/minecraft/class_322
CLASS	net/minecraft/client/color/block/BlockColors	net/minecraft/class_324
CLASS	net/minecraft/client/color/block/BlockTintCache	net/minecraft/class_4700
CLASS	net/minecraft/client/color/block/BlockTintCache$CacheData	net/minecraft/class_4700$class_6598
CLASS	net/minecraft/client/color/block/BlockTintCache$LatestCacheInfo	net/minecraft/class_4700$class_4701
CLASS	net/minecraft/client/color/block/package-info	net/minecraft/class_6202
CLASS	net/minecraft/client/color/item/Constant	net/minecraft/class_10396
CLASS	net/minecraft/client/color/item/CustomModelDataSource	net/minecraft/class_10397
CLASS	net/minecraft/client/color/item/Dye	net/minecraft/class_10398
CLASS	net/minecraft/client/color/item/Firework	net/minecraft/class_10399
CLASS	net/minecraft/client/color/item/GrassColorSource	net/minecraft/class_10400
CLASS	net/minecraft/client/color/item/ItemTintSource	net/minecraft/class_10401
CLASS	net/minecraft/client/color/item/ItemTintSources	net/minecraft/class_10402
CLASS	net/minecraft/client/color/item/MapColor	net/minecraft/class_10403
CLASS	net/minecraft/client/color/item/Potion	net/minecraft/class_10404
CLASS	net/minecraft/client/color/item/TeamColor	net/minecraft/class_10541
CLASS	net/minecraft/client/color/item/package-info	net/minecraft/class_6203
CLASS	net/minecraft/client/color/package-info	net/minecraft/class_11730
CLASS	net/minecraft/client/data/AtlasProvider	net/minecraft/class_10718
CLASS	net/minecraft/client/data/models/BlockModelGenerators	net/minecraft/class_4910
CLASS	net/minecraft/client/data/models/BlockModelGenerators$1	net/minecraft/class_4910$1
CLASS	net/minecraft/client/data/models/BlockModelGenerators$BlockFamilyProvider	net/minecraft/class_4910$class_4912
CLASS	net/minecraft/client/data/models/BlockModelGenerators$BlockStateGeneratorSupplier	net/minecraft/class_4910$class_5879
CLASS	net/minecraft/client/data/models/BlockModelGenerators$BookSlotModelCacheKey	net/minecraft/class_4910$class_7987
CLASS	net/minecraft/client/data/models/BlockModelGenerators$PlantType	net/minecraft/class_4910$class_4913
CLASS	net/minecraft/client/data/models/BlockModelGenerators$WoodProvider	net/minecraft/class_4910$class_4914
CLASS	net/minecraft/client/data/models/EquipmentAssetProvider	net/minecraft/class_10206
CLASS	net/minecraft/client/data/models/ItemModelGenerators	net/minecraft/class_4915
CLASS	net/minecraft/client/data/models/ItemModelGenerators$TrimMaterialData	net/minecraft/class_4915$class_8072
CLASS	net/minecraft/client/data/models/ItemModelOutput	net/minecraft/class_10405
CLASS	net/minecraft/client/data/models/ModelProvider	net/minecraft/class_4916
CLASS	net/minecraft/client/data/models/ModelProvider$BlockStateGeneratorCollector	net/minecraft/class_4916$class_10406
CLASS	net/minecraft/client/data/models/ModelProvider$ItemInfoCollector	net/minecraft/class_4916$class_10407
CLASS	net/minecraft/client/data/models/ModelProvider$SimpleModelCollector	net/minecraft/class_4916$class_10408
CLASS	net/minecraft/client/data/models/MultiVariant	net/minecraft/class_807
CLASS	net/minecraft/client/data/models/WaypointStyleProvider	net/minecraft/class_11323
CLASS	net/minecraft/client/data/models/blockstates/BlockModelDefinitionGenerator	net/minecraft/class_4917
CLASS	net/minecraft/client/data/models/blockstates/ConditionBuilder	net/minecraft/class_10795
CLASS	net/minecraft/client/data/models/blockstates/MultiPartGenerator	net/minecraft/class_4922
CLASS	net/minecraft/client/data/models/blockstates/MultiPartGenerator$Entry	net/minecraft/class_4922$class_10887
CLASS	net/minecraft/client/data/models/blockstates/MultiVariantGenerator	net/minecraft/class_4925
CLASS	net/minecraft/client/data/models/blockstates/MultiVariantGenerator$Empty	net/minecraft/class_4925$class_10796
CLASS	net/minecraft/client/data/models/blockstates/MultiVariantGenerator$Entry	net/minecraft/class_4925$class_10797
CLASS	net/minecraft/client/data/models/blockstates/PropertyDispatch	net/minecraft/class_4926
CLASS	net/minecraft/client/data/models/blockstates/PropertyDispatch$C1	net/minecraft/class_4926$class_4927
CLASS	net/minecraft/client/data/models/blockstates/PropertyDispatch$C2	net/minecraft/class_4926$class_4928
CLASS	net/minecraft/client/data/models/blockstates/PropertyDispatch$C3	net/minecraft/class_4926$class_4929
CLASS	net/minecraft/client/data/models/blockstates/PropertyDispatch$C4	net/minecraft/class_4926$class_4930
CLASS	net/minecraft/client/data/models/blockstates/PropertyDispatch$C5	net/minecraft/class_4926$class_4931
CLASS	net/minecraft/client/data/models/blockstates/PropertyValueList	net/minecraft/class_4934
CLASS	net/minecraft/client/data/models/blockstates/package-info	net/minecraft/class_10409
CLASS	net/minecraft/client/data/models/model/DelegatedModel	net/minecraft/class_4940
CLASS	net/minecraft/client/data/models/model/ItemModelUtils	net/minecraft/class_10410
CLASS	net/minecraft/client/data/models/model/ModelInstance	net/minecraft/class_10411
CLASS	net/minecraft/client/data/models/model/ModelLocationUtils	net/minecraft/class_4941
CLASS	net/minecraft/client/data/models/model/ModelTemplate	net/minecraft/class_4942
CLASS	net/minecraft/client/data/models/model/ModelTemplates	net/minecraft/class_4943
CLASS	net/minecraft/client/data/models/model/TextureMapping	net/minecraft/class_4944
CLASS	net/minecraft/client/data/models/model/TextureSlot	net/minecraft/class_4945
CLASS	net/minecraft/client/data/models/model/TexturedModel	net/minecraft/class_4946
CLASS	net/minecraft/client/data/models/model/TexturedModel$Provider	net/minecraft/class_4946$class_4947
CLASS	net/minecraft/client/data/models/model/package-info	net/minecraft/class_10412
CLASS	net/minecraft/client/data/models/package-info	net/minecraft/class_10413
CLASS	net/minecraft/client/data/package-info	net/minecraft/class_10414
CLASS	net/minecraft/client/entity/ClientAvatarEntity	net/minecraft/class_11901
CLASS	net/minecraft/client/entity/ClientAvatarState	net/minecraft/class_11902
CLASS	net/minecraft/client/entity/ClientMannequin	net/minecraft/class_11903
CLASS	net/minecraft/client/entity/package-info	net/minecraft/class_11904
CLASS	net/minecraft/client/gui/ActiveTextCollector	net/minecraft/class_12225
CLASS	net/minecraft/client/gui/ActiveTextCollector$1	net/minecraft/class_12225$1
CLASS	net/minecraft/client/gui/ActiveTextCollector$ClickableStyleFinder	net/minecraft/class_12225$class_12226
CLASS	net/minecraft/client/gui/ActiveTextCollector$Parameters	net/minecraft/class_12225$class_12227
CLASS	net/minecraft/client/gui/BundleMouseActions	net/minecraft/class_9929
CLASS	net/minecraft/client/gui/ComponentPath	net/minecraft/class_8016
CLASS	net/minecraft/client/gui/ComponentPath$Leaf	net/minecraft/class_8016$class_8017
CLASS	net/minecraft/client/gui/ComponentPath$Path	net/minecraft/class_8016$class_8018
CLASS	net/minecraft/client/gui/Font	net/minecraft/class_327
CLASS	net/minecraft/client/gui/Font$DisplayMode	net/minecraft/class_327$class_6415
CLASS	net/minecraft/client/gui/Font$GlyphVisitor	net/minecraft/class_327$class_11464
CLASS	net/minecraft/client/gui/Font$GlyphVisitor$1	net/minecraft/class_327$class_11464$1
CLASS	net/minecraft/client/gui/Font$PreparedText	net/minecraft/class_327$class_11465
CLASS	net/minecraft/client/gui/Font$PreparedTextBuilder	net/minecraft/class_327$class_5232
CLASS	net/minecraft/client/gui/Font$Provider	net/minecraft/class_327$class_11602
CLASS	net/minecraft/client/gui/GlyphSource	net/minecraft/class_11603
CLASS	net/minecraft/client/gui/Gui	net/minecraft/class_329
CLASS	net/minecraft/client/gui/Gui$1DisplayEntry	net/minecraft/class_329$class_9016
CLASS	net/minecraft/client/gui/Gui$ContextualInfo	net/minecraft/class_329$class_11220
CLASS	net/minecraft/client/gui/Gui$HeartType	net/minecraft/class_329$class_6411
CLASS	net/minecraft/client/gui/Gui$RenderFunction	net/minecraft/class_329$class_11221
CLASS	net/minecraft/client/gui/GuiGraphics	net/minecraft/class_332
CLASS	net/minecraft/client/gui/GuiGraphics$HoveredTextEffects	net/minecraft/class_332$class_12228
CLASS	net/minecraft/client/gui/GuiGraphics$RenderingTextCollector	net/minecraft/class_332$class_12229
CLASS	net/minecraft/client/gui/GuiGraphics$ScissorStack	net/minecraft/class_332$class_8214
CLASS	net/minecraft/client/gui/ItemSlotMouseAction	net/minecraft/class_9930
CLASS	net/minecraft/client/gui/TextAlignment	net/minecraft/class_11735
CLASS	net/minecraft/client/gui/TextAlignment$1	net/minecraft/class_11735$1
CLASS	net/minecraft/client/gui/TextAlignment$2	net/minecraft/class_11735$2
CLASS	net/minecraft/client/gui/TextAlignment$3	net/minecraft/class_11735$3
CLASS	net/minecraft/client/gui/components/AbstractButton	net/minecraft/class_4264
CLASS	net/minecraft/client/gui/components/AbstractContainerWidget	net/minecraft/class_9017
CLASS	net/minecraft/client/gui/components/AbstractOptionSliderButton	net/minecraft/class_4892
CLASS	net/minecraft/client/gui/components/AbstractScrollArea	net/minecraft/class_7528
CLASS	net/minecraft/client/gui/components/AbstractSelectionList	net/minecraft/class_350
CLASS	net/minecraft/client/gui/components/AbstractSelectionList$1	net/minecraft/class_350$1
CLASS	net/minecraft/client/gui/components/AbstractSelectionList$Entry	net/minecraft/class_350$class_351
CLASS	net/minecraft/client/gui/components/AbstractSelectionList$TrackedList	net/minecraft/class_350$class_352
CLASS	net/minecraft/client/gui/components/AbstractSliderButton	net/minecraft/class_357
CLASS	net/minecraft/client/gui/components/AbstractStringWidget	net/minecraft/class_8130
CLASS	net/minecraft/client/gui/components/AbstractTextAreaWidget	net/minecraft/class_10415
CLASS	net/minecraft/client/gui/components/AbstractWidget	net/minecraft/class_339
CLASS	net/minecraft/client/gui/components/AbstractWidget$WithInactiveMessage	net/minecraft/class_339$class_12230
CLASS	net/minecraft/client/gui/components/BossHealthOverlay	net/minecraft/class_337
CLASS	net/minecraft/client/gui/components/BossHealthOverlay$1	net/minecraft/class_337$1
CLASS	net/minecraft/client/gui/components/Button	net/minecraft/class_4185
CLASS	net/minecraft/client/gui/components/Button$Builder	net/minecraft/class_4185$class_7840
CLASS	net/minecraft/client/gui/components/Button$CreateNarration	net/minecraft/class_4185$class_7841
CLASS	net/minecraft/client/gui/components/Button$OnPress	net/minecraft/class_4185$class_4241
CLASS	net/minecraft/client/gui/components/Button$Plain	net/minecraft/class_4185$class_12231
CLASS	net/minecraft/client/gui/components/ChatComponent	net/minecraft/class_338
CLASS	net/minecraft/client/gui/components/ChatComponent$1	net/minecraft/class_338$1
CLASS	net/minecraft/client/gui/components/ChatComponent$AlphaCalculator	net/minecraft/class_338$class_12232
CLASS	net/minecraft/client/gui/components/ChatComponent$ChatGraphicsAccess	net/minecraft/class_338$class_12233
CLASS	net/minecraft/client/gui/components/ChatComponent$ChatMethod	net/minecraft/class_338$class_11732
CLASS	net/minecraft/client/gui/components/ChatComponent$ChatMethod$1	net/minecraft/class_338$class_11732$1
CLASS	net/minecraft/client/gui/components/ChatComponent$ChatMethod$2	net/minecraft/class_338$class_11732$2
CLASS	net/minecraft/client/gui/components/ChatComponent$ClickableTextOnlyGraphicsAccess	net/minecraft/class_338$class_12234
CLASS	net/minecraft/client/gui/components/ChatComponent$DelayedMessageDeletion	net/minecraft/class_338$class_7731
CLASS	net/minecraft/client/gui/components/ChatComponent$Draft	net/minecraft/class_338$class_11733
CLASS	net/minecraft/client/gui/components/ChatComponent$DrawingBackgroundGraphicsAccess	net/minecraft/class_338$class_12333
CLASS	net/minecraft/client/gui/components/ChatComponent$DrawingFocusedGraphicsAccess	net/minecraft/class_338$class_12235
CLASS	net/minecraft/client/gui/components/ChatComponent$LineConsumer	net/minecraft/class_338$class_11511
CLASS	net/minecraft/client/gui/components/ChatComponent$State	net/minecraft/class_338$class_9477
CLASS	net/minecraft/client/gui/components/Checkbox	net/minecraft/class_4286
CLASS	net/minecraft/client/gui/components/Checkbox$Builder	net/minecraft/class_4286$class_8929
CLASS	net/minecraft/client/gui/components/Checkbox$OnValueChange	net/minecraft/class_4286$class_8930
CLASS	net/minecraft/client/gui/components/CommandSuggestions	net/minecraft/class_4717
CLASS	net/minecraft/client/gui/components/CommandSuggestions$SuggestionsList	net/minecraft/class_4717$class_464
CLASS	net/minecraft/client/gui/components/CommonButtons	net/minecraft/class_8082
CLASS	net/minecraft/client/gui/components/ComponentRenderUtils	net/minecraft/class_341
CLASS	net/minecraft/client/gui/components/ContainerObjectSelectionList	net/minecraft/class_4265
CLASS	net/minecraft/client/gui/components/ContainerObjectSelectionList$1	net/minecraft/class_4265$1
CLASS	net/minecraft/client/gui/components/ContainerObjectSelectionList$Entry	net/minecraft/class_4265$class_4266
CLASS	net/minecraft/client/gui/components/CycleButton	net/minecraft/class_5676
CLASS	net/minecraft/client/gui/components/CycleButton$Builder	net/minecraft/class_5676$class_5677
CLASS	net/minecraft/client/gui/components/CycleButton$DisplayState	net/minecraft/class_5676$class_12346
CLASS	net/minecraft/client/gui/components/CycleButton$OnValueChange	net/minecraft/class_5676$class_5678
CLASS	net/minecraft/client/gui/components/CycleButton$SpriteSupplier	net/minecraft/class_5676$class_12347
CLASS	net/minecraft/client/gui/components/CycleButton$ValueListSupplier	net/minecraft/class_5676$class_5680
CLASS	net/minecraft/client/gui/components/CycleButton$ValueListSupplier$1	net/minecraft/class_5676$class_5680$1
CLASS	net/minecraft/client/gui/components/CycleButton$ValueListSupplier$2	net/minecraft/class_5676$class_5680$2
CLASS	net/minecraft/client/gui/components/DebugScreenOverlay	net/minecraft/class_340
CLASS	net/minecraft/client/gui/components/DebugScreenOverlay$1	net/minecraft/class_340$1
CLASS	net/minecraft/client/gui/components/EditBox	net/minecraft/class_342
CLASS	net/minecraft/client/gui/components/EditBox$TextFormatter	net/minecraft/class_342$class_11734
CLASS	net/minecraft/client/gui/components/FittingMultiLineTextWidget	net/minecraft/class_8577
CLASS	net/minecraft/client/gui/components/FocusableTextWidget	net/minecraft/class_8019
CLASS	net/minecraft/client/gui/components/FocusableTextWidget$BackgroundFill	net/minecraft/class_8019$class_11763
CLASS	net/minecraft/client/gui/components/FocusableTextWidget$Builder	net/minecraft/class_8019$class_12141
CLASS	net/minecraft/client/gui/components/ImageButton	net/minecraft/class_344
CLASS	net/minecraft/client/gui/components/ImageWidget	net/minecraft/class_8208
CLASS	net/minecraft/client/gui/components/ImageWidget$Sprite	net/minecraft/class_8208$class_8659
CLASS	net/minecraft/client/gui/components/ImageWidget$Texture	net/minecraft/class_8208$class_8660
CLASS	net/minecraft/client/gui/components/ItemDisplayWidget	net/minecraft/class_11466
CLASS	net/minecraft/client/gui/components/LerpingBossEvent	net/minecraft/class_345
CLASS	net/minecraft/client/gui/components/LoadingDotsWidget	net/minecraft/class_8661
CLASS	net/minecraft/client/gui/components/LockIconButton	net/minecraft/class_347
CLASS	net/minecraft/client/gui/components/LockIconButton$Icon	net/minecraft/class_347$class_348
CLASS	net/minecraft/client/gui/components/LogoRenderer	net/minecraft/class_8020
CLASS	net/minecraft/client/gui/components/MultiLineEditBox	net/minecraft/class_7529
CLASS	net/minecraft/client/gui/components/MultiLineEditBox$Builder	net/minecraft/class_7529$class_11383
CLASS	net/minecraft/client/gui/components/MultiLineLabel	net/minecraft/class_5489
CLASS	net/minecraft/client/gui/components/MultiLineLabel$1	net/minecraft/class_5489$1
CLASS	net/minecraft/client/gui/components/MultiLineLabel$2	net/minecraft/class_5489$2
CLASS	net/minecraft/client/gui/components/MultiLineLabel$TextAndWidth	net/minecraft/class_5489$class_5490
CLASS	net/minecraft/client/gui/components/MultiLineTextWidget	net/minecraft/class_7940
CLASS	net/minecraft/client/gui/components/MultiLineTextWidget$CacheKey	net/minecraft/class_7940$class_8131
CLASS	net/minecraft/client/gui/components/MultilineTextField	net/minecraft/class_7530
CLASS	net/minecraft/client/gui/components/MultilineTextField$1	net/minecraft/class_7530$1
CLASS	net/minecraft/client/gui/components/MultilineTextField$StringView	net/minecraft/class_7530$class_7531
CLASS	net/minecraft/client/gui/components/ObjectSelectionList	net/minecraft/class_4280
CLASS	net/minecraft/client/gui/components/ObjectSelectionList$Entry	net/minecraft/class_4280$class_4281
CLASS	net/minecraft/client/gui/components/OptionsList	net/minecraft/class_353
CLASS	net/minecraft/client/gui/components/OptionsList$AbstractEntry	net/minecraft/class_353$class_12142
CLASS	net/minecraft/client/gui/components/OptionsList$Entry	net/minecraft/class_353$class_354
CLASS	net/minecraft/client/gui/components/OptionsList$HeaderEntry	net/minecraft/class_353$class_12143
CLASS	net/minecraft/client/gui/components/OptionsList$OptionInstanceWidget	net/minecraft/class_353$class_12292
CLASS	net/minecraft/client/gui/components/PlainTextButton	net/minecraft/class_7077
CLASS	net/minecraft/client/gui/components/PlayerFaceRenderer	net/minecraft/class_7532
CLASS	net/minecraft/client/gui/components/PlayerSkinWidget	net/minecraft/class_8765
CLASS	net/minecraft/client/gui/components/PlayerTabOverlay	net/minecraft/class_355
CLASS	net/minecraft/client/gui/components/PlayerTabOverlay$HealthState	net/minecraft/class_355$class_7732
CLASS	net/minecraft/client/gui/components/PlayerTabOverlay$ScoreDisplayEntry	net/minecraft/class_355$class_9018
CLASS	net/minecraft/client/gui/components/PopupScreen	net/minecraft/class_8816
CLASS	net/minecraft/client/gui/components/PopupScreen$Builder	net/minecraft/class_8816$class_8817
CLASS	net/minecraft/client/gui/components/PopupScreen$ButtonOption	net/minecraft/class_8816$class_8818
CLASS	net/minecraft/client/gui/components/Renderable	net/minecraft/class_4068
CLASS	net/minecraft/client/gui/components/ResettableOptionWidget	net/minecraft/class_12144
CLASS	net/minecraft/client/gui/components/ScrollableLayout	net/minecraft/class_11467
CLASS	net/minecraft/client/gui/components/ScrollableLayout$Container	net/minecraft/class_11467$class_11468
CLASS	net/minecraft/client/gui/components/SelectableEntry	net/minecraft/class_12293
CLASS	net/minecraft/client/gui/components/SplashRenderer	net/minecraft/class_8519
CLASS	net/minecraft/client/gui/components/SpriteIconButton	net/minecraft/class_8662
CLASS	net/minecraft/client/gui/components/SpriteIconButton$Builder	net/minecraft/class_8662$class_8663
CLASS	net/minecraft/client/gui/components/SpriteIconButton$CenteredIcon	net/minecraft/class_8662$class_8664
CLASS	net/minecraft/client/gui/components/SpriteIconButton$TextAndIcon	net/minecraft/class_8662$class_8665
CLASS	net/minecraft/client/gui/components/StringWidget	net/minecraft/class_7842
CLASS	net/minecraft/client/gui/components/StringWidget$TextOverflow	net/minecraft/class_7842$class_11764
CLASS	net/minecraft/client/gui/components/SubtitleOverlay	net/minecraft/class_359
CLASS	net/minecraft/client/gui/components/SubtitleOverlay$SoundPlayedAt	net/minecraft/class_359$class_9772
CLASS	net/minecraft/client/gui/components/SubtitleOverlay$Subtitle	net/minecraft/class_359$class_360
CLASS	net/minecraft/client/gui/components/TabButton	net/minecraft/class_8209
CLASS	net/minecraft/client/gui/components/TabOrderedElement	net/minecraft/class_8083
CLASS	net/minecraft/client/gui/components/Tooltip	net/minecraft/class_7919
CLASS	net/minecraft/client/gui/components/Whence	net/minecraft/class_7533
CLASS	net/minecraft/client/gui/components/WidgetSprites	net/minecraft/class_8666
CLASS	net/minecraft/client/gui/components/WidgetTooltipHolder	net/minecraft/class_9110
CLASS	net/minecraft/client/gui/components/debug/DebugEntryBiome	net/minecraft/class_11604
CLASS	net/minecraft/client/gui/components/debug/DebugEntryCategory	net/minecraft/class_11605
CLASS	net/minecraft/client/gui/components/debug/DebugEntryChunkGeneration	net/minecraft/class_11606
CLASS	net/minecraft/client/gui/components/debug/DebugEntryChunkRenderStats	net/minecraft/class_11607
CLASS	net/minecraft/client/gui/components/debug/DebugEntryChunkSourceStats	net/minecraft/class_11608
CLASS	net/minecraft/client/gui/components/debug/DebugEntryEntityRenderStats	net/minecraft/class_11609
CLASS	net/minecraft/client/gui/components/debug/DebugEntryFps	net/minecraft/class_11610
CLASS	net/minecraft/client/gui/components/debug/DebugEntryGpuUtilization	net/minecraft/class_11611
CLASS	net/minecraft/client/gui/components/debug/DebugEntryHeightmap	net/minecraft/class_11612
CLASS	net/minecraft/client/gui/components/debug/DebugEntryLight	net/minecraft/class_11613
CLASS	net/minecraft/client/gui/components/debug/DebugEntryLocalDifficulty	net/minecraft/class_11614
CLASS	net/minecraft/client/gui/components/debug/DebugEntryLookingAtBlock	net/minecraft/class_11615
CLASS	net/minecraft/client/gui/components/debug/DebugEntryLookingAtEntity	net/minecraft/class_11616
CLASS	net/minecraft/client/gui/components/debug/DebugEntryLookingAtFluid	net/minecraft/class_11617
CLASS	net/minecraft/client/gui/components/debug/DebugEntryMemory	net/minecraft/class_11618
CLASS	net/minecraft/client/gui/components/debug/DebugEntryMemory$AllocationRateCalculator	net/minecraft/class_11618$class_7412
CLASS	net/minecraft/client/gui/components/debug/DebugEntryNoop	net/minecraft/class_11619
CLASS	net/minecraft/client/gui/components/debug/DebugEntryParticleRenderStats	net/minecraft/class_11620
CLASS	net/minecraft/client/gui/components/debug/DebugEntryPosition	net/minecraft/class_11621
CLASS	net/minecraft/client/gui/components/debug/DebugEntryPosition$1	net/minecraft/class_11621$1
CLASS	net/minecraft/client/gui/components/debug/DebugEntryPostEffect	net/minecraft/class_11622
CLASS	net/minecraft/client/gui/components/debug/DebugEntrySectionPosition	net/minecraft/class_11623
CLASS	net/minecraft/client/gui/components/debug/DebugEntrySimplePerformanceImpactors	net/minecraft/class_11624
CLASS	net/minecraft/client/gui/components/debug/DebugEntrySoundMood	net/minecraft/class_11625
CLASS	net/minecraft/client/gui/components/debug/DebugEntrySpawnCounts	net/minecraft/class_11626
CLASS	net/minecraft/client/gui/components/debug/DebugEntrySystemSpecs	net/minecraft/class_11627
CLASS	net/minecraft/client/gui/components/debug/DebugEntryTps	net/minecraft/class_11628
CLASS	net/minecraft/client/gui/components/debug/DebugEntryVersion	net/minecraft/class_11629
CLASS	net/minecraft/client/gui/components/debug/DebugScreenDisplayer	net/minecraft/class_11630
CLASS	net/minecraft/client/gui/components/debug/DebugScreenEntries	net/minecraft/class_11631
CLASS	net/minecraft/client/gui/components/debug/DebugScreenEntry	net/minecraft/class_11632
CLASS	net/minecraft/client/gui/components/debug/DebugScreenEntryList	net/minecraft/class_11633
CLASS	net/minecraft/client/gui/components/debug/DebugScreenEntryList$SerializedOptions	net/minecraft/class_11633$class_11634
CLASS	net/minecraft/client/gui/components/debug/DebugScreenEntryStatus	net/minecraft/class_11635
CLASS	net/minecraft/client/gui/components/debug/DebugScreenProfile	net/minecraft/class_11636
CLASS	net/minecraft/client/gui/components/debug/package-info	net/minecraft/class_11637
CLASS	net/minecraft/client/gui/components/debugchart/AbstractDebugChart	net/minecraft/class_8755
CLASS	net/minecraft/client/gui/components/debugchart/BandwidthDebugChart	net/minecraft/class_8756
CLASS	net/minecraft/client/gui/components/debugchart/FpsDebugChart	net/minecraft/class_8757
CLASS	net/minecraft/client/gui/components/debugchart/PingDebugChart	net/minecraft/class_8758
CLASS	net/minecraft/client/gui/components/debugchart/ProfilerPieChart	net/minecraft/class_9931
CLASS	net/minecraft/client/gui/components/debugchart/TpsDebugChart	net/minecraft/class_8759
CLASS	net/minecraft/client/gui/components/debugchart/package-info	net/minecraft/class_11736
CLASS	net/minecraft/client/gui/components/events/AbstractContainerEventHandler	net/minecraft/class_362
CLASS	net/minecraft/client/gui/components/events/ContainerEventHandler	net/minecraft/class_4069
CLASS	net/minecraft/client/gui/components/events/GuiEventListener	net/minecraft/class_364
CLASS	net/minecraft/client/gui/components/events/package-info	net/minecraft/class_6205
CLASS	net/minecraft/client/gui/components/package-info	net/minecraft/class_6206
CLASS	net/minecraft/client/gui/components/spectator/SpectatorGui	net/minecraft/class_365
CLASS	net/minecraft/client/gui/components/spectator/package-info	net/minecraft/class_6207
CLASS	net/minecraft/client/gui/components/tabs/GridLayoutTab	net/minecraft/class_8086
CLASS	net/minecraft/client/gui/components/tabs/LoadingTab	net/minecraft/class_11512
CLASS	net/minecraft/client/gui/components/tabs/Tab	net/minecraft/class_8087
CLASS	net/minecraft/client/gui/components/tabs/TabManager	net/minecraft/class_8088
CLASS	net/minecraft/client/gui/components/tabs/TabNavigationBar	net/minecraft/class_8089
CLASS	net/minecraft/client/gui/components/tabs/TabNavigationBar$Builder	net/minecraft/class_8089$class_8090
CLASS	net/minecraft/client/gui/components/tabs/package-info	net/minecraft/class_8091
CLASS	net/minecraft/client/gui/components/toasts/AdvancementToast	net/minecraft/class_367
CLASS	net/minecraft/client/gui/components/toasts/NowPlayingToast	net/minecraft/class_11469
CLASS	net/minecraft/client/gui/components/toasts/RecipeToast	net/minecraft/class_366
CLASS	net/minecraft/client/gui/components/toasts/RecipeToast$Entry	net/minecraft/class_366$class_9932
CLASS	net/minecraft/client/gui/components/toasts/SystemToast	net/minecraft/class_370
CLASS	net/minecraft/client/gui/components/toasts/SystemToast$SystemToastId	net/minecraft/class_370$class_9037
CLASS	net/minecraft/client/gui/components/toasts/Toast	net/minecraft/class_368
CLASS	net/minecraft/client/gui/components/toasts/Toast$Visibility	net/minecraft/class_368$class_369
CLASS	net/minecraft/client/gui/components/toasts/ToastManager	net/minecraft/class_374
CLASS	net/minecraft/client/gui/components/toasts/ToastManager$1	net/minecraft/class_374$1
CLASS	net/minecraft/client/gui/components/toasts/ToastManager$ToastInstance	net/minecraft/class_374$class_375
CLASS	net/minecraft/client/gui/components/toasts/TutorialToast	net/minecraft/class_372
CLASS	net/minecraft/client/gui/components/toasts/TutorialToast$Icons	net/minecraft/class_372$class_373
CLASS	net/minecraft/client/gui/components/toasts/package-info	net/minecraft/class_6208
CLASS	net/minecraft/client/gui/contextualbar/ContextualBarRenderer	net/minecraft/class_11223
CLASS	net/minecraft/client/gui/contextualbar/ContextualBarRenderer$1	net/minecraft/class_11223$1
CLASS	net/minecraft/client/gui/contextualbar/ExperienceBarRenderer	net/minecraft/class_11224
CLASS	net/minecraft/client/gui/contextualbar/JumpableVehicleBarRenderer	net/minecraft/class_11225
CLASS	net/minecraft/client/gui/contextualbar/LocatorBarRenderer	net/minecraft/class_11226
CLASS	net/minecraft/client/gui/contextualbar/package-info	net/minecraft/class_11737
CLASS	net/minecraft/client/gui/font/ActiveArea	net/minecraft/class_12236
CLASS	net/minecraft/client/gui/font/AllMissingGlyphProvider	net/minecraft/class_376
CLASS	net/minecraft/client/gui/font/AllMissingGlyphProvider$1	net/minecraft/class_376$1
CLASS	net/minecraft/client/gui/font/AtlasGlyphProvider	net/minecraft/class_11714
CLASS	net/minecraft/client/gui/font/AtlasGlyphProvider$1	net/minecraft/class_11714$1
CLASS	net/minecraft/client/gui/font/AtlasGlyphProvider$Instance	net/minecraft/class_11714$class_11765
CLASS	net/minecraft/client/gui/font/CodepointMap	net/minecraft/class_8532
CLASS	net/minecraft/client/gui/font/CodepointMap$Output	net/minecraft/class_8532$class_8533
CLASS	net/minecraft/client/gui/font/EmptyArea	net/minecraft/class_12237
CLASS	net/minecraft/client/gui/font/FontManager	net/minecraft/class_378
CLASS	net/minecraft/client/gui/font/FontManager$BuilderId	net/minecraft/class_378$class_8534
CLASS	net/minecraft/client/gui/font/FontManager$BuilderResult	net/minecraft/class_378$class_8535
CLASS	net/minecraft/client/gui/font/FontManager$CachedFontProvider	net/minecraft/class_378$class_11638
CLASS	net/minecraft/client/gui/font/FontManager$CachedFontProvider$CachedEntry	net/minecraft/class_378$class_11638$class_11717
CLASS	net/minecraft/client/gui/font/FontManager$FontDefinitionFile	net/minecraft/class_378$class_8556
CLASS	net/minecraft/client/gui/font/FontManager$Preparation	net/minecraft/class_378$class_8536
CLASS	net/minecraft/client/gui/font/FontManager$UnresolvedBuilderBundle	net/minecraft/class_378$class_8537
CLASS	net/minecraft/client/gui/font/FontOption	net/minecraft/class_9243
CLASS	net/minecraft/client/gui/font/FontOption$Filter	net/minecraft/class_9243$class_9244
CLASS	net/minecraft/client/gui/font/FontSet	net/minecraft/class_377
CLASS	net/minecraft/client/gui/font/FontSet$1	net/minecraft/class_377$1
CLASS	net/minecraft/client/gui/font/FontSet$2	net/minecraft/class_377$2
CLASS	net/minecraft/client/gui/font/FontSet$DelayedBake	net/minecraft/class_377$class_11766
CLASS	net/minecraft/client/gui/font/FontSet$SelectedGlyphs	net/minecraft/class_377$class_11640
CLASS	net/minecraft/client/gui/font/FontSet$Source	net/minecraft/class_377$class_11641
CLASS	net/minecraft/client/gui/font/FontTexture	net/minecraft/class_380
CLASS	net/minecraft/client/gui/font/FontTexture$Node	net/minecraft/class_380$class_381
CLASS	net/minecraft/client/gui/font/GlyphRenderTypes	net/minecraft/class_8538
CLASS	net/minecraft/client/gui/font/GlyphRenderTypes$1	net/minecraft/class_8538$1
CLASS	net/minecraft/client/gui/font/GlyphStitcher	net/minecraft/class_11642
CLASS	net/minecraft/client/gui/font/PlainTextRenderable	net/minecraft/class_11878
CLASS	net/minecraft/client/gui/font/PlayerGlyphProvider	net/minecraft/class_11879
CLASS	net/minecraft/client/gui/font/PlayerGlyphProvider$1	net/minecraft/class_11879$1
CLASS	net/minecraft/client/gui/font/PlayerGlyphProvider$1$1	net/minecraft/class_11879$1$1
CLASS	net/minecraft/client/gui/font/PlayerGlyphProvider$Instance	net/minecraft/class_11879$class_11880
CLASS	net/minecraft/client/gui/font/SingleSpriteSource	net/minecraft/class_11715
CLASS	net/minecraft/client/gui/font/TextFieldHelper	net/minecraft/class_3728
CLASS	net/minecraft/client/gui/font/TextFieldHelper$CursorStep	net/minecraft/class_3728$class_7279
CLASS	net/minecraft/client/gui/font/TextRenderable	net/minecraft/class_11767
CLASS	net/minecraft/client/gui/font/TextRenderable$Styled	net/minecraft/class_11767$class_12238
CLASS	net/minecraft/client/gui/font/glyphs/BakedGlyph	net/minecraft/class_11768
CLASS	net/minecraft/client/gui/font/glyphs/BakedSheetGlyph	net/minecraft/class_382
CLASS	net/minecraft/client/gui/font/glyphs/BakedSheetGlyph$EffectInstance	net/minecraft/class_382$class_328
CLASS	net/minecraft/client/gui/font/glyphs/BakedSheetGlyph$GlyphInstance	net/minecraft/class_382$class_10364
CLASS	net/minecraft/client/gui/font/glyphs/EffectGlyph	net/minecraft/class_11769
CLASS	net/minecraft/client/gui/font/glyphs/EmptyGlyph	net/minecraft/class_384
CLASS	net/minecraft/client/gui/font/glyphs/EmptyGlyph$1	net/minecraft/class_384$1
CLASS	net/minecraft/client/gui/font/glyphs/SpecialGlyphs	net/minecraft/class_7191
CLASS	net/minecraft/client/gui/font/glyphs/SpecialGlyphs$1	net/minecraft/class_7191$1
CLASS	net/minecraft/client/gui/font/glyphs/SpecialGlyphs$PixelProvider	net/minecraft/class_7191$class_7192
CLASS	net/minecraft/client/gui/font/glyphs/package-info	net/minecraft/class_6209
CLASS	net/minecraft/client/gui/font/package-info	net/minecraft/class_6210
CLASS	net/minecraft/client/gui/font/providers/BitmapProvider	net/minecraft/class_386
CLASS	net/minecraft/client/gui/font/providers/BitmapProvider$Definition	net/minecraft/class_386$class_387
CLASS	net/minecraft/client/gui/font/providers/BitmapProvider$Glyph	net/minecraft/class_386$class_388
CLASS	net/minecraft/client/gui/font/providers/BitmapProvider$Glyph$1	net/minecraft/class_386$class_388$1
CLASS	net/minecraft/client/gui/font/providers/FreeTypeUtil	net/minecraft/class_9111
CLASS	net/minecraft/client/gui/font/providers/GlyphProviderDefinition	net/minecraft/class_389
CLASS	net/minecraft/client/gui/font/providers/GlyphProviderDefinition$Conditional	net/minecraft/class_389$class_9245
CLASS	net/minecraft/client/gui/font/providers/GlyphProviderDefinition$Loader	net/minecraft/class_389$class_8539
CLASS	net/minecraft/client/gui/font/providers/GlyphProviderDefinition$Reference	net/minecraft/class_389$class_8540
CLASS	net/minecraft/client/gui/font/providers/GlyphProviderType	net/minecraft/class_394
CLASS	net/minecraft/client/gui/font/providers/ProviderReferenceDefinition	net/minecraft/class_8541
CLASS	net/minecraft/client/gui/font/providers/TrueTypeGlyphProviderDefinition	net/minecraft/class_8557
CLASS	net/minecraft/client/gui/font/providers/TrueTypeGlyphProviderDefinition$Shift	net/minecraft/class_8557$class_8558
CLASS	net/minecraft/client/gui/font/providers/UnihexProvider	net/minecraft/class_391
CLASS	net/minecraft/client/gui/font/providers/UnihexProvider$ByteContents	net/minecraft/class_391$class_7736
CLASS	net/minecraft/client/gui/font/providers/UnihexProvider$Definition	net/minecraft/class_391$class_392
CLASS	net/minecraft/client/gui/font/providers/UnihexProvider$Dimensions	net/minecraft/class_391$class_8542
CLASS	net/minecraft/client/gui/font/providers/UnihexProvider$Glyph	net/minecraft/class_391$class_393
CLASS	net/minecraft/client/gui/font/providers/UnihexProvider$Glyph$1	net/minecraft/class_391$class_393$1
CLASS	net/minecraft/client/gui/font/providers/UnihexProvider$Glyph$2	net/minecraft/class_391$class_393$2
CLASS	net/minecraft/client/gui/font/providers/UnihexProvider$IntContents	net/minecraft/class_391$class_8543
CLASS	net/minecraft/client/gui/font/providers/UnihexProvider$LineData	net/minecraft/class_391$class_8544
CLASS	net/minecraft/client/gui/font/providers/UnihexProvider$OverrideRange	net/minecraft/class_391$class_8545
CLASS	net/minecraft/client/gui/font/providers/UnihexProvider$ReaderOutput	net/minecraft/class_391$class_8546
CLASS	net/minecraft/client/gui/font/providers/UnihexProvider$ShortContents	net/minecraft/class_391$class_8547
CLASS	net/minecraft/client/gui/font/providers/package-info	net/minecraft/class_6211
CLASS	net/minecraft/client/gui/layouts/AbstractLayout	net/minecraft/class_7838
CLASS	net/minecraft/client/gui/layouts/AbstractLayout$AbstractChildWrapper	net/minecraft/class_7838$class_7839
CLASS	net/minecraft/client/gui/layouts/CommonLayouts	net/minecraft/class_8767
CLASS	net/minecraft/client/gui/layouts/EqualSpacingLayout	net/minecraft/class_7849
CLASS	net/minecraft/client/gui/layouts/EqualSpacingLayout$ChildContainer	net/minecraft/class_7849$class_7850
CLASS	net/minecraft/client/gui/layouts/EqualSpacingLayout$Orientation	net/minecraft/class_7849$class_7851
CLASS	net/minecraft/client/gui/layouts/FrameLayout	net/minecraft/class_7843
CLASS	net/minecraft/client/gui/layouts/FrameLayout$ChildContainer	net/minecraft/class_7843$class_7844
CLASS	net/minecraft/client/gui/layouts/GridLayout	net/minecraft/class_7845
CLASS	net/minecraft/client/gui/layouts/GridLayout$CellInhabitant	net/minecraft/class_7845$class_7846
CLASS	net/minecraft/client/gui/layouts/GridLayout$RowHelper	net/minecraft/class_7845$class_7939
CLASS	net/minecraft/client/gui/layouts/HeaderAndFooterLayout	net/minecraft/class_8132
CLASS	net/minecraft/client/gui/layouts/Layout	net/minecraft/class_8133
CLASS	net/minecraft/client/gui/layouts/LayoutElement	net/minecraft/class_8021
CLASS	net/minecraft/client/gui/layouts/LayoutSettings	net/minecraft/class_7847
CLASS	net/minecraft/client/gui/layouts/LayoutSettings$LayoutSettingsImpl	net/minecraft/class_7847$class_7848
CLASS	net/minecraft/client/gui/layouts/LinearLayout	net/minecraft/class_8667
CLASS	net/minecraft/client/gui/layouts/LinearLayout$Orientation	net/minecraft/class_8667$class_8668
CLASS	net/minecraft/client/gui/layouts/SpacerElement	net/minecraft/class_7852
CLASS	net/minecraft/client/gui/layouts/package-info	net/minecraft/class_8022
CLASS	net/minecraft/client/gui/narration/NarratableEntry	net/minecraft/class_6379
CLASS	net/minecraft/client/gui/narration/NarratableEntry$NarrationPriority	net/minecraft/class_6379$class_6380
CLASS	net/minecraft/client/gui/narration/NarratedElementType	net/minecraft/class_6381
CLASS	net/minecraft/client/gui/narration/NarrationElementOutput	net/minecraft/class_6382
CLASS	net/minecraft/client/gui/narration/NarrationSupplier	net/minecraft/class_6383
CLASS	net/minecraft/client/gui/narration/NarrationThunk	net/minecraft/class_6384
CLASS	net/minecraft/client/gui/narration/ScreenNarrationCollector	net/minecraft/class_6385
CLASS	net/minecraft/client/gui/narration/ScreenNarrationCollector$1	net/minecraft/class_6385$1
CLASS	net/minecraft/client/gui/narration/ScreenNarrationCollector$EntryKey	net/minecraft/class_6385$class_6386
CLASS	net/minecraft/client/gui/narration/ScreenNarrationCollector$NarrationEntry	net/minecraft/class_6385$class_6387
CLASS	net/minecraft/client/gui/narration/ScreenNarrationCollector$Output	net/minecraft/class_6385$class_6388
CLASS	net/minecraft/client/gui/narration/package-info	net/minecraft/class_6389
CLASS	net/minecraft/client/gui/navigation/FocusNavigationEvent	net/minecraft/class_8023
CLASS	net/minecraft/client/gui/navigation/FocusNavigationEvent$ArrowNavigation	net/minecraft/class_8023$class_8024
CLASS	net/minecraft/client/gui/navigation/FocusNavigationEvent$InitialFocus	net/minecraft/class_8023$class_8025
CLASS	net/minecraft/client/gui/navigation/FocusNavigationEvent$TabNavigation	net/minecraft/class_8023$class_8026
CLASS	net/minecraft/client/gui/navigation/ScreenAxis	net/minecraft/class_8027
CLASS	net/minecraft/client/gui/navigation/ScreenDirection	net/minecraft/class_8028
CLASS	net/minecraft/client/gui/navigation/ScreenPosition	net/minecraft/class_8029
CLASS	net/minecraft/client/gui/navigation/ScreenPosition$1	net/minecraft/class_8029$1
CLASS	net/minecraft/client/gui/navigation/ScreenRectangle	net/minecraft/class_8030
CLASS	net/minecraft/client/gui/navigation/ScreenRectangle$1	net/minecraft/class_8030$1
CLASS	net/minecraft/client/gui/navigation/package-info	net/minecraft/class_8031
CLASS	net/minecraft/client/gui/package-info	net/minecraft/class_6212
CLASS	net/minecraft/client/gui/render/GuiRenderer	net/minecraft/class_11228
CLASS	net/minecraft/client/gui/render/GuiRenderer$1	net/minecraft/class_11228$1
CLASS	net/minecraft/client/gui/render/GuiRenderer$AtlasPosition	net/minecraft/class_11228$class_11229
CLASS	net/minecraft/client/gui/render/GuiRenderer$Draw	net/minecraft/class_11228$class_11230
CLASS	net/minecraft/client/gui/render/GuiRenderer$MeshToDraw	net/minecraft/class_11228$class_11324
CLASS	net/minecraft/client/gui/render/TextureSetup	net/minecraft/class_11231
CLASS	net/minecraft/client/gui/render/package-info	net/minecraft/class_11232
CLASS	net/minecraft/client/gui/render/pip/GuiBannerResultRenderer	net/minecraft/class_11233
CLASS	net/minecraft/client/gui/render/pip/GuiBookModelRenderer	net/minecraft/class_11234
CLASS	net/minecraft/client/gui/render/pip/GuiEntityRenderer	net/minecraft/class_11235
CLASS	net/minecraft/client/gui/render/pip/GuiProfilerChartRenderer	net/minecraft/class_11236
CLASS	net/minecraft/client/gui/render/pip/GuiSignRenderer	net/minecraft/class_11237
CLASS	net/minecraft/client/gui/render/pip/GuiSkinRenderer	net/minecraft/class_11238
CLASS	net/minecraft/client/gui/render/pip/OversizedItemRenderer	net/minecraft/class_11527
CLASS	net/minecraft/client/gui/render/pip/PictureInPictureRenderer	net/minecraft/class_11239
CLASS	net/minecraft/client/gui/render/pip/package-info	net/minecraft/class_11240
CLASS	net/minecraft/client/gui/render/state/BlitRenderState	net/minecraft/class_11241
CLASS	net/minecraft/client/gui/render/state/ColoredRectangleRenderState	net/minecraft/class_11242
CLASS	net/minecraft/client/gui/render/state/GlyphRenderState	net/minecraft/class_11243
CLASS	net/minecraft/client/gui/render/state/GuiElementRenderState	net/minecraft/class_11244
CLASS	net/minecraft/client/gui/render/state/GuiItemRenderState	net/minecraft/class_11245
CLASS	net/minecraft/client/gui/render/state/GuiRenderState	net/minecraft/class_11246
CLASS	net/minecraft/client/gui/render/state/GuiRenderState$Node	net/minecraft/class_11246$class_11276
CLASS	net/minecraft/client/gui/render/state/GuiRenderState$TraverseRange	net/minecraft/class_11246$class_11325
CLASS	net/minecraft/client/gui/render/state/GuiTextRenderState	net/minecraft/class_11247
CLASS	net/minecraft/client/gui/render/state/ScreenArea	net/minecraft/class_11384
CLASS	net/minecraft/client/gui/render/state/TiledBlitRenderState	net/minecraft/class_12035
CLASS	net/minecraft/client/gui/render/state/package-info	net/minecraft/class_11249
CLASS	net/minecraft/client/gui/render/state/pip/GuiBannerResultRenderState	net/minecraft/class_11250
CLASS	net/minecraft/client/gui/render/state/pip/GuiBookModelRenderState	net/minecraft/class_11251
CLASS	net/minecraft/client/gui/render/state/pip/GuiEntityRenderState	net/minecraft/class_11252
CLASS	net/minecraft/client/gui/render/state/pip/GuiProfilerChartRenderState	net/minecraft/class_11253
CLASS	net/minecraft/client/gui/render/state/pip/GuiSignRenderState	net/minecraft/class_11254
CLASS	net/minecraft/client/gui/render/state/pip/GuiSkinRenderState	net/minecraft/class_11255
CLASS	net/minecraft/client/gui/render/state/pip/OversizedItemRenderState	net/minecraft/class_11528
CLASS	net/minecraft/client/gui/render/state/pip/PictureInPictureRenderState	net/minecraft/class_11256
CLASS	net/minecraft/client/gui/render/state/pip/package-info	net/minecraft/class_11257
CLASS	net/minecraft/client/gui/screens/AccessibilityOnboardingScreen	net/minecraft/class_8032
CLASS	net/minecraft/client/gui/screens/AlertScreen	net/minecraft/class_403
CLASS	net/minecraft/client/gui/screens/BackupConfirmScreen	net/minecraft/class_405
CLASS	net/minecraft/client/gui/screens/BackupConfirmScreen$Listener	net/minecraft/class_405$class_406
CLASS	net/minecraft/client/gui/screens/BanNoticeScreens	net/minecraft/class_7588
CLASS	net/minecraft/client/gui/screens/ChatScreen	net/minecraft/class_408
CLASS	net/minecraft/client/gui/screens/ChatScreen$1	net/minecraft/class_408$1
CLASS	net/minecraft/client/gui/screens/ChatScreen$ChatConstructor	net/minecraft/class_408$class_11738
CLASS	net/minecraft/client/gui/screens/ChatScreen$ExitReason	net/minecraft/class_408$class_11739
CLASS	net/minecraft/client/gui/screens/ConfirmLinkScreen	net/minecraft/class_407
CLASS	net/minecraft/client/gui/screens/ConfirmScreen	net/minecraft/class_410
CLASS	net/minecraft/client/gui/screens/ConnectScreen	net/minecraft/class_412
CLASS	net/minecraft/client/gui/screens/ConnectScreen$1	net/minecraft/class_412$1
CLASS	net/minecraft/client/gui/screens/ConnectScreen$2	net/minecraft/class_412$2
CLASS	net/minecraft/client/gui/screens/CreateBuffetWorldScreen	net/minecraft/class_415
CLASS	net/minecraft/client/gui/screens/CreateBuffetWorldScreen$BiomeList	net/minecraft/class_415$class_4190
CLASS	net/minecraft/client/gui/screens/CreateBuffetWorldScreen$BiomeList$Entry	net/minecraft/class_415$class_4190$class_4191
CLASS	net/minecraft/client/gui/screens/CreateFlatWorldScreen	net/minecraft/class_413
CLASS	net/minecraft/client/gui/screens/CreateFlatWorldScreen$DetailsList	net/minecraft/class_413$class_4192
CLASS	net/minecraft/client/gui/screens/CreateFlatWorldScreen$DetailsList$Entry	net/minecraft/class_413$class_4192$class_11770
CLASS	net/minecraft/client/gui/screens/CreateFlatWorldScreen$DetailsList$HeaderEntry	net/minecraft/class_413$class_4192$class_11771
CLASS	net/minecraft/client/gui/screens/CreateFlatWorldScreen$DetailsList$LayerEntry	net/minecraft/class_413$class_4192$class_4193
CLASS	net/minecraft/client/gui/screens/CreditsAndAttributionScreen	net/minecraft/class_8219
CLASS	net/minecraft/client/gui/screens/DatapackLoadFailureScreen	net/minecraft/class_5346
CLASS	net/minecraft/client/gui/screens/DeathScreen	net/minecraft/class_418
CLASS	net/minecraft/client/gui/screens/DeathScreen$TitleConfirmScreen	net/minecraft/class_418$class_8183
CLASS	net/minecraft/client/gui/screens/DemoIntroScreen	net/minecraft/class_417
CLASS	net/minecraft/client/gui/screens/DirectJoinServerScreen	net/minecraft/class_420
CLASS	net/minecraft/client/gui/screens/DisconnectedScreen	net/minecraft/class_419
CLASS	net/minecraft/client/gui/screens/ErrorScreen	net/minecraft/class_421
CLASS	net/minecraft/client/gui/screens/FaviconTexture	net/minecraft/class_8573
CLASS	net/minecraft/client/gui/screens/GenericMessageScreen	net/minecraft/class_424
CLASS	net/minecraft/client/gui/screens/GenericWaitingScreen	net/minecraft/class_7534
CLASS	net/minecraft/client/gui/screens/InBedChatScreen	net/minecraft/class_423
CLASS	net/minecraft/client/gui/screens/LevelLoadingScreen	net/minecraft/class_3928
CLASS	net/minecraft/client/gui/screens/LevelLoadingScreen$Reason	net/minecraft/class_3928$class_9678
CLASS	net/minecraft/client/gui/screens/LoadingDotsText	net/minecraft/class_7413
CLASS	net/minecraft/client/gui/screens/LoadingOverlay	net/minecraft/class_425
CLASS	net/minecraft/client/gui/screens/LoadingOverlay$LogoTexture	net/minecraft/class_425$class_4070
CLASS	net/minecraft/client/gui/screens/ManageServerScreen	net/minecraft/class_422
CLASS	net/minecraft/client/gui/screens/MenuScreens	net/minecraft/class_3929
CLASS	net/minecraft/client/gui/screens/MenuScreens$ScreenConstructor	net/minecraft/class_3929$class_3930
CLASS	net/minecraft/client/gui/screens/NoticeWithLinkScreen	net/minecraft/class_8669
CLASS	net/minecraft/client/gui/screens/OutOfMemoryScreen	net/minecraft/class_428
CLASS	net/minecraft/client/gui/screens/Overlay	net/minecraft/class_4071
CLASS	net/minecraft/client/gui/screens/PauseScreen	net/minecraft/class_433
CLASS	net/minecraft/client/gui/screens/PauseScreen$FeedbackSubScreen	net/minecraft/class_433$class_9804
CLASS	net/minecraft/client/gui/screens/PresetFlatWorldScreen	net/minecraft/class_430
CLASS	net/minecraft/client/gui/screens/PresetFlatWorldScreen$PresetsList	net/minecraft/class_430$class_4196
CLASS	net/minecraft/client/gui/screens/PresetFlatWorldScreen$PresetsList$Entry	net/minecraft/class_430$class_4196$class_432
CLASS	net/minecraft/client/gui/screens/ProgressScreen	net/minecraft/class_435
CLASS	net/minecraft/client/gui/screens/RecoverWorldDataScreen	net/minecraft/class_8897
CLASS	net/minecraft/client/gui/screens/Screen	net/minecraft/class_437
CLASS	net/minecraft/client/gui/screens/Screen$NarratableSearchResult	net/minecraft/class_437$class_6390
CLASS	net/minecraft/client/gui/screens/ShareToLanScreen	net/minecraft/class_436
CLASS	net/minecraft/client/gui/screens/TitleScreen	net/minecraft/class_442
CLASS	net/minecraft/client/gui/screens/WinScreen	net/minecraft/class_445
CLASS	net/minecraft/client/gui/screens/WinScreen$CreditsReader	net/minecraft/class_445$class_6824
CLASS	net/minecraft/client/gui/screens/achievement/StatsScreen	net/minecraft/class_447
CLASS	net/minecraft/client/gui/screens/achievement/StatsScreen$GeneralStatisticsList	net/minecraft/class_447$class_4198
CLASS	net/minecraft/client/gui/screens/achievement/StatsScreen$GeneralStatisticsList$Entry	net/minecraft/class_447$class_4198$class_4197
CLASS	net/minecraft/client/gui/screens/achievement/StatsScreen$ItemStatisticsList	net/minecraft/class_447$class_4200
CLASS	net/minecraft/client/gui/screens/achievement/StatsScreen$ItemStatisticsList$Entry	net/minecraft/class_447$class_4200$class_11772
CLASS	net/minecraft/client/gui/screens/achievement/StatsScreen$ItemStatisticsList$HeaderEntry	net/minecraft/class_447$class_4200$class_11773
CLASS	net/minecraft/client/gui/screens/achievement/StatsScreen$ItemStatisticsList$HeaderEntry$StatSortButton	net/minecraft/class_447$class_4200$class_11773$class_11774
CLASS	net/minecraft/client/gui/screens/achievement/StatsScreen$ItemStatisticsList$ItemRow	net/minecraft/class_447$class_4200$class_4199
CLASS	net/minecraft/client/gui/screens/achievement/StatsScreen$ItemStatisticsList$ItemRow$ItemRowWidget	net/minecraft/class_447$class_4200$class_4199$class_11775
CLASS	net/minecraft/client/gui/screens/achievement/StatsScreen$ItemStatisticsList$ItemRowComparator	net/minecraft/class_447$class_4200$class_450
CLASS	net/minecraft/client/gui/screens/achievement/StatsScreen$MobsStatisticsList	net/minecraft/class_447$class_4202
CLASS	net/minecraft/client/gui/screens/achievement/StatsScreen$MobsStatisticsList$MobRow	net/minecraft/class_447$class_4202$class_4201
CLASS	net/minecraft/client/gui/screens/achievement/StatsScreen$StatisticsTab	net/minecraft/class_447$class_11776
CLASS	net/minecraft/client/gui/screens/achievement/package-info	net/minecraft/class_6213
CLASS	net/minecraft/client/gui/screens/advancements/AdvancementTab	net/minecraft/class_454
CLASS	net/minecraft/client/gui/screens/advancements/AdvancementTabType	net/minecraft/class_453
CLASS	net/minecraft/client/gui/screens/advancements/AdvancementTabType$Sprites	net/minecraft/class_453$class_8670
CLASS	net/minecraft/client/gui/screens/advancements/AdvancementWidget	net/minecraft/class_456
CLASS	net/minecraft/client/gui/screens/advancements/AdvancementWidgetType	net/minecraft/class_455
CLASS	net/minecraft/client/gui/screens/advancements/AdvancementWidgetType$1	net/minecraft/class_455$1
CLASS	net/minecraft/client/gui/screens/advancements/AdvancementsScreen	net/minecraft/class_457
CLASS	net/minecraft/client/gui/screens/advancements/package-info	net/minecraft/class_6214
CLASS	net/minecraft/client/gui/screens/debug/DebugOptionsScreen	net/minecraft/class_11644
CLASS	net/minecraft/client/gui/screens/debug/DebugOptionsScreen$AbstractOptionEntry	net/minecraft/class_11644$class_11645
CLASS	net/minecraft/client/gui/screens/debug/DebugOptionsScreen$CategoryEntry	net/minecraft/class_11644$class_11646
CLASS	net/minecraft/client/gui/screens/debug/DebugOptionsScreen$CategoryEntry$1	net/minecraft/class_11644$class_11646$1
CLASS	net/minecraft/client/gui/screens/debug/DebugOptionsScreen$OptionEntry	net/minecraft/class_11644$class_11647
CLASS	net/minecraft/client/gui/screens/debug/DebugOptionsScreen$OptionList	net/minecraft/class_11644$class_11648
CLASS	net/minecraft/client/gui/screens/debug/GameModeSwitcherScreen	net/minecraft/class_5289
CLASS	net/minecraft/client/gui/screens/debug/GameModeSwitcherScreen$1	net/minecraft/class_5289$1
CLASS	net/minecraft/client/gui/screens/debug/GameModeSwitcherScreen$GameModeIcon	net/minecraft/class_5289$class_5290
CLASS	net/minecraft/client/gui/screens/debug/GameModeSwitcherScreen$GameModeSlot	net/minecraft/class_5289$class_5291
CLASS	net/minecraft/client/gui/screens/debug/package-info	net/minecraft/class_6391
CLASS	net/minecraft/client/gui/screens/dialog/ButtonListDialogScreen	net/minecraft/class_11471
CLASS	net/minecraft/client/gui/screens/dialog/DialogConnectionAccess	net/minecraft/class_11513
CLASS	net/minecraft/client/gui/screens/dialog/DialogControlSet	net/minecraft/class_11529
CLASS	net/minecraft/client/gui/screens/dialog/DialogListDialogScreen	net/minecraft/class_11472
CLASS	net/minecraft/client/gui/screens/dialog/DialogScreen	net/minecraft/class_11473
CLASS	net/minecraft/client/gui/screens/dialog/DialogScreen$1	net/minecraft/class_11473$1
CLASS	net/minecraft/client/gui/screens/dialog/DialogScreen$WarningScreen	net/minecraft/class_11473$class_11514
CLASS	net/minecraft/client/gui/screens/dialog/DialogScreens	net/minecraft/class_11474
CLASS	net/minecraft/client/gui/screens/dialog/DialogScreens$Factory	net/minecraft/class_11474$class_11475
CLASS	net/minecraft/client/gui/screens/dialog/MultiButtonDialogScreen	net/minecraft/class_11478
CLASS	net/minecraft/client/gui/screens/dialog/ServerLinksDialogScreen	net/minecraft/class_11479
CLASS	net/minecraft/client/gui/screens/dialog/SimpleDialogScreen	net/minecraft/class_11480
CLASS	net/minecraft/client/gui/screens/dialog/WaitingForResponseScreen	net/minecraft/class_11530
CLASS	net/minecraft/client/gui/screens/dialog/body/DialogBodyHandler	net/minecraft/class_11482
CLASS	net/minecraft/client/gui/screens/dialog/body/DialogBodyHandlers	net/minecraft/class_11483
CLASS	net/minecraft/client/gui/screens/dialog/body/DialogBodyHandlers$ItemHandler	net/minecraft/class_11483$class_11484
CLASS	net/minecraft/client/gui/screens/dialog/body/DialogBodyHandlers$PlainMessageHandler	net/minecraft/class_11483$class_11485
CLASS	net/minecraft/client/gui/screens/dialog/body/package-info	net/minecraft/class_11486
CLASS	net/minecraft/client/gui/screens/dialog/input/InputControlHandler	net/minecraft/class_11487
CLASS	net/minecraft/client/gui/screens/dialog/input/InputControlHandler$Output	net/minecraft/class_11487$class_11488
CLASS	net/minecraft/client/gui/screens/dialog/input/InputControlHandlers	net/minecraft/class_11489
CLASS	net/minecraft/client/gui/screens/dialog/input/InputControlHandlers$BooleanHandler	net/minecraft/class_11489$class_11490
CLASS	net/minecraft/client/gui/screens/dialog/input/InputControlHandlers$BooleanHandler$1	net/minecraft/class_11489$class_11490$1
CLASS	net/minecraft/client/gui/screens/dialog/input/InputControlHandlers$NumberRangeHandler	net/minecraft/class_11489$class_11491
CLASS	net/minecraft/client/gui/screens/dialog/input/InputControlHandlers$NumberRangeHandler$1	net/minecraft/class_11489$class_11491$1
CLASS	net/minecraft/client/gui/screens/dialog/input/InputControlHandlers$NumberRangeHandler$SliderImpl	net/minecraft/class_11489$class_11491$class_11492
CLASS	net/minecraft/client/gui/screens/dialog/input/InputControlHandlers$SingleOptionHandler	net/minecraft/class_11489$class_11493
CLASS	net/minecraft/client/gui/screens/dialog/input/InputControlHandlers$TextInputHandler	net/minecraft/class_11489$class_11494
CLASS	net/minecraft/client/gui/screens/dialog/input/InputControlHandlers$TextInputHandler$1	net/minecraft/class_11489$class_11494$1
CLASS	net/minecraft/client/gui/screens/dialog/input/package-info	net/minecraft/class_11495
CLASS	net/minecraft/client/gui/screens/dialog/package-info	net/minecraft/class_11496
CLASS	net/minecraft/client/gui/screens/inventory/AbstractCommandBlockEditScreen	net/minecraft/class_463
CLASS	net/minecraft/client/gui/screens/inventory/AbstractCommandBlockEditScreen$1	net/minecraft/class_463$1
CLASS	net/minecraft/client/gui/screens/inventory/AbstractContainerScreen	net/minecraft/class_465
CLASS	net/minecraft/client/gui/screens/inventory/AbstractContainerScreen$SnapbackData	net/minecraft/class_465$class_11277
CLASS	net/minecraft/client/gui/screens/inventory/AbstractFurnaceScreen	net/minecraft/class_489
CLASS	net/minecraft/client/gui/screens/inventory/AbstractMountInventoryScreen	net/minecraft/class_12348
CLASS	net/minecraft/client/gui/screens/inventory/AbstractRecipeBookScreen	net/minecraft/class_10260
CLASS	net/minecraft/client/gui/screens/inventory/AbstractSignEditScreen	net/minecraft/class_7743
CLASS	net/minecraft/client/gui/screens/inventory/AnvilScreen	net/minecraft/class_471
CLASS	net/minecraft/client/gui/screens/inventory/BeaconScreen	net/minecraft/class_466
CLASS	net/minecraft/client/gui/screens/inventory/BeaconScreen$1	net/minecraft/class_466$1
CLASS	net/minecraft/client/gui/screens/inventory/BeaconScreen$BeaconButton	net/minecraft/class_466$class_6392
CLASS	net/minecraft/client/gui/screens/inventory/BeaconScreen$BeaconCancelButton	net/minecraft/class_466$class_467
CLASS	net/minecraft/client/gui/screens/inventory/BeaconScreen$BeaconConfirmButton	net/minecraft/class_466$class_468
CLASS	net/minecraft/client/gui/screens/inventory/BeaconScreen$BeaconPowerButton	net/minecraft/class_466$class_469
CLASS	net/minecraft/client/gui/screens/inventory/BeaconScreen$BeaconScreenButton	net/minecraft/class_466$class_470
CLASS	net/minecraft/client/gui/screens/inventory/BeaconScreen$BeaconSpriteScreenButton	net/minecraft/class_466$class_4072
CLASS	net/minecraft/client/gui/screens/inventory/BeaconScreen$BeaconUpgradePowerButton	net/minecraft/class_466$class_6393
CLASS	net/minecraft/client/gui/screens/inventory/BlastFurnaceScreen	net/minecraft/class_3871
CLASS	net/minecraft/client/gui/screens/inventory/BookEditScreen	net/minecraft/class_473
CLASS	net/minecraft/client/gui/screens/inventory/BookSignScreen	net/minecraft/class_11385
CLASS	net/minecraft/client/gui/screens/inventory/BookViewScreen	net/minecraft/class_3872
CLASS	net/minecraft/client/gui/screens/inventory/BookViewScreen$BookAccess	net/minecraft/class_3872$class_3931
CLASS	net/minecraft/client/gui/screens/inventory/BrewingStandScreen	net/minecraft/class_472
CLASS	net/minecraft/client/gui/screens/inventory/CartographyTableScreen	net/minecraft/class_3934
CLASS	net/minecraft/client/gui/screens/inventory/CommandBlockEditScreen	net/minecraft/class_477
CLASS	net/minecraft/client/gui/screens/inventory/CommandBlockEditScreen$1	net/minecraft/class_477$1
CLASS	net/minecraft/client/gui/screens/inventory/ContainerScreen	net/minecraft/class_476
CLASS	net/minecraft/client/gui/screens/inventory/CrafterScreen	net/minecraft/class_8898
CLASS	net/minecraft/client/gui/screens/inventory/CrafterScreen$1	net/minecraft/class_8898$1
CLASS	net/minecraft/client/gui/screens/inventory/CraftingScreen	net/minecraft/class_479
CLASS	net/minecraft/client/gui/screens/inventory/CreativeInventoryListener	net/minecraft/class_478
CLASS	net/minecraft/client/gui/screens/inventory/CreativeModeInventoryScreen	net/minecraft/class_481
CLASS	net/minecraft/client/gui/screens/inventory/CreativeModeInventoryScreen$CustomCreativeSlot	net/minecraft/class_481$class_482
CLASS	net/minecraft/client/gui/screens/inventory/CreativeModeInventoryScreen$ItemPickerMenu	net/minecraft/class_481$class_483
CLASS	net/minecraft/client/gui/screens/inventory/CreativeModeInventoryScreen$SlotWrapper	net/minecraft/class_481$class_484
CLASS	net/minecraft/client/gui/screens/inventory/CyclingSlotBackground	net/minecraft/class_8064
CLASS	net/minecraft/client/gui/screens/inventory/DispenserScreen	net/minecraft/class_480
CLASS	net/minecraft/client/gui/screens/inventory/EffectsInInventory	net/minecraft/class_485
CLASS	net/minecraft/client/gui/screens/inventory/EnchantmentNames	net/minecraft/class_487
CLASS	net/minecraft/client/gui/screens/inventory/EnchantmentScreen	net/minecraft/class_486
CLASS	net/minecraft/client/gui/screens/inventory/FurnaceScreen	net/minecraft/class_3873
CLASS	net/minecraft/client/gui/screens/inventory/GrindstoneScreen	net/minecraft/class_3802
CLASS	net/minecraft/client/gui/screens/inventory/HangingSignEditScreen	net/minecraft/class_7744
CLASS	net/minecraft/client/gui/screens/inventory/HopperScreen	net/minecraft/class_488
CLASS	net/minecraft/client/gui/screens/inventory/HorseInventoryScreen	net/minecraft/class_491
CLASS	net/minecraft/client/gui/screens/inventory/InventoryScreen	net/minecraft/class_490
CLASS	net/minecraft/client/gui/screens/inventory/ItemCombinerScreen	net/minecraft/class_4894
CLASS	net/minecraft/client/gui/screens/inventory/JigsawBlockEditScreen	net/minecraft/class_3742
CLASS	net/minecraft/client/gui/screens/inventory/JigsawBlockEditScreen$1	net/minecraft/class_3742$1
CLASS	net/minecraft/client/gui/screens/inventory/LecternScreen	net/minecraft/class_3935
CLASS	net/minecraft/client/gui/screens/inventory/LecternScreen$1	net/minecraft/class_3935$1
CLASS	net/minecraft/client/gui/screens/inventory/LoomScreen	net/minecraft/class_494
CLASS	net/minecraft/client/gui/screens/inventory/MenuAccess	net/minecraft/class_3936
CLASS	net/minecraft/client/gui/screens/inventory/MerchantScreen	net/minecraft/class_492
CLASS	net/minecraft/client/gui/screens/inventory/MerchantScreen$TradeOfferButton	net/minecraft/class_492$class_493
CLASS	net/minecraft/client/gui/screens/inventory/MinecartCommandBlockEditScreen	net/minecraft/class_496
CLASS	net/minecraft/client/gui/screens/inventory/NautilusInventoryScreen	net/minecraft/class_12349
CLASS	net/minecraft/client/gui/screens/inventory/PageButton	net/minecraft/class_474
CLASS	net/minecraft/client/gui/screens/inventory/ShulkerBoxScreen	net/minecraft/class_495
CLASS	net/minecraft/client/gui/screens/inventory/SignEditScreen	net/minecraft/class_498
CLASS	net/minecraft/client/gui/screens/inventory/SmithingScreen	net/minecraft/class_4895
CLASS	net/minecraft/client/gui/screens/inventory/SmokerScreen	net/minecraft/class_3874
CLASS	net/minecraft/client/gui/screens/inventory/StonecutterScreen	net/minecraft/class_3979
CLASS	net/minecraft/client/gui/screens/inventory/StructureBlockEditScreen	net/minecraft/class_497
CLASS	net/minecraft/client/gui/screens/inventory/StructureBlockEditScreen$1	net/minecraft/class_497$1
CLASS	net/minecraft/client/gui/screens/inventory/StructureBlockEditScreen$2	net/minecraft/class_497$2
CLASS	net/minecraft/client/gui/screens/inventory/TestBlockEditScreen	net/minecraft/class_10642
CLASS	net/minecraft/client/gui/screens/inventory/TestInstanceBlockEditScreen	net/minecraft/class_10643
CLASS	net/minecraft/client/gui/screens/inventory/TestInstanceBlockEditScreen$1	net/minecraft/class_10643$1
CLASS	net/minecraft/client/gui/screens/inventory/package-info	net/minecraft/class_6217
CLASS	net/minecraft/client/gui/screens/inventory/tooltip/BelowOrAboveWidgetTooltipPositioner	net/minecraft/class_7999
CLASS	net/minecraft/client/gui/screens/inventory/tooltip/ClientActivePlayersTooltip	net/minecraft/class_9805
CLASS	net/minecraft/client/gui/screens/inventory/tooltip/ClientActivePlayersTooltip$ActivePlayersTooltip	net/minecraft/class_9805$class_9806
CLASS	net/minecraft/client/gui/screens/inventory/tooltip/ClientBundleTooltip	net/minecraft/class_5682
CLASS	net/minecraft/client/gui/screens/inventory/tooltip/ClientTextTooltip	net/minecraft/class_5683
CLASS	net/minecraft/client/gui/screens/inventory/tooltip/ClientTooltipComponent	net/minecraft/class_5684
CLASS	net/minecraft/client/gui/screens/inventory/tooltip/ClientTooltipPositioner	net/minecraft/class_8000
CLASS	net/minecraft/client/gui/screens/inventory/tooltip/DefaultTooltipPositioner	net/minecraft/class_8001
CLASS	net/minecraft/client/gui/screens/inventory/tooltip/MenuTooltipPositioner	net/minecraft/class_8092
CLASS	net/minecraft/client/gui/screens/inventory/tooltip/TooltipRenderUtil	net/minecraft/class_8002
CLASS	net/minecraft/client/gui/screens/inventory/tooltip/package-info	net/minecraft/class_6664
CLASS	net/minecraft/client/gui/screens/multiplayer/CodeOfConductScreen	net/minecraft/class_11777
CLASS	net/minecraft/client/gui/screens/multiplayer/JoinMultiplayerScreen	net/minecraft/class_500
CLASS	net/minecraft/client/gui/screens/multiplayer/SafetyScreen	net/minecraft/class_4749
CLASS	net/minecraft/client/gui/screens/multiplayer/ServerReconfigScreen	net/minecraft/class_8671
CLASS	net/minecraft/client/gui/screens/multiplayer/ServerSelectionList	net/minecraft/class_4267
CLASS	net/minecraft/client/gui/screens/multiplayer/ServerSelectionList$1	net/minecraft/class_4267$1
CLASS	net/minecraft/client/gui/screens/multiplayer/ServerSelectionList$Entry	net/minecraft/class_4267$class_504
CLASS	net/minecraft/client/gui/screens/multiplayer/ServerSelectionList$LANHeader	net/minecraft/class_4267$class_4268
CLASS	net/minecraft/client/gui/screens/multiplayer/ServerSelectionList$NetworkServerEntry	net/minecraft/class_4267$class_4269
CLASS	net/minecraft/client/gui/screens/multiplayer/ServerSelectionList$OnlineServerEntry	net/minecraft/class_4267$class_4270
CLASS	net/minecraft/client/gui/screens/multiplayer/WarningScreen	net/minecraft/class_7065
CLASS	net/minecraft/client/gui/screens/multiplayer/package-info	net/minecraft/class_6218
CLASS	net/minecraft/client/gui/screens/options/AccessibilityOptionsScreen	net/minecraft/class_4189
CLASS	net/minecraft/client/gui/screens/options/ChatOptionsScreen	net/minecraft/class_404
CLASS	net/minecraft/client/gui/screens/options/FontOptionsScreen	net/minecraft/class_9246
CLASS	net/minecraft/client/gui/screens/options/LanguageSelectScreen	net/minecraft/class_426
CLASS	net/minecraft/client/gui/screens/options/LanguageSelectScreen$LanguageSelectionList	net/minecraft/class_426$class_4195
CLASS	net/minecraft/client/gui/screens/options/LanguageSelectScreen$LanguageSelectionList$Entry	net/minecraft/class_426$class_4195$class_4194
CLASS	net/minecraft/client/gui/screens/options/MouseSettingsScreen	net/minecraft/class_4288
CLASS	net/minecraft/client/gui/screens/options/OnlineOptionsScreen	net/minecraft/class_6777
CLASS	net/minecraft/client/gui/screens/options/OptionsScreen	net/minecraft/class_429
CLASS	net/minecraft/client/gui/screens/options/OptionsSubScreen	net/minecraft/class_4667
CLASS	net/minecraft/client/gui/screens/options/SkinCustomizationScreen	net/minecraft/class_440
CLASS	net/minecraft/client/gui/screens/options/SoundOptionsScreen	net/minecraft/class_443
CLASS	net/minecraft/client/gui/screens/options/UnsupportedGraphicsWarningScreen	net/minecraft/class_5405
CLASS	net/minecraft/client/gui/screens/options/UnsupportedGraphicsWarningScreen$ButtonOption	net/minecraft/class_5405$class_5406
CLASS	net/minecraft/client/gui/screens/options/VideoSettingsScreen	net/minecraft/class_446
CLASS	net/minecraft/client/gui/screens/options/controls/ControlsScreen	net/minecraft/class_458
CLASS	net/minecraft/client/gui/screens/options/controls/KeyBindsList	net/minecraft/class_459
CLASS	net/minecraft/client/gui/screens/options/controls/KeyBindsList$CategoryEntry	net/minecraft/class_459$class_460
CLASS	net/minecraft/client/gui/screens/options/controls/KeyBindsList$Entry	net/minecraft/class_459$class_461
CLASS	net/minecraft/client/gui/screens/options/controls/KeyBindsList$KeyEntry	net/minecraft/class_459$class_462
CLASS	net/minecraft/client/gui/screens/options/controls/KeyBindsScreen	net/minecraft/class_6599
CLASS	net/minecraft/client/gui/screens/options/controls/package-info	net/minecraft/class_9755
CLASS	net/minecraft/client/gui/screens/options/package-info	net/minecraft/class_9756
CLASS	net/minecraft/client/gui/screens/package-info	net/minecraft/class_6219
CLASS	net/minecraft/client/gui/screens/packs/PackSelectionModel	net/minecraft/class_5369
CLASS	net/minecraft/client/gui/screens/packs/PackSelectionModel$Entry	net/minecraft/class_5369$class_5371
CLASS	net/minecraft/client/gui/screens/packs/PackSelectionModel$EntryBase	net/minecraft/class_5369$class_5372
CLASS	net/minecraft/client/gui/screens/packs/PackSelectionModel$SelectedPackEntry	net/minecraft/class_5369$class_5373
CLASS	net/minecraft/client/gui/screens/packs/PackSelectionModel$UnselectedPackEntry	net/minecraft/class_5369$class_5374
CLASS	net/minecraft/client/gui/screens/packs/PackSelectionScreen	net/minecraft/class_5375
CLASS	net/minecraft/client/gui/screens/packs/PackSelectionScreen$1	net/minecraft/class_5375$1
CLASS	net/minecraft/client/gui/screens/packs/PackSelectionScreen$Watcher	net/minecraft/class_5375$class_5426
CLASS	net/minecraft/client/gui/screens/packs/TransferableSelectionList	net/minecraft/class_521
CLASS	net/minecraft/client/gui/screens/packs/TransferableSelectionList$Entry	net/minecraft/class_521$class_11778
CLASS	net/minecraft/client/gui/screens/packs/TransferableSelectionList$HeaderEntry	net/minecraft/class_521$class_11779
CLASS	net/minecraft/client/gui/screens/packs/TransferableSelectionList$PackEntry	net/minecraft/class_521$class_4271
CLASS	net/minecraft/client/gui/screens/packs/package-info	net/minecraft/class_6220
CLASS	net/minecraft/client/gui/screens/recipebook/CraftingRecipeBookComponent	net/minecraft/class_9933
CLASS	net/minecraft/client/gui/screens/recipebook/FurnaceRecipeBookComponent	net/minecraft/class_517
CLASS	net/minecraft/client/gui/screens/recipebook/GhostSlots	net/minecraft/class_9934
CLASS	net/minecraft/client/gui/screens/recipebook/GhostSlots$GhostSlot	net/minecraft/class_9934$class_9935
CLASS	net/minecraft/client/gui/screens/recipebook/OverlayRecipeComponent	net/minecraft/class_508
CLASS	net/minecraft/client/gui/screens/recipebook/OverlayRecipeComponent$OverlayCraftingRecipeButton	net/minecraft/class_508$class_9936
CLASS	net/minecraft/client/gui/screens/recipebook/OverlayRecipeComponent$OverlayRecipeButton	net/minecraft/class_508$class_509
CLASS	net/minecraft/client/gui/screens/recipebook/OverlayRecipeComponent$OverlayRecipeButton$Pos	net/minecraft/class_508$class_509$class_510
CLASS	net/minecraft/client/gui/screens/recipebook/OverlayRecipeComponent$OverlaySmeltingRecipeButton	net/minecraft/class_508$class_511
CLASS	net/minecraft/client/gui/screens/recipebook/RecipeBookComponent	net/minecraft/class_507
CLASS	net/minecraft/client/gui/screens/recipebook/RecipeBookComponent$TabInfo	net/minecraft/class_507$class_10329
CLASS	net/minecraft/client/gui/screens/recipebook/RecipeBookPage	net/minecraft/class_513
CLASS	net/minecraft/client/gui/screens/recipebook/RecipeBookTabButton	net/minecraft/class_512
CLASS	net/minecraft/client/gui/screens/recipebook/RecipeButton	net/minecraft/class_514
CLASS	net/minecraft/client/gui/screens/recipebook/RecipeButton$ResolvedEntry	net/minecraft/class_514$class_10330
CLASS	net/minecraft/client/gui/screens/recipebook/RecipeCollection	net/minecraft/class_516
CLASS	net/minecraft/client/gui/screens/recipebook/RecipeCollection$CraftableStatus	net/minecraft/class_516$class_9937
CLASS	net/minecraft/client/gui/screens/recipebook/RecipeUpdateListener	net/minecraft/class_518
CLASS	net/minecraft/client/gui/screens/recipebook/SearchRecipeBookCategory	net/minecraft/class_10331
CLASS	net/minecraft/client/gui/screens/recipebook/SlotSelectTime	net/minecraft/class_9938
CLASS	net/minecraft/client/gui/screens/recipebook/package-info	net/minecraft/class_6221
CLASS	net/minecraft/client/gui/screens/reporting/AbstractReportScreen	net/minecraft/class_8768
CLASS	net/minecraft/client/gui/screens/reporting/AbstractReportScreen$DiscardReportWarningScreen	net/minecraft/class_8768$class_7539
CLASS	net/minecraft/client/gui/screens/reporting/ChatReportScreen	net/minecraft/class_7538
CLASS	net/minecraft/client/gui/screens/reporting/ChatSelectionLogFiller	net/minecraft/class_7541
CLASS	net/minecraft/client/gui/screens/reporting/ChatSelectionLogFiller$Output	net/minecraft/class_7541$class_7542
CLASS	net/minecraft/client/gui/screens/reporting/ChatSelectionScreen	net/minecraft/class_7543
CLASS	net/minecraft/client/gui/screens/reporting/ChatSelectionScreen$ChatSelectionList	net/minecraft/class_7543$class_7544
CLASS	net/minecraft/client/gui/screens/reporting/ChatSelectionScreen$ChatSelectionList$DividerEntry	net/minecraft/class_7543$class_7544$class_7545
CLASS	net/minecraft/client/gui/screens/reporting/ChatSelectionScreen$ChatSelectionList$Entry	net/minecraft/class_7543$class_7544$class_7546
CLASS	net/minecraft/client/gui/screens/reporting/ChatSelectionScreen$ChatSelectionList$Heading	net/minecraft/class_7543$class_7544$class_7547
CLASS	net/minecraft/client/gui/screens/reporting/ChatSelectionScreen$ChatSelectionList$MessageEntry	net/minecraft/class_7543$class_7544$class_7548
CLASS	net/minecraft/client/gui/screens/reporting/ChatSelectionScreen$ChatSelectionList$MessageHeadingEntry	net/minecraft/class_7543$class_7544$class_7549
CLASS	net/minecraft/client/gui/screens/reporting/ChatSelectionScreen$ChatSelectionList$PaddingEntry	net/minecraft/class_7543$class_7544$class_7550
CLASS	net/minecraft/client/gui/screens/reporting/NameReportScreen	net/minecraft/class_8769
CLASS	net/minecraft/client/gui/screens/reporting/ReportPlayerScreen	net/minecraft/class_8770
CLASS	net/minecraft/client/gui/screens/reporting/ReportReasonSelectionScreen	net/minecraft/class_7551
CLASS	net/minecraft/client/gui/screens/reporting/ReportReasonSelectionScreen$ReasonSelectionList	net/minecraft/class_7551$class_7552
CLASS	net/minecraft/client/gui/screens/reporting/ReportReasonSelectionScreen$ReasonSelectionList$Entry	net/minecraft/class_7551$class_7552$class_7553
CLASS	net/minecraft/client/gui/screens/reporting/SkinReportScreen	net/minecraft/class_8771
CLASS	net/minecraft/client/gui/screens/reporting/package-info	net/minecraft/class_7554
CLASS	net/minecraft/client/gui/screens/social/PlayerEntry	net/minecraft/class_5519
CLASS	net/minecraft/client/gui/screens/social/PlayerEntry$1	net/minecraft/class_5519$1
CLASS	net/minecraft/client/gui/screens/social/PlayerEntry$2	net/minecraft/class_5519$2
CLASS	net/minecraft/client/gui/screens/social/PlayerEntry$3	net/minecraft/class_5519$3
CLASS	net/minecraft/client/gui/screens/social/PlayerSocialManager	net/minecraft/class_5520
CLASS	net/minecraft/client/gui/screens/social/SocialInteractionsPlayerList	net/minecraft/class_5521
CLASS	net/minecraft/client/gui/screens/social/SocialInteractionsScreen	net/minecraft/class_5522
CLASS	net/minecraft/client/gui/screens/social/SocialInteractionsScreen$1	net/minecraft/class_5522$1
CLASS	net/minecraft/client/gui/screens/social/SocialInteractionsScreen$Page	net/minecraft/class_5522$class_5523
CLASS	net/minecraft/client/gui/screens/social/package-info	net/minecraft/class_6222
CLASS	net/minecraft/client/gui/screens/telemetry/TelemetryEventWidget	net/minecraft/class_7941
CLASS	net/minecraft/client/gui/screens/telemetry/TelemetryEventWidget$Content	net/minecraft/class_7941$class_7942
CLASS	net/minecraft/client/gui/screens/telemetry/TelemetryEventWidget$ContentBuilder	net/minecraft/class_7941$class_7943
CLASS	net/minecraft/client/gui/screens/telemetry/TelemetryInfoScreen	net/minecraft/class_7944
CLASS	net/minecraft/client/gui/screens/telemetry/package-info	net/minecraft/class_7945
CLASS	net/minecraft/client/gui/screens/worldselection/ConfirmExperimentalFeaturesScreen	net/minecraft/class_7745
CLASS	net/minecraft/client/gui/screens/worldselection/ConfirmExperimentalFeaturesScreen$DetailsScreen	net/minecraft/class_7745$class_7746
CLASS	net/minecraft/client/gui/screens/worldselection/ConfirmExperimentalFeaturesScreen$DetailsScreen$PackList	net/minecraft/class_7745$class_7746$class_7747
CLASS	net/minecraft/client/gui/screens/worldselection/ConfirmExperimentalFeaturesScreen$DetailsScreen$PackListEntry	net/minecraft/class_7745$class_7746$class_7748
CLASS	net/minecraft/client/gui/screens/worldselection/CreateWorldCallback	net/minecraft/class_10241
CLASS	net/minecraft/client/gui/screens/worldselection/CreateWorldScreen	net/minecraft/class_525
CLASS	net/minecraft/client/gui/screens/worldselection/CreateWorldScreen$GameTab	net/minecraft/class_525$class_8093
CLASS	net/minecraft/client/gui/screens/worldselection/CreateWorldScreen$MoreTab	net/minecraft/class_525$class_8094
CLASS	net/minecraft/client/gui/screens/worldselection/CreateWorldScreen$WorldTab	net/minecraft/class_525$class_8095
CLASS	net/minecraft/client/gui/screens/worldselection/CreateWorldScreen$WorldTab$1	net/minecraft/class_525$class_8095$1
CLASS	net/minecraft/client/gui/screens/worldselection/CreateWorldScreen$WorldTab$2	net/minecraft/class_525$class_8095$2
CLASS	net/minecraft/client/gui/screens/worldselection/DataPackReloadCookie	net/minecraft/class_7749
CLASS	net/minecraft/client/gui/screens/worldselection/EditGameRulesScreen	net/minecraft/class_5235
CLASS	net/minecraft/client/gui/screens/worldselection/EditGameRulesScreen$BooleanRuleEntry	net/minecraft/class_5235$class_5236
CLASS	net/minecraft/client/gui/screens/worldselection/EditGameRulesScreen$CategoryRuleEntry	net/minecraft/class_5235$class_5237
CLASS	net/minecraft/client/gui/screens/worldselection/EditGameRulesScreen$CategoryRuleEntry$1	net/minecraft/class_5235$class_5237$1
CLASS	net/minecraft/client/gui/screens/worldselection/EditGameRulesScreen$EntryFactory	net/minecraft/class_5235$class_5238
CLASS	net/minecraft/client/gui/screens/worldselection/EditGameRulesScreen$GameRuleEntry	net/minecraft/class_5235$class_5400
CLASS	net/minecraft/client/gui/screens/worldselection/EditGameRulesScreen$IntegerRuleEntry	net/minecraft/class_5235$class_5239
CLASS	net/minecraft/client/gui/screens/worldselection/EditGameRulesScreen$RuleEntry	net/minecraft/class_5235$class_5240
CLASS	net/minecraft/client/gui/screens/worldselection/EditGameRulesScreen$RuleList	net/minecraft/class_5235$class_5241
CLASS	net/minecraft/client/gui/screens/worldselection/EditGameRulesScreen$RuleList$1	net/minecraft/class_5235$class_5241$1
CLASS	net/minecraft/client/gui/screens/worldselection/EditWorldScreen	net/minecraft/class_524
CLASS	net/minecraft/client/gui/screens/worldselection/ExperimentsScreen	net/minecraft/class_8134
CLASS	net/minecraft/client/gui/screens/worldselection/InitialWorldCreationOptions	net/minecraft/class_10220
CLASS	net/minecraft/client/gui/screens/worldselection/OptimizeWorldScreen	net/minecraft/class_527
CLASS	net/minecraft/client/gui/screens/worldselection/PresetEditor	net/minecraft/class_5293
CLASS	net/minecraft/client/gui/screens/worldselection/SelectWorldScreen	net/minecraft/class_526
CLASS	net/minecraft/client/gui/screens/worldselection/SwitchGrid	net/minecraft/class_8096
CLASS	net/minecraft/client/gui/screens/worldselection/SwitchGrid$Builder	net/minecraft/class_8096$class_8097
CLASS	net/minecraft/client/gui/screens/worldselection/SwitchGrid$InfoUnderneathSettings	net/minecraft/class_8096$class_8135
CLASS	net/minecraft/client/gui/screens/worldselection/SwitchGrid$LabeledSwitch	net/minecraft/class_8096$class_8098
CLASS	net/minecraft/client/gui/screens/worldselection/SwitchGrid$SwitchBuilder	net/minecraft/class_8096$class_8099
CLASS	net/minecraft/client/gui/screens/worldselection/WorldCreationContext	net/minecraft/class_7193
CLASS	net/minecraft/client/gui/screens/worldselection/WorldCreationContext$DimensionsUpdater	net/minecraft/class_7193$class_7195
CLASS	net/minecraft/client/gui/screens/worldselection/WorldCreationContext$OptionsModifier	net/minecraft/class_7193$class_7194
CLASS	net/minecraft/client/gui/screens/worldselection/WorldCreationContextMapper	net/minecraft/class_10221
CLASS	net/minecraft/client/gui/screens/worldselection/WorldCreationUiState	net/minecraft/class_8100
CLASS	net/minecraft/client/gui/screens/worldselection/WorldCreationUiState$SelectedGameMode	net/minecraft/class_8100$class_4539
CLASS	net/minecraft/client/gui/screens/worldselection/WorldCreationUiState$WorldTypeEntry	net/minecraft/class_8100$class_8101
CLASS	net/minecraft/client/gui/screens/worldselection/WorldOpenFlows	net/minecraft/class_7196
CLASS	net/minecraft/client/gui/screens/worldselection/WorldOpenFlows$1Data	net/minecraft/class_7196$class_7750
CLASS	net/minecraft/client/gui/screens/worldselection/WorldSelectionList	net/minecraft/class_528
CLASS	net/minecraft/client/gui/screens/worldselection/WorldSelectionList$Builder	net/minecraft/class_528$class_11780
CLASS	net/minecraft/client/gui/screens/worldselection/WorldSelectionList$Entry	net/minecraft/class_528$class_7414
CLASS	net/minecraft/client/gui/screens/worldselection/WorldSelectionList$EntryType	net/minecraft/class_528$class_11781
CLASS	net/minecraft/client/gui/screens/worldselection/WorldSelectionList$LoadingHeader	net/minecraft/class_528$class_7415
CLASS	net/minecraft/client/gui/screens/worldselection/WorldSelectionList$NoWorldsEntry	net/minecraft/class_528$class_11782
CLASS	net/minecraft/client/gui/screens/worldselection/WorldSelectionList$WorldListEntry	net/minecraft/class_528$class_4272
CLASS	net/minecraft/client/gui/screens/worldselection/package-info	net/minecraft/class_6223
CLASS	net/minecraft/client/gui/spectator/PlayerMenuItem	net/minecraft/class_530
CLASS	net/minecraft/client/gui/spectator/RootSpectatorMenuCategory	net/minecraft/class_534
CLASS	net/minecraft/client/gui/spectator/SpectatorMenu	net/minecraft/class_531
CLASS	net/minecraft/client/gui/spectator/SpectatorMenu$1	net/minecraft/class_531$1
CLASS	net/minecraft/client/gui/spectator/SpectatorMenu$CloseSpectatorItem	net/minecraft/class_531$class_532
CLASS	net/minecraft/client/gui/spectator/SpectatorMenu$ScrollMenuItem	net/minecraft/class_531$class_533
CLASS	net/minecraft/client/gui/spectator/SpectatorMenuCategory	net/minecraft/class_535
CLASS	net/minecraft/client/gui/spectator/SpectatorMenuItem	net/minecraft/class_537
CLASS	net/minecraft/client/gui/spectator/SpectatorMenuListener	net/minecraft/class_536
CLASS	net/minecraft/client/gui/spectator/categories/SpectatorPage	net/minecraft/class_539
CLASS	net/minecraft/client/gui/spectator/categories/TeleportToPlayerMenuCategory	net/minecraft/class_538
CLASS	net/minecraft/client/gui/spectator/categories/TeleportToTeamMenuCategory	net/minecraft/class_540
CLASS	net/minecraft/client/gui/spectator/categories/TeleportToTeamMenuCategory$TeamSelectionItem	net/minecraft/class_540$class_541
CLASS	net/minecraft/client/gui/spectator/categories/package-info	net/minecraft/class_6224
CLASS	net/minecraft/client/gui/spectator/package-info	net/minecraft/class_6225
CLASS	net/minecraft/client/input/CharacterEvent	net/minecraft/class_11905
CLASS	net/minecraft/client/input/InputQuirks	net/minecraft/class_11906
CLASS	net/minecraft/client/input/InputWithModifiers	net/minecraft/class_11907
CLASS	net/minecraft/client/input/InputWithModifiers$Modifiers	net/minecraft/class_11907$class_12145
CLASS	net/minecraft/client/input/KeyEvent	net/minecraft/class_11908
CLASS	net/minecraft/client/input/KeyEvent$Action	net/minecraft/class_11908$class_12146
CLASS	net/minecraft/client/input/MouseButtonEvent	net/minecraft/class_11909
CLASS	net/minecraft/client/input/MouseButtonInfo	net/minecraft/class_11910
CLASS	net/minecraft/client/input/MouseButtonInfo$Action	net/minecraft/class_11910$class_12147
CLASS	net/minecraft/client/input/MouseButtonInfo$MouseButton	net/minecraft/class_11910$class_12148
CLASS	net/minecraft/client/input/package-info	net/minecraft/class_11911
CLASS	net/minecraft/client/main/GameConfig	net/minecraft/class_542
CLASS	net/minecraft/client/main/GameConfig$FolderData	net/minecraft/class_542$class_544
CLASS	net/minecraft/client/main/GameConfig$GameData	net/minecraft/class_542$class_545
CLASS	net/minecraft/client/main/GameConfig$QuickPlayData	net/minecraft/class_542$class_8495
CLASS	net/minecraft/client/main/GameConfig$QuickPlayDisabled	net/minecraft/class_542$class_11392
CLASS	net/minecraft/client/main/GameConfig$QuickPlayMultiplayerData	net/minecraft/class_542$class_11393
CLASS	net/minecraft/client/main/GameConfig$QuickPlayRealmsData	net/minecraft/class_542$class_11394
CLASS	net/minecraft/client/main/GameConfig$QuickPlaySinglePlayerData	net/minecraft/class_542$class_11395
CLASS	net/minecraft/client/main/GameConfig$QuickPlayVariant	net/minecraft/class_542$class_11396
CLASS	net/minecraft/client/main/GameConfig$UserData	net/minecraft/class_542$class_547
CLASS	net/minecraft/client/main/SilentInitException	net/minecraft/class_4718
CLASS	net/minecraft/client/main/package-info	net/minecraft/class_6226
CLASS	net/minecraft/client/model/AdultAndBabyModelPair	net/minecraft/class_10602
CLASS	net/minecraft/client/model/AnimationUtils	net/minecraft/class_4896
CLASS	net/minecraft/client/model/ArmedModel	net/minecraft/class_3881
CLASS	net/minecraft/client/model/BabyModelTransform	net/minecraft/class_9941
CLASS	net/minecraft/client/model/EntityModel	net/minecraft/class_583
CLASS	net/minecraft/client/model/HeadedModel	net/minecraft/class_3882
CLASS	net/minecraft/client/model/HumanoidModel	net/minecraft/class_572
CLASS	net/minecraft/client/model/HumanoidModel$1	net/minecraft/class_572$1
CLASS	net/minecraft/client/model/HumanoidModel$ArmPose	net/minecraft/class_572$class_573
CLASS	net/minecraft/client/model/HumanoidModel$ArmPose$1	net/minecraft/class_572$class_573$1
CLASS	net/minecraft/client/model/Model	net/minecraft/class_3879
CLASS	net/minecraft/client/model/Model$Simple	net/minecraft/class_3879$class_9948
CLASS	net/minecraft/client/model/QuadrupedModel	net/minecraft/class_597
CLASS	net/minecraft/client/model/VillagerLikeModel	net/minecraft/class_3884
CLASS	net/minecraft/client/model/ambient/BatModel	net/minecraft/class_553
CLASS	net/minecraft/client/model/ambient/package-info	net/minecraft/class_12394
CLASS	net/minecraft/client/model/animal/allay/AllayModel	net/minecraft/class_7308
CLASS	net/minecraft/client/model/animal/allay/package-info	net/minecraft/class_12395
CLASS	net/minecraft/client/model/animal/armadillo/ArmadilloModel	net/minecraft/class_9082
CLASS	net/minecraft/client/model/animal/armadillo/package-info	net/minecraft/class_12396
CLASS	net/minecraft/client/model/animal/axolotl/AxolotlModel	net/minecraft/class_5772
CLASS	net/minecraft/client/model/animal/axolotl/package-info	net/minecraft/class_12397
CLASS	net/minecraft/client/model/animal/bee/BeeModel	net/minecraft/class_4495
CLASS	net/minecraft/client/model/animal/bee/BeeStingerModel	net/minecraft/class_9942
CLASS	net/minecraft/client/model/animal/bee/package-info	net/minecraft/class_12398
CLASS	net/minecraft/client/model/animal/camel/CamelModel	net/minecraft/class_7751
CLASS	net/minecraft/client/model/animal/camel/CamelSaddleModel	net/minecraft/class_10647
CLASS	net/minecraft/client/model/animal/camel/package-info	net/minecraft/class_12399
CLASS	net/minecraft/client/model/animal/chicken/ChickenModel	net/minecraft/class_558
CLASS	net/minecraft/client/model/animal/chicken/ColdChickenModel	net/minecraft/class_10764
CLASS	net/minecraft/client/model/animal/chicken/package-info	net/minecraft/class_12400
CLASS	net/minecraft/client/model/animal/cow/ColdCowModel	net/minecraft/class_10746
CLASS	net/minecraft/client/model/animal/cow/CowModel	net/minecraft/class_560
CLASS	net/minecraft/client/model/animal/cow/WarmCowModel	net/minecraft/class_10747
CLASS	net/minecraft/client/model/animal/cow/package-info	net/minecraft/class_12401
CLASS	net/minecraft/client/model/animal/dolphin/DolphinModel	net/minecraft/class_889
CLASS	net/minecraft/client/model/animal/dolphin/package-info	net/minecraft/class_12402
CLASS	net/minecraft/client/model/animal/equine/AbstractEquineModel	net/minecraft/class_549
CLASS	net/minecraft/client/model/animal/equine/DonkeyModel	net/minecraft/class_9945
CLASS	net/minecraft/client/model/animal/equine/EquineSaddleModel	net/minecraft/class_10648
CLASS	net/minecraft/client/model/animal/equine/HorseModel	net/minecraft/class_9947
CLASS	net/minecraft/client/model/animal/equine/package-info	net/minecraft/class_12403
CLASS	net/minecraft/client/model/animal/feline/CatModel	net/minecraft/class_3680
CLASS	net/minecraft/client/model/animal/feline/FelineModel	net/minecraft/class_582
CLASS	net/minecraft/client/model/animal/feline/OcelotModel	net/minecraft/class_9949
CLASS	net/minecraft/client/model/animal/feline/package-info	net/minecraft/class_12404
CLASS	net/minecraft/client/model/animal/fish/CodModel	net/minecraft/class_561
CLASS	net/minecraft/client/model/animal/fish/PufferfishBigModel	net/minecraft/class_592
CLASS	net/minecraft/client/model/animal/fish/PufferfishMidModel	net/minecraft/class_595
CLASS	net/minecraft/client/model/animal/fish/PufferfishSmallModel	net/minecraft/class_594
CLASS	net/minecraft/client/model/animal/fish/SalmonModel	net/minecraft/class_599
CLASS	net/minecraft/client/model/animal/fish/TropicalFishLargeModel	net/minecraft/class_615
CLASS	net/minecraft/client/model/animal/fish/TropicalFishSmallModel	net/minecraft/class_612
CLASS	net/minecraft/client/model/animal/fish/package-info	net/minecraft/class_12405
CLASS	net/minecraft/client/model/animal/fox/FoxModel	net/minecraft/class_4041
CLASS	net/minecraft/client/model/animal/fox/package-info	net/minecraft/class_12406
CLASS	net/minecraft/client/model/animal/frog/FrogModel	net/minecraft/class_7198
CLASS	net/minecraft/client/model/animal/frog/TadpoleModel	net/minecraft/class_7201
CLASS	net/minecraft/client/model/animal/frog/package-info	net/minecraft/class_12407
CLASS	net/minecraft/client/model/animal/ghast/HappyGhastHarnessModel	net/minecraft/class_11259
CLASS	net/minecraft/client/model/animal/ghast/HappyGhastModel	net/minecraft/class_11260
CLASS	net/minecraft/client/model/animal/ghast/package-info	net/minecraft/class_12408
CLASS	net/minecraft/client/model/animal/goat/GoatModel	net/minecraft/class_6227
CLASS	net/minecraft/client/model/animal/goat/package-info	net/minecraft/class_12409
CLASS	net/minecraft/client/model/animal/golem/CopperGolemModel	net/minecraft/class_11651
CLASS	net/minecraft/client/model/animal/golem/IronGolemModel	net/minecraft/class_574
CLASS	net/minecraft/client/model/animal/golem/SnowGolemModel	net/minecraft/class_608
CLASS	net/minecraft/client/model/animal/golem/package-info	net/minecraft/class_12410
CLASS	net/minecraft/client/model/animal/llama/LlamaModel	net/minecraft/class_578
CLASS	net/minecraft/client/model/animal/llama/LlamaSpitModel	net/minecraft/class_581
CLASS	net/minecraft/client/model/animal/llama/package-info	net/minecraft/class_12411
CLASS	net/minecraft/client/model/animal/nautilus/NautilusArmorModel	net/minecraft/class_12149
CLASS	net/minecraft/client/model/animal/nautilus/NautilusModel	net/minecraft/class_12150
CLASS	net/minecraft/client/model/animal/nautilus/NautilusSaddleModel	net/minecraft/class_12151
CLASS	net/minecraft/client/model/animal/nautilus/package-info	net/minecraft/class_12412
CLASS	net/minecraft/client/model/animal/package-info	net/minecraft/class_12413
CLASS	net/minecraft/client/model/animal/panda/PandaModel	net/minecraft/class_586
CLASS	net/minecraft/client/model/animal/panda/package-info	net/minecraft/class_12414
CLASS	net/minecraft/client/model/animal/parrot/ParrotModel	net/minecraft/class_584
CLASS	net/minecraft/client/model/animal/parrot/ParrotModel$Pose	net/minecraft/class_584$class_585
CLASS	net/minecraft/client/model/animal/parrot/package-info	net/minecraft/class_12415
CLASS	net/minecraft/client/model/animal/pig/ColdPigModel	net/minecraft/class_10603
CLASS	net/minecraft/client/model/animal/pig/PigModel	net/minecraft/class_587
CLASS	net/minecraft/client/model/animal/pig/package-info	net/minecraft/class_12416
CLASS	net/minecraft/client/model/animal/polarbear/PolarBearModel	net/minecraft/class_590
CLASS	net/minecraft/client/model/animal/polarbear/package-info	net/minecraft/class_12417
CLASS	net/minecraft/client/model/animal/rabbit/RabbitModel	net/minecraft/class_596
CLASS	net/minecraft/client/model/animal/rabbit/package-info	net/minecraft/class_12418
CLASS	net/minecraft/client/model/animal/sheep/SheepFurModel	net/minecraft/class_598
CLASS	net/minecraft/client/model/animal/sheep/SheepModel	net/minecraft/class_601
CLASS	net/minecraft/client/model/animal/sheep/package-info	net/minecraft/class_12419
CLASS	net/minecraft/client/model/animal/sniffer/SnifferModel	net/minecraft/class_8185
CLASS	net/minecraft/client/model/animal/sniffer/package-info	net/minecraft/class_12420
CLASS	net/minecraft/client/model/animal/squid/SquidModel	net/minecraft/class_610
CLASS	net/minecraft/client/model/animal/squid/package-info	net/minecraft/class_12421
CLASS	net/minecraft/client/model/animal/turtle/TurtleModel	net/minecraft/class_614
CLASS	net/minecraft/client/model/animal/turtle/package-info	net/minecraft/class_12422
CLASS	net/minecraft/client/model/animal/wolf/WolfModel	net/minecraft/class_624
CLASS	net/minecraft/client/model/animal/wolf/package-info	net/minecraft/class_12423
CLASS	net/minecraft/client/model/effects/EvokerFangsModel	net/minecraft/class_568
CLASS	net/minecraft/client/model/effects/SpearAnimations	net/minecraft/class_12152
CLASS	net/minecraft/client/model/effects/SpearAnimations$UseParams	net/minecraft/class_12152$class_12153
CLASS	net/minecraft/client/model/effects/SpinAttackEffectModel	net/minecraft/class_10169
CLASS	net/minecraft/client/model/effects/package-info	net/minecraft/class_12424
CLASS	net/minecraft/client/model/geom/EntityModelSet	net/minecraft/class_5599
CLASS	net/minecraft/client/model/geom/LayerDefinitions	net/minecraft/class_5600
CLASS	net/minecraft/client/model/geom/ModelLayerLocation	net/minecraft/class_5601
CLASS	net/minecraft/client/model/geom/ModelLayers	net/minecraft/class_5602
CLASS	net/minecraft/client/model/geom/ModelPart	net/minecraft/class_630
CLASS	net/minecraft/client/model/geom/ModelPart$Cube	net/minecraft/class_630$class_628
CLASS	net/minecraft/client/model/geom/ModelPart$Polygon	net/minecraft/class_630$class_593
CLASS	net/minecraft/client/model/geom/ModelPart$Vertex	net/minecraft/class_630$class_618
CLASS	net/minecraft/client/model/geom/ModelPart$Visitor	net/minecraft/class_630$class_6229
CLASS	net/minecraft/client/model/geom/PartNames	net/minecraft/class_6230
CLASS	net/minecraft/client/model/geom/PartPose	net/minecraft/class_5603
CLASS	net/minecraft/client/model/geom/builders/CubeDefinition	net/minecraft/class_5604
CLASS	net/minecraft/client/model/geom/builders/CubeDeformation	net/minecraft/class_5605
CLASS	net/minecraft/client/model/geom/builders/CubeListBuilder	net/minecraft/class_5606
CLASS	net/minecraft/client/model/geom/builders/LayerDefinition	net/minecraft/class_5607
CLASS	net/minecraft/client/model/geom/builders/MaterialDefinition	net/minecraft/class_5608
CLASS	net/minecraft/client/model/geom/builders/MeshDefinition	net/minecraft/class_5609
CLASS	net/minecraft/client/model/geom/builders/MeshTransformer	net/minecraft/class_9953
CLASS	net/minecraft/client/model/geom/builders/PartDefinition	net/minecraft/class_5610
CLASS	net/minecraft/client/model/geom/builders/UVPair	net/minecraft/class_5611
CLASS	net/minecraft/client/model/geom/builders/package-info	net/minecraft/class_6231
CLASS	net/minecraft/client/model/geom/package-info	net/minecraft/class_6232
CLASS	net/minecraft/client/model/monster/blaze/BlazeModel	net/minecraft/class_555
CLASS	net/minecraft/client/model/monster/blaze/package-info	net/minecraft/class_12425
CLASS	net/minecraft/client/model/monster/breeze/BreezeModel	net/minecraft/class_8973
CLASS	net/minecraft/client/model/monster/breeze/package-info	net/minecraft/class_12426
CLASS	net/minecraft/client/model/monster/creaking/CreakingModel	net/minecraft/class_10332
CLASS	net/minecraft/client/model/monster/creaking/package-info	net/minecraft/class_12427
CLASS	net/minecraft/client/model/monster/creeper/CreeperModel	net/minecraft/class_562
CLASS	net/minecraft/client/model/monster/creeper/package-info	net/minecraft/class_12428
CLASS	net/minecraft/client/model/monster/dragon/EnderDragonModel	net/minecraft/class_625
CLASS	net/minecraft/client/model/monster/dragon/package-info	net/minecraft/class_12429
CLASS	net/minecraft/client/model/monster/enderman/EndermanModel	net/minecraft/class_566
CLASS	net/minecraft/client/model/monster/enderman/package-info	net/minecraft/class_12430
CLASS	net/minecraft/client/model/monster/endermite/EndermiteModel	net/minecraft/class_565
CLASS	net/minecraft/client/model/monster/endermite/package-info	net/minecraft/class_12431
CLASS	net/minecraft/client/model/monster/ghast/GhastModel	net/minecraft/class_567
CLASS	net/minecraft/client/model/monster/ghast/package-info	net/minecraft/class_12432
CLASS	net/minecraft/client/model/monster/guardian/GuardianModel	net/minecraft/class_570
CLASS	net/minecraft/client/model/monster/guardian/GuardianParticleModel	net/minecraft/class_11912
CLASS	net/minecraft/client/model/monster/guardian/package-info	net/minecraft/class_12433
CLASS	net/minecraft/client/model/monster/hoglin/HoglinModel	net/minecraft/class_4791
CLASS	net/minecraft/client/model/monster/hoglin/package-info	net/minecraft/class_12434
CLASS	net/minecraft/client/model/monster/illager/IllagerModel	net/minecraft/class_575
CLASS	net/minecraft/client/model/monster/illager/package-info	net/minecraft/class_12435
CLASS	net/minecraft/client/model/monster/nautilus/ZombieNautilusCoralModel	net/minecraft/class_12334
CLASS	net/minecraft/client/model/monster/nautilus/package-info	net/minecraft/class_12436
CLASS	net/minecraft/client/model/monster/phantom/PhantomModel	net/minecraft/class_588
CLASS	net/minecraft/client/model/monster/phantom/package-info	net/minecraft/class_12437
CLASS	net/minecraft/client/model/monster/piglin/AbstractPiglinModel	net/minecraft/class_9939
CLASS	net/minecraft/client/model/monster/piglin/PiglinModel	net/minecraft/class_4840
CLASS	net/minecraft/client/model/monster/piglin/ZombifiedPiglinModel	net/minecraft/class_9952
CLASS	net/minecraft/client/model/monster/piglin/package-info	net/minecraft/class_12438
CLASS	net/minecraft/client/model/monster/ravager/RavagerModel	net/minecraft/class_571
CLASS	net/minecraft/client/model/monster/ravager/package-info	net/minecraft/class_12439
CLASS	net/minecraft/client/model/monster/shulker/ShulkerModel	net/minecraft/class_602
CLASS	net/minecraft/client/model/monster/shulker/package-info	net/minecraft/class_12440
CLASS	net/minecraft/client/model/monster/silverfish/SilverfishModel	net/minecraft/class_604
CLASS	net/minecraft/client/model/monster/silverfish/package-info	net/minecraft/class_12441
CLASS	net/minecraft/client/model/monster/skeleton/BoggedModel	net/minecraft/class_9321
CLASS	net/minecraft/client/model/monster/skeleton/SkeletonModel	net/minecraft/class_606
CLASS	net/minecraft/client/model/monster/skeleton/package-info	net/minecraft/class_12442
CLASS	net/minecraft/client/model/monster/slime/MagmaCubeModel	net/minecraft/class_576
CLASS	net/minecraft/client/model/monster/slime/SlimeModel	net/minecraft/class_609
CLASS	net/minecraft/client/model/monster/slime/package-info	net/minecraft/class_12443
CLASS	net/minecraft/client/model/monster/spider/SpiderModel	net/minecraft/class_611
CLASS	net/minecraft/client/model/monster/spider/package-info	net/minecraft/class_12444
CLASS	net/minecraft/client/model/monster/strider/StriderModel	net/minecraft/class_4997
CLASS	net/minecraft/client/model/monster/strider/package-info	net/minecraft/class_12445
CLASS	net/minecraft/client/model/monster/vex/VexModel	net/minecraft/class_617
CLASS	net/minecraft/client/model/monster/vex/package-info	net/minecraft/class_12446
CLASS	net/minecraft/client/model/monster/warden/WardenModel	net/minecraft/class_7280
CLASS	net/minecraft/client/model/monster/warden/package-info	net/minecraft/class_12447
CLASS	net/minecraft/client/model/monster/witch/WitchModel	net/minecraft/class_622
CLASS	net/minecraft/client/model/monster/witch/package-info	net/minecraft/class_12448
CLASS	net/minecraft/client/model/monster/wither/WitherBossModel	net/minecraft/class_621
CLASS	net/minecraft/client/model/monster/wither/package-info	net/minecraft/class_12449
CLASS	net/minecraft/client/model/monster/zombie/AbstractZombieModel	net/minecraft/class_3968
CLASS	net/minecraft/client/model/monster/zombie/DrownedModel	net/minecraft/class_564
CLASS	net/minecraft/client/model/monster/zombie/GiantZombieModel	net/minecraft/class_3969
CLASS	net/minecraft/client/model/monster/zombie/ZombieModel	net/minecraft/class_623
CLASS	net/minecraft/client/model/monster/zombie/ZombieVillagerModel	net/minecraft/class_619
CLASS	net/minecraft/client/model/monster/zombie/package-info	net/minecraft/class_12450
CLASS	net/minecraft/client/model/npc/VillagerModel	net/minecraft/class_620
CLASS	net/minecraft/client/model/npc/package-info	net/minecraft/class_12451
CLASS	net/minecraft/client/model/object/armorstand/ArmorStandArmorModel	net/minecraft/class_548
CLASS	net/minecraft/client/model/object/armorstand/ArmorStandModel	net/minecraft/class_551
CLASS	net/minecraft/client/model/object/armorstand/package-info	net/minecraft/class_12452
CLASS	net/minecraft/client/model/object/banner/BannerFlagModel	net/minecraft/class_10377
CLASS	net/minecraft/client/model/object/banner/BannerModel	net/minecraft/class_10378
CLASS	net/minecraft/client/model/object/banner/package-info	net/minecraft/class_12453
CLASS	net/minecraft/client/model/object/bell/BellModel	net/minecraft/class_9943
CLASS	net/minecraft/client/model/object/bell/BellModel$1	net/minecraft/class_9943$1
CLASS	net/minecraft/client/model/object/bell/BellModel$State	net/minecraft/class_9943$class_11649
CLASS	net/minecraft/client/model/object/bell/package-info	net/minecraft/class_12454
CLASS	net/minecraft/client/model/object/boat/AbstractBoatModel	net/minecraft/class_10261
CLASS	net/minecraft/client/model/object/boat/BoatModel	net/minecraft/class_554
CLASS	net/minecraft/client/model/object/boat/RaftModel	net/minecraft/class_7754
CLASS	net/minecraft/client/model/object/boat/package-info	net/minecraft/class_12455
CLASS	net/minecraft/client/model/object/book/BookModel	net/minecraft/class_557
CLASS	net/minecraft/client/model/object/book/BookModel$State	net/minecraft/class_557$class_11650
CLASS	net/minecraft/client/model/object/book/package-info	net/minecraft/class_12456
CLASS	net/minecraft/client/model/object/cart/MinecartModel	net/minecraft/class_580
CLASS	net/minecraft/client/model/object/cart/package-info	net/minecraft/class_12457
CLASS	net/minecraft/client/model/object/chest/ChestModel	net/minecraft/class_9944
CLASS	net/minecraft/client/model/object/chest/package-info	net/minecraft/class_12458
CLASS	net/minecraft/client/model/object/crystal/EndCrystalModel	net/minecraft/class_9946
CLASS	net/minecraft/client/model/object/crystal/package-info	net/minecraft/class_12459
CLASS	net/minecraft/client/model/object/equipment/ElytraModel	net/minecraft/class_563
CLASS	net/minecraft/client/model/object/equipment/ShieldModel	net/minecraft/class_600
CLASS	net/minecraft/client/model/object/equipment/package-info	net/minecraft/class_12460
CLASS	net/minecraft/client/model/object/leash/LeashKnotModel	net/minecraft/class_579
CLASS	net/minecraft/client/model/object/leash/package-info	net/minecraft/class_12461
CLASS	net/minecraft/client/model/object/projectile/ArrowModel	net/minecraft/class_9940
CLASS	net/minecraft/client/model/object/projectile/ShulkerBulletModel	net/minecraft/class_603
CLASS	net/minecraft/client/model/object/projectile/TridentModel	net/minecraft/class_613
CLASS	net/minecraft/client/model/object/projectile/WindChargeModel	net/minecraft/class_8974
CLASS	net/minecraft/client/model/object/projectile/package-info	net/minecraft/class_12462
CLASS	net/minecraft/client/model/object/skull/DragonHeadModel	net/minecraft/class_626
CLASS	net/minecraft/client/model/object/skull/PiglinHeadModel	net/minecraft/class_7946
CLASS	net/minecraft/client/model/object/skull/SkullModel	net/minecraft/class_607
CLASS	net/minecraft/client/model/object/skull/SkullModelBase	net/minecraft/class_5598
CLASS	net/minecraft/client/model/object/skull/SkullModelBase$State	net/minecraft/class_5598$class_11652
CLASS	net/minecraft/client/model/object/skull/package-info	net/minecraft/class_12463
CLASS	net/minecraft/client/model/object/statue/CopperGolemStatueModel	net/minecraft/class_11783
CLASS	net/minecraft/client/model/object/statue/package-info	net/minecraft/class_12464
CLASS	net/minecraft/client/model/package-info	net/minecraft/class_6233
CLASS	net/minecraft/client/model/player/PlayerCapeModel	net/minecraft/class_9950
CLASS	net/minecraft/client/model/player/PlayerEarsModel	net/minecraft/class_9951
CLASS	net/minecraft/client/model/player/PlayerModel	net/minecraft/class_591
CLASS	net/minecraft/client/model/player/package-info	net/minecraft/class_12465
CLASS	net/minecraft/client/multiplayer/AccountProfileKeyPairManager	net/minecraft/class_7434
CLASS	net/minecraft/client/multiplayer/CacheSlot	net/minecraft/class_10719
CLASS	net/minecraft/client/multiplayer/CacheSlot$Cleaner	net/minecraft/class_10719$class_10720
CLASS	net/minecraft/client/multiplayer/ChunkBatchSizeCalculator	net/minecraft/class_8760
CLASS	net/minecraft/client/multiplayer/ClientAdvancements	net/minecraft/class_632
CLASS	net/minecraft/client/multiplayer/ClientAdvancements$Listener	net/minecraft/class_632$class_633
CLASS	net/minecraft/client/multiplayer/ClientChunkCache	net/minecraft/class_631
CLASS	net/minecraft/client/multiplayer/ClientChunkCache$Storage	net/minecraft/class_631$class_3681
CLASS	net/minecraft/client/multiplayer/ClientCommonPacketListenerImpl	net/minecraft/class_8673
CLASS	net/minecraft/client/multiplayer/ClientCommonPacketListenerImpl$CommonDialogAccess	net/minecraft/class_8673$class_11740
CLASS	net/minecraft/client/multiplayer/ClientCommonPacketListenerImpl$DeferredPacket	net/minecraft/class_8673$class_8137
CLASS	net/minecraft/client/multiplayer/ClientCommonPacketListenerImpl$PackConfirmScreen	net/minecraft/class_8673$class_9058
CLASS	net/minecraft/client/multiplayer/ClientCommonPacketListenerImpl$PackConfirmScreen$PendingRequest	net/minecraft/class_8673$class_9058$class_9059
CLASS	net/minecraft/client/multiplayer/ClientConfigurationPacketListenerImpl	net/minecraft/class_8674
CLASS	net/minecraft/client/multiplayer/ClientConfigurationPacketListenerImpl$1	net/minecraft/class_8674$1
CLASS	net/minecraft/client/multiplayer/ClientConfigurationPacketListenerImpl$2	net/minecraft/class_8674$2
CLASS	net/minecraft/client/multiplayer/ClientDebugSubscriber	net/minecraft/class_12036
CLASS	net/minecraft/client/multiplayer/ClientDebugSubscriber$1	net/minecraft/class_12036$1
CLASS	net/minecraft/client/multiplayer/ClientDebugSubscriber$ValueMap	net/minecraft/class_12036$class_12037
CLASS	net/minecraft/client/multiplayer/ClientDebugSubscriber$ValueMapType	net/minecraft/class_12036$class_12038
CLASS	net/minecraft/client/multiplayer/ClientDebugSubscriber$ValueMaps	net/minecraft/class_12036$class_12039
CLASS	net/minecraft/client/multiplayer/ClientDebugSubscriber$ValueWrapper	net/minecraft/class_12036$class_12040
CLASS	net/minecraft/client/multiplayer/ClientExplosionTracker	net/minecraft/class_11741
CLASS	net/minecraft/client/multiplayer/ClientExplosionTracker$ExplosionInfo	net/minecraft/class_11741$class_11742
CLASS	net/minecraft/client/multiplayer/ClientHandshakePacketListenerImpl	net/minecraft/class_635
CLASS	net/minecraft/client/multiplayer/ClientHandshakePacketListenerImpl$State	net/minecraft/class_635$class_8798
CLASS	net/minecraft/client/multiplayer/ClientLevel	net/minecraft/class_638
CLASS	net/minecraft/client/multiplayer/ClientLevel$1	net/minecraft/class_638$1
CLASS	net/minecraft/client/multiplayer/ClientLevel$ClientLevelData	net/minecraft/class_638$class_5271
CLASS	net/minecraft/client/multiplayer/ClientLevel$EntityCallbacks	net/minecraft/class_638$class_5612
CLASS	net/minecraft/client/multiplayer/ClientPacketListener	net/minecraft/class_634
CLASS	net/minecraft/client/multiplayer/ClientPacketListener$1	net/minecraft/class_634$1
CLASS	net/minecraft/client/multiplayer/ClientPacketListener$2	net/minecraft/class_634$2
CLASS	net/minecraft/client/multiplayer/ClientPacketListener$3	net/minecraft/class_634$3
CLASS	net/minecraft/client/multiplayer/ClientPacketListener$CommandCheckResult	net/minecraft/class_634$class_11503
CLASS	net/minecraft/client/multiplayer/ClientRecipeContainer	net/minecraft/class_10333
CLASS	net/minecraft/client/multiplayer/ClientRegistryLayer	net/minecraft/class_7756
CLASS	net/minecraft/client/multiplayer/ClientSuggestionProvider	net/minecraft/class_637
CLASS	net/minecraft/client/multiplayer/ClientSuggestionProvider$1	net/minecraft/class_637$1
CLASS	net/minecraft/client/multiplayer/CommonListenerCookie	net/minecraft/class_8675
CLASS	net/minecraft/client/multiplayer/KnownPacksManager	net/minecraft/class_9247
CLASS	net/minecraft/client/multiplayer/LegacyServerPinger	net/minecraft/class_8676
CLASS	net/minecraft/client/multiplayer/LegacyServerPinger$Output	net/minecraft/class_8676$class_8677
CLASS	net/minecraft/client/multiplayer/LevelLoadTracker	net/minecraft/class_11653
CLASS	net/minecraft/client/multiplayer/LevelLoadTracker$ClientLevelReady	net/minecraft/class_11653$class_11654
CLASS	net/minecraft/client/multiplayer/LevelLoadTracker$ClientState	net/minecraft/class_11653$class_11655
CLASS	net/minecraft/client/multiplayer/LevelLoadTracker$WaitingForPlayerChunk	net/minecraft/class_11653$class_11656
CLASS	net/minecraft/client/multiplayer/LevelLoadTracker$WaitingForServer	net/minecraft/class_11653$class_11657
CLASS	net/minecraft/client/multiplayer/MultiPlayerGameMode	net/minecraft/class_636
CLASS	net/minecraft/client/multiplayer/PingDebugMonitor	net/minecraft/class_8761
CLASS	net/minecraft/client/multiplayer/PlayerInfo	net/minecraft/class_640
CLASS	net/minecraft/client/multiplayer/ProfileKeyPairManager	net/minecraft/class_7853
CLASS	net/minecraft/client/multiplayer/ProfileKeyPairManager$1	net/minecraft/class_7853$1
CLASS	net/minecraft/client/multiplayer/RegistryDataCollector	net/minecraft/class_9173
CLASS	net/minecraft/client/multiplayer/RegistryDataCollector$ContentsCollector	net/minecraft/class_9173$class_9174
CLASS	net/minecraft/client/multiplayer/RegistryDataCollector$TagCollector	net/minecraft/class_9173$class_9954
CLASS	net/minecraft/client/multiplayer/ServerData	net/minecraft/class_642
CLASS	net/minecraft/client/multiplayer/ServerData$ServerPackStatus	net/minecraft/class_642$class_643
CLASS	net/minecraft/client/multiplayer/ServerData$State	net/minecraft/class_642$class_9083
CLASS	net/minecraft/client/multiplayer/ServerData$Type	net/minecraft/class_642$class_8678
CLASS	net/minecraft/client/multiplayer/ServerList	net/minecraft/class_641
CLASS	net/minecraft/client/multiplayer/ServerStatusPinger	net/minecraft/class_644
CLASS	net/minecraft/client/multiplayer/ServerStatusPinger$1	net/minecraft/class_644$1
CLASS	net/minecraft/client/multiplayer/ServerStatusPinger$2	net/minecraft/class_644$2
CLASS	net/minecraft/client/multiplayer/SessionSearchTrees	net/minecraft/class_1124
CLASS	net/minecraft/client/multiplayer/SessionSearchTrees$Key	net/minecraft/class_1124$class_1125
CLASS	net/minecraft/client/multiplayer/TransferState	net/minecraft/class_9112
CLASS	net/minecraft/client/multiplayer/chat/ChatListener	net/minecraft/class_7594
CLASS	net/minecraft/client/multiplayer/chat/ChatListener$Message	net/minecraft/class_7594$class_7627
CLASS	net/minecraft/client/multiplayer/chat/ChatLog	net/minecraft/class_7555
CLASS	net/minecraft/client/multiplayer/chat/ChatTrustLevel	net/minecraft/class_7595
CLASS	net/minecraft/client/multiplayer/chat/LoggedChatEvent	net/minecraft/class_7629
CLASS	net/minecraft/client/multiplayer/chat/LoggedChatEvent$Type	net/minecraft/class_7629$class_7854
CLASS	net/minecraft/client/multiplayer/chat/LoggedChatMessage	net/minecraft/class_7557
CLASS	net/minecraft/client/multiplayer/chat/LoggedChatMessage$Player	net/minecraft/class_7557$class_7558
CLASS	net/minecraft/client/multiplayer/chat/LoggedChatMessage$System	net/minecraft/class_7557$class_7559
CLASS	net/minecraft/client/multiplayer/chat/package-info	net/minecraft/class_7562
CLASS	net/minecraft/client/multiplayer/chat/report/AbuseReportSender	net/minecraft/class_7563
CLASS	net/minecraft/client/multiplayer/chat/report/AbuseReportSender$1	net/minecraft/class_7563$1
CLASS	net/minecraft/client/multiplayer/chat/report/AbuseReportSender$SendException	net/minecraft/class_7563$class_7564
CLASS	net/minecraft/client/multiplayer/chat/report/AbuseReportSender$Services	net/minecraft/class_7563$class_7565
CLASS	net/minecraft/client/multiplayer/chat/report/BanReason	net/minecraft/class_8186
CLASS	net/minecraft/client/multiplayer/chat/report/ChatReport	net/minecraft/class_7566
CLASS	net/minecraft/client/multiplayer/chat/report/ChatReport$Builder	net/minecraft/class_7566$class_8772
CLASS	net/minecraft/client/multiplayer/chat/report/ChatReportContextBuilder	net/minecraft/class_7757
CLASS	net/minecraft/client/multiplayer/chat/report/ChatReportContextBuilder$Collector	net/minecraft/class_7757$class_7758
CLASS	net/minecraft/client/multiplayer/chat/report/ChatReportContextBuilder$Handler	net/minecraft/class_7757$class_7632
CLASS	net/minecraft/client/multiplayer/chat/report/NameReport	net/minecraft/class_8773
CLASS	net/minecraft/client/multiplayer/chat/report/NameReport$Builder	net/minecraft/class_8773$class_8774
CLASS	net/minecraft/client/multiplayer/chat/report/Report	net/minecraft/class_7855
CLASS	net/minecraft/client/multiplayer/chat/report/Report$Builder	net/minecraft/class_7855$class_8775
CLASS	net/minecraft/client/multiplayer/chat/report/Report$CannotBuildReason	net/minecraft/class_7855$class_7567
CLASS	net/minecraft/client/multiplayer/chat/report/Report$Result	net/minecraft/class_7855$class_7568
CLASS	net/minecraft/client/multiplayer/chat/report/ReportEnvironment	net/minecraft/class_7569
CLASS	net/minecraft/client/multiplayer/chat/report/ReportEnvironment$Server	net/minecraft/class_7569$class_7570
CLASS	net/minecraft/client/multiplayer/chat/report/ReportEnvironment$Server$Realm	net/minecraft/class_7569$class_7570$class_7571
CLASS	net/minecraft/client/multiplayer/chat/report/ReportEnvironment$Server$ThirdParty	net/minecraft/class_7569$class_7570$class_7572
CLASS	net/minecraft/client/multiplayer/chat/report/ReportReason	net/minecraft/class_7573
CLASS	net/minecraft/client/multiplayer/chat/report/ReportReason$1	net/minecraft/class_7573$1
CLASS	net/minecraft/client/multiplayer/chat/report/ReportType	net/minecraft/class_8776
CLASS	net/minecraft/client/multiplayer/chat/report/ReportingContext	net/minecraft/class_7574
CLASS	net/minecraft/client/multiplayer/chat/report/SkinReport	net/minecraft/class_8777
CLASS	net/minecraft/client/multiplayer/chat/report/SkinReport$Builder	net/minecraft/class_8777$class_8778
CLASS	net/minecraft/client/multiplayer/chat/report/package-info	net/minecraft/class_7575
CLASS	net/minecraft/client/multiplayer/package-info	net/minecraft/class_6235
CLASS	net/minecraft/client/multiplayer/prediction/BlockStatePredictionHandler	net/minecraft/class_7202
CLASS	net/minecraft/client/multiplayer/prediction/BlockStatePredictionHandler$ServerVerifiedState	net/minecraft/class_7202$class_7203
CLASS	net/minecraft/client/multiplayer/prediction/PredictiveAction	net/minecraft/class_7204
CLASS	net/minecraft/client/multiplayer/prediction/package-info	net/minecraft/class_7205
CLASS	net/minecraft/client/multiplayer/resolver/AddressCheck	net/minecraft/class_6394
CLASS	net/minecraft/client/multiplayer/resolver/AddressCheck$1	net/minecraft/class_6394$1
CLASS	net/minecraft/client/multiplayer/resolver/ResolvedServerAddress	net/minecraft/class_6368
CLASS	net/minecraft/client/multiplayer/resolver/ResolvedServerAddress$1	net/minecraft/class_6368$1
CLASS	net/minecraft/client/multiplayer/resolver/ServerAddress	net/minecraft/class_639
CLASS	net/minecraft/client/multiplayer/resolver/ServerAddressResolver	net/minecraft/class_6369
CLASS	net/minecraft/client/multiplayer/resolver/ServerNameResolver	net/minecraft/class_6370
CLASS	net/minecraft/client/multiplayer/resolver/ServerRedirectHandler	net/minecraft/class_6371
CLASS	net/minecraft/client/multiplayer/resolver/package-info	net/minecraft/class_6372
CLASS	net/minecraft/client/package-info	net/minecraft/class_6236
CLASS	net/minecraft/client/particle/AshParticle	net/minecraft/class_4792
CLASS	net/minecraft/client/particle/AshParticle$Provider	net/minecraft/class_4792$class_4793
CLASS	net/minecraft/client/particle/AttackSweepParticle	net/minecraft/class_645
CLASS	net/minecraft/client/particle/AttackSweepParticle$Provider	net/minecraft/class_645$class_646
CLASS	net/minecraft/client/particle/BaseAshSmokeParticle	net/minecraft/class_4794
CLASS	net/minecraft/client/particle/BlockMarker	net/minecraft/class_6734
CLASS	net/minecraft/client/particle/BlockMarker$Provider	net/minecraft/class_6734$class_6735
CLASS	net/minecraft/client/particle/BreakingItemParticle	net/minecraft/class_647
CLASS	net/minecraft/client/particle/BreakingItemParticle$CobwebProvider	net/minecraft/class_647$class_9478
CLASS	net/minecraft/client/particle/BreakingItemParticle$ItemParticleProvider	net/minecraft/class_647$class_10417
CLASS	net/minecraft/client/particle/BreakingItemParticle$Provider	net/minecraft/class_647$class_648
CLASS	net/minecraft/client/particle/BreakingItemParticle$SlimeProvider	net/minecraft/class_647$class_649
CLASS	net/minecraft/client/particle/BreakingItemParticle$SnowballProvider	net/minecraft/class_647$class_650
CLASS	net/minecraft/client/particle/BubbleColumnUpParticle	net/minecraft/class_653
CLASS	net/minecraft/client/particle/BubbleColumnUpParticle$Provider	net/minecraft/class_653$class_654
CLASS	net/minecraft/client/particle/BubbleParticle	net/minecraft/class_655
CLASS	net/minecraft/client/particle/BubbleParticle$Provider	net/minecraft/class_655$class_656
CLASS	net/minecraft/client/particle/BubblePopParticle	net/minecraft/class_661
CLASS	net/minecraft/client/particle/BubblePopParticle$Provider	net/minecraft/class_661$class_662
CLASS	net/minecraft/client/particle/CampfireSmokeParticle	net/minecraft/class_3937
CLASS	net/minecraft/client/particle/CampfireSmokeParticle$CosyProvider	net/minecraft/class_3937$class_3938
CLASS	net/minecraft/client/particle/CampfireSmokeParticle$SignalProvider	net/minecraft/class_3937$class_3995
CLASS	net/minecraft/client/particle/CritParticle	net/minecraft/class_657
CLASS	net/minecraft/client/particle/CritParticle$DamageIndicatorProvider	net/minecraft/class_657$class_658
CLASS	net/minecraft/client/particle/CritParticle$MagicProvider	net/minecraft/class_657$class_659
CLASS	net/minecraft/client/particle/CritParticle$Provider	net/minecraft/class_657$class_3939
CLASS	net/minecraft/client/particle/DragonBreathParticle	net/minecraft/class_666
CLASS	net/minecraft/client/particle/DragonBreathParticle$Provider	net/minecraft/class_666$class_667
CLASS	net/minecraft/client/particle/DripParticle	net/minecraft/class_663
CLASS	net/minecraft/client/particle/DripParticle$CoolingDripHangParticle	net/minecraft/class_663$class_4082
CLASS	net/minecraft/client/particle/DripParticle$DripHangParticle	net/minecraft/class_663$class_4084
CLASS	net/minecraft/client/particle/DripParticle$DripLandParticle	net/minecraft/class_663$class_4085
CLASS	net/minecraft/client/particle/DripParticle$DripstoneFallAndLandParticle	net/minecraft/class_663$class_5692
CLASS	net/minecraft/client/particle/DripParticle$DripstoneLavaFallProvider	net/minecraft/class_663$class_11913
CLASS	net/minecraft/client/particle/DripParticle$DripstoneLavaHangProvider	net/minecraft/class_663$class_11914
CLASS	net/minecraft/client/particle/DripParticle$DripstoneWaterFallProvider	net/minecraft/class_663$class_11915
CLASS	net/minecraft/client/particle/DripParticle$DripstoneWaterHangProvider	net/minecraft/class_663$class_11916
CLASS	net/minecraft/client/particle/DripParticle$FallAndLandParticle	net/minecraft/class_663$class_4083
CLASS	net/minecraft/client/particle/DripParticle$FallingParticle	net/minecraft/class_663$class_4497
CLASS	net/minecraft/client/particle/DripParticle$HoneyFallAndLandParticle	net/minecraft/class_663$class_4498
CLASS	net/minecraft/client/particle/DripParticle$HoneyFallProvider	net/minecraft/class_663$class_11917
CLASS	net/minecraft/client/particle/DripParticle$HoneyHangProvider	net/minecraft/class_663$class_11918
CLASS	net/minecraft/client/particle/DripParticle$HoneyLandProvider	net/minecraft/class_663$class_11919
CLASS	net/minecraft/client/particle/DripParticle$LavaFallProvider	net/minecraft/class_663$class_11920
CLASS	net/minecraft/client/particle/DripParticle$LavaHangProvider	net/minecraft/class_663$class_11921
CLASS	net/minecraft/client/particle/DripParticle$LavaLandProvider	net/minecraft/class_663$class_11922
CLASS	net/minecraft/client/particle/DripParticle$NectarFallProvider	net/minecraft/class_663$class_11923
CLASS	net/minecraft/client/particle/DripParticle$ObsidianTearFallProvider	net/minecraft/class_663$class_11924
CLASS	net/minecraft/client/particle/DripParticle$ObsidianTearHangProvider	net/minecraft/class_663$class_11925
CLASS	net/minecraft/client/particle/DripParticle$ObsidianTearLandProvider	net/minecraft/class_663$class_11926
CLASS	net/minecraft/client/particle/DripParticle$SporeBlossomFallProvider	net/minecraft/class_663$class_11927
CLASS	net/minecraft/client/particle/DripParticle$WaterFallProvider	net/minecraft/class_663$class_11928
CLASS	net/minecraft/client/particle/DripParticle$WaterHangProvider	net/minecraft/class_663$class_11929
CLASS	net/minecraft/client/particle/DustColorTransitionParticle	net/minecraft/class_5734
CLASS	net/minecraft/client/particle/DustColorTransitionParticle$Provider	net/minecraft/class_5734$class_5735
CLASS	net/minecraft/client/particle/DustParticle	net/minecraft/class_671
CLASS	net/minecraft/client/particle/DustParticle$Provider	net/minecraft/class_671$class_672
CLASS	net/minecraft/client/particle/DustParticleBase	net/minecraft/class_5736
CLASS	net/minecraft/client/particle/DustPlumeParticle	net/minecraft/class_8845
CLASS	net/minecraft/client/particle/DustPlumeParticle$Provider	net/minecraft/class_8845$class_8846
CLASS	net/minecraft/client/particle/ElderGuardianParticle	net/minecraft/class_11930
CLASS	net/minecraft/client/particle/ElderGuardianParticle$Provider	net/minecraft/class_11930$class_701
CLASS	net/minecraft/client/particle/ElderGuardianParticleGroup	net/minecraft/class_11931
CLASS	net/minecraft/client/particle/ElderGuardianParticleGroup$ElderGuardianParticleRenderState	net/minecraft/class_11931$class_11932
CLASS	net/minecraft/client/particle/ElderGuardianParticleGroup$State	net/minecraft/class_11931$class_11933
CLASS	net/minecraft/client/particle/EndRodParticle	net/minecraft/class_675
CLASS	net/minecraft/client/particle/EndRodParticle$Provider	net/minecraft/class_675$class_676
CLASS	net/minecraft/client/particle/ExplodeParticle	net/minecraft/class_673
CLASS	net/minecraft/client/particle/ExplodeParticle$Provider	net/minecraft/class_673$class_674
CLASS	net/minecraft/client/particle/FallingDustParticle	net/minecraft/class_682
CLASS	net/minecraft/client/particle/FallingDustParticle$Provider	net/minecraft/class_682$class_683
CLASS	net/minecraft/client/particle/FallingLeavesParticle	net/minecraft/class_8253
CLASS	net/minecraft/client/particle/FallingLeavesParticle$CherryProvider	net/minecraft/class_8253$class_10379
CLASS	net/minecraft/client/particle/FallingLeavesParticle$PaleOakProvider	net/minecraft/class_8253$class_10380
CLASS	net/minecraft/client/particle/FallingLeavesParticle$TintedLeavesProvider	net/minecraft/class_8253$class_10604
CLASS	net/minecraft/client/particle/FireflyParticle	net/minecraft/class_10748
CLASS	net/minecraft/client/particle/FireflyParticle$FireflyProvider	net/minecraft/class_10748$class_10749
CLASS	net/minecraft/client/particle/FireworkParticles	net/minecraft/class_677
CLASS	net/minecraft/client/particle/FireworkParticles$1	net/minecraft/class_677$1
CLASS	net/minecraft/client/particle/FireworkParticles$FlashProvider	net/minecraft/class_677$class_3997
CLASS	net/minecraft/client/particle/FireworkParticles$OverlayParticle	net/minecraft/class_677$class_678
CLASS	net/minecraft/client/particle/FireworkParticles$SparkParticle	net/minecraft/class_677$class_680
CLASS	net/minecraft/client/particle/FireworkParticles$SparkProvider	net/minecraft/class_677$class_679
CLASS	net/minecraft/client/particle/FireworkParticles$Starter	net/minecraft/class_677$class_681
CLASS	net/minecraft/client/particle/FlameParticle	net/minecraft/class_687
CLASS	net/minecraft/client/particle/FlameParticle$Provider	net/minecraft/class_687$class_688
CLASS	net/minecraft/client/particle/FlameParticle$SmallFlameProvider	net/minecraft/class_687$class_5613
CLASS	net/minecraft/client/particle/FlyStraightTowardsParticle	net/minecraft/class_9479
CLASS	net/minecraft/client/particle/FlyStraightTowardsParticle$OminousSpawnProvider	net/minecraft/class_9479$class_9480
CLASS	net/minecraft/client/particle/FlyTowardsPositionParticle	net/minecraft/class_668
CLASS	net/minecraft/client/particle/FlyTowardsPositionParticle$EnchantProvider	net/minecraft/class_668$class_670
CLASS	net/minecraft/client/particle/FlyTowardsPositionParticle$NautilusProvider	net/minecraft/class_668$class_669
CLASS	net/minecraft/client/particle/FlyTowardsPositionParticle$VaultConnectionProvider	net/minecraft/class_668$class_9212
CLASS	net/minecraft/client/particle/GlowParticle	net/minecraft/class_5786
CLASS	net/minecraft/client/particle/GlowParticle$ElectricSparkProvider	net/minecraft/class_5786$class_5956
CLASS	net/minecraft/client/particle/GlowParticle$GlowSquidProvider	net/minecraft/class_5786$class_5957
CLASS	net/minecraft/client/particle/GlowParticle$ScrapeProvider	net/minecraft/class_5786$class_5958
CLASS	net/minecraft/client/particle/GlowParticle$WaxOffProvider	net/minecraft/class_5786$class_5959
CLASS	net/minecraft/client/particle/GlowParticle$WaxOnProvider	net/minecraft/class_5786$class_5960
CLASS	net/minecraft/client/particle/GustParticle	net/minecraft/class_8977
CLASS	net/minecraft/client/particle/GustParticle$Provider	net/minecraft/class_8977$class_8978
CLASS	net/minecraft/client/particle/GustParticle$SmallProvider	net/minecraft/class_8977$class_9481
CLASS	net/minecraft/client/particle/GustSeedParticle	net/minecraft/class_8979
CLASS	net/minecraft/client/particle/GustSeedParticle$Provider	net/minecraft/class_8979$class_8980
CLASS	net/minecraft/client/particle/HeartParticle	net/minecraft/class_684
CLASS	net/minecraft/client/particle/HeartParticle$AngryVillagerProvider	net/minecraft/class_684$class_685
CLASS	net/minecraft/client/particle/HeartParticle$Provider	net/minecraft/class_684$class_686
CLASS	net/minecraft/client/particle/HugeExplosionParticle	net/minecraft/class_691
CLASS	net/minecraft/client/particle/HugeExplosionParticle$Provider	net/minecraft/class_691$class_692
CLASS	net/minecraft/client/particle/HugeExplosionSeedParticle	net/minecraft/class_689
CLASS	net/minecraft/client/particle/HugeExplosionSeedParticle$Provider	net/minecraft/class_689$class_690
CLASS	net/minecraft/client/particle/ItemPickupParticle	net/minecraft/class_693
CLASS	net/minecraft/client/particle/ItemPickupParticleGroup	net/minecraft/class_11934
CLASS	net/minecraft/client/particle/ItemPickupParticleGroup$ParticleInstance	net/minecraft/class_11934$class_11935
CLASS	net/minecraft/client/particle/ItemPickupParticleGroup$State	net/minecraft/class_11934$class_11936
CLASS	net/minecraft/client/particle/LargeSmokeParticle	net/minecraft/class_696
CLASS	net/minecraft/client/particle/LargeSmokeParticle$Provider	net/minecraft/class_696$class_697
CLASS	net/minecraft/client/particle/LavaParticle	net/minecraft/class_694
CLASS	net/minecraft/client/particle/LavaParticle$Provider	net/minecraft/class_694$class_695
CLASS	net/minecraft/client/particle/NoRenderParticle	net/minecraft/class_3998
CLASS	net/minecraft/client/particle/NoRenderParticleGroup	net/minecraft/class_11937
CLASS	net/minecraft/client/particle/NoteParticle	net/minecraft/class_698
CLASS	net/minecraft/client/particle/NoteParticle$Provider	net/minecraft/class_698$class_699
CLASS	net/minecraft/client/particle/Particle	net/minecraft/class_703
CLASS	net/minecraft/client/particle/Particle$LifetimeAlpha	net/minecraft/class_703$class_9213
CLASS	net/minecraft/client/particle/ParticleDescription	net/minecraft/class_4089
CLASS	net/minecraft/client/particle/ParticleEngine	net/minecraft/class_702
CLASS	net/minecraft/client/particle/ParticleGroup	net/minecraft/class_11938
CLASS	net/minecraft/client/particle/ParticleProvider	net/minecraft/class_707
CLASS	net/minecraft/client/particle/ParticleProvider$Sprite	net/minecraft/class_707$class_8187
CLASS	net/minecraft/client/particle/ParticleRenderType	net/minecraft/class_3999
CLASS	net/minecraft/client/particle/ParticleResources	net/minecraft/class_11939
CLASS	net/minecraft/client/particle/ParticleResources$1ParticleDefinition	net/minecraft/class_11939$class_7759
CLASS	net/minecraft/client/particle/ParticleResources$MutableSpriteSet	net/minecraft/class_11939$class_4090
CLASS	net/minecraft/client/particle/ParticleResources$SpriteParticleRegistration	net/minecraft/class_11939$class_4091
CLASS	net/minecraft/client/particle/PlayerCloudParticle	net/minecraft/class_704
CLASS	net/minecraft/client/particle/PlayerCloudParticle$Provider	net/minecraft/class_704$class_705
CLASS	net/minecraft/client/particle/PlayerCloudParticle$SneezeProvider	net/minecraft/class_704$class_706
CLASS	net/minecraft/client/particle/PortalParticle	net/minecraft/class_709
CLASS	net/minecraft/client/particle/PortalParticle$Provider	net/minecraft/class_709$class_710
CLASS	net/minecraft/client/particle/QuadParticleGroup	net/minecraft/class_11940
CLASS	net/minecraft/client/particle/ReversePortalParticle	net/minecraft/class_4974
CLASS	net/minecraft/client/particle/ReversePortalParticle$ReversePortalProvider	net/minecraft/class_4974$class_4975
CLASS	net/minecraft/client/particle/RisingParticle	net/minecraft/class_4955
CLASS	net/minecraft/client/particle/SculkChargeParticle	net/minecraft/class_7206
CLASS	net/minecraft/client/particle/SculkChargeParticle$Provider	net/minecraft/class_7206$class_7207
CLASS	net/minecraft/client/particle/SculkChargePopParticle	net/minecraft/class_7208
CLASS	net/minecraft/client/particle/SculkChargePopParticle$Provider	net/minecraft/class_7208$class_7209
CLASS	net/minecraft/client/particle/ShriekParticle	net/minecraft/class_7281
CLASS	net/minecraft/client/particle/ShriekParticle$Provider	net/minecraft/class_7281$class_7282
CLASS	net/minecraft/client/particle/SimpleAnimatedParticle	net/minecraft/class_708
CLASS	net/minecraft/client/particle/SingleQuadParticle	net/minecraft/class_3940
CLASS	net/minecraft/client/particle/SingleQuadParticle$FacingCameraMode	net/minecraft/class_3940$class_8981
CLASS	net/minecraft/client/particle/SingleQuadParticle$Layer	net/minecraft/class_3940$class_11941
CLASS	net/minecraft/client/particle/SmokeParticle	net/minecraft/class_717
CLASS	net/minecraft/client/particle/SmokeParticle$Provider	net/minecraft/class_717$class_718
CLASS	net/minecraft/client/particle/SnowflakeParticle	net/minecraft/class_5685
CLASS	net/minecraft/client/particle/SnowflakeParticle$Provider	net/minecraft/class_5685$class_5686
CLASS	net/minecraft/client/particle/SonicBoomParticle	net/minecraft/class_7452
CLASS	net/minecraft/client/particle/SonicBoomParticle$Provider	net/minecraft/class_7452$class_7453
CLASS	net/minecraft/client/particle/SoulParticle	net/minecraft/class_4956
CLASS	net/minecraft/client/particle/SoulParticle$EmissiveProvider	net/minecraft/class_4956$class_7210
CLASS	net/minecraft/client/particle/SoulParticle$Provider	net/minecraft/class_4956$class_4957
CLASS	net/minecraft/client/particle/SpellParticle	net/minecraft/class_711
CLASS	net/minecraft/client/particle/SpellParticle$InstantProvider	net/minecraft/class_711$class_713
CLASS	net/minecraft/client/particle/SpellParticle$MobEffectProvider	net/minecraft/class_711$class_714
CLASS	net/minecraft/client/particle/SpellParticle$Provider	net/minecraft/class_711$class_715
CLASS	net/minecraft/client/particle/SpellParticle$WitchProvider	net/minecraft/class_711$class_716
CLASS	net/minecraft/client/particle/SpitParticle	net/minecraft/class_721
CLASS	net/minecraft/client/particle/SpitParticle$Provider	net/minecraft/class_721$class_722
CLASS	net/minecraft/client/particle/SplashParticle	net/minecraft/class_719
CLASS	net/minecraft/client/particle/SplashParticle$Provider	net/minecraft/class_719$class_720
CLASS	net/minecraft/client/particle/SpriteSet	net/minecraft/class_4002
CLASS	net/minecraft/client/particle/SquidInkParticle	net/minecraft/class_725
CLASS	net/minecraft/client/particle/SquidInkParticle$GlowInkProvider	net/minecraft/class_725$class_5788
CLASS	net/minecraft/client/particle/SquidInkParticle$Provider	net/minecraft/class_725$class_726
CLASS	net/minecraft/client/particle/SuspendedParticle	net/minecraft/class_723
CLASS	net/minecraft/client/particle/SuspendedParticle$CrimsonSporeProvider	net/minecraft/class_723$class_4795
CLASS	net/minecraft/client/particle/SuspendedParticle$SporeBlossomAirProvider	net/minecraft/class_723$class_5877
CLASS	net/minecraft/client/particle/SuspendedParticle$SporeBlossomAirProvider$1	net/minecraft/class_723$class_5877$1
CLASS	net/minecraft/client/particle/SuspendedParticle$UnderwaterProvider	net/minecraft/class_723$class_4796
CLASS	net/minecraft/client/particle/SuspendedParticle$WarpedSporeProvider	net/minecraft/class_723$class_4797
CLASS	net/minecraft/client/particle/SuspendedTownParticle	net/minecraft/class_729
CLASS	net/minecraft/client/particle/SuspendedTownParticle$ComposterFillProvider	net/minecraft/class_729$class_3991
CLASS	net/minecraft/client/particle/SuspendedTownParticle$DolphinSpeedProvider	net/minecraft/class_729$class_730
CLASS	net/minecraft/client/particle/SuspendedTownParticle$EggCrackProvider	net/minecraft/class_729$class_8254
CLASS	net/minecraft/client/particle/SuspendedTownParticle$HappyVillagerProvider	net/minecraft/class_729$class_731
CLASS	net/minecraft/client/particle/SuspendedTownParticle$Provider	net/minecraft/class_729$class_732
CLASS	net/minecraft/client/particle/TerrainParticle	net/minecraft/class_727
CLASS	net/minecraft/client/particle/TerrainParticle$CrumblingProvider	net/minecraft/class_727$class_10334
CLASS	net/minecraft/client/particle/TerrainParticle$DustPillarProvider	net/minecraft/class_727$class_9482
CLASS	net/minecraft/client/particle/TerrainParticle$Provider	net/minecraft/class_727$class_728
CLASS	net/minecraft/client/particle/TotemParticle	net/minecraft/class_734
CLASS	net/minecraft/client/particle/TotemParticle$Provider	net/minecraft/class_734$class_735
CLASS	net/minecraft/client/particle/TrackingEmitter	net/minecraft/class_733
CLASS	net/minecraft/client/particle/TrailParticle	net/minecraft/class_10335
CLASS	net/minecraft/client/particle/TrailParticle$Provider	net/minecraft/class_10335$class_10336
CLASS	net/minecraft/client/particle/TrialSpawnerDetectionParticle	net/minecraft/class_8982
CLASS	net/minecraft/client/particle/TrialSpawnerDetectionParticle$Provider	net/minecraft/class_8982$class_8983
CLASS	net/minecraft/client/particle/VibrationSignalParticle	net/minecraft/class_5737
CLASS	net/minecraft/client/particle/VibrationSignalParticle$Provider	net/minecraft/class_5737$class_5738
CLASS	net/minecraft/client/particle/WakeParticle	net/minecraft/class_738
CLASS	net/minecraft/client/particle/WakeParticle$Provider	net/minecraft/class_738$class_739
CLASS	net/minecraft/client/particle/WaterCurrentDownParticle	net/minecraft/class_736
CLASS	net/minecraft/client/particle/WaterCurrentDownParticle$Provider	net/minecraft/class_736$class_737
CLASS	net/minecraft/client/particle/WaterDropParticle	net/minecraft/class_740
CLASS	net/minecraft/client/particle/WaterDropParticle$Provider	net/minecraft/class_740$class_741
CLASS	net/minecraft/client/particle/WhiteAshParticle	net/minecraft/class_5165
CLASS	net/minecraft/client/particle/WhiteAshParticle$Provider	net/minecraft/class_5165$class_5166
CLASS	net/minecraft/client/particle/WhiteSmokeParticle	net/minecraft/class_8899
CLASS	net/minecraft/client/particle/WhiteSmokeParticle$Provider	net/minecraft/class_8899$class_8900
CLASS	net/minecraft/client/particle/package-info	net/minecraft/class_6240
CLASS	net/minecraft/client/player/AbstractClientPlayer	net/minecraft/class_742
CLASS	net/minecraft/client/player/ClientInput	net/minecraft/class_744
CLASS	net/minecraft/client/player/KeyboardInput	net/minecraft/class_743
CLASS	net/minecraft/client/player/LocalPlayer	net/minecraft/class_746
CLASS	net/minecraft/client/player/LocalPlayerResolver	net/minecraft/class_11784
CLASS	net/minecraft/client/player/RemotePlayer	net/minecraft/class_745
CLASS	net/minecraft/client/player/inventory/Hotbar	net/minecraft/class_748
CLASS	net/minecraft/client/player/inventory/package-info	net/minecraft/class_6241
CLASS	net/minecraft/client/player/package-info	net/minecraft/class_6242
CLASS	net/minecraft/client/profiling/ClientMetricsSamplersProvider	net/minecraft/class_6412
CLASS	net/minecraft/client/profiling/package-info	net/minecraft/class_6244
CLASS	net/minecraft/client/quickplay/QuickPlay	net/minecraft/class_8496
CLASS	net/minecraft/client/quickplay/QuickPlayLog	net/minecraft/class_8497
CLASS	net/minecraft/client/quickplay/QuickPlayLog$1	net/minecraft/class_8497$1
CLASS	net/minecraft/client/quickplay/QuickPlayLog$QuickPlayEntry	net/minecraft/class_8497$class_8498
CLASS	net/minecraft/client/quickplay/QuickPlayLog$QuickPlayWorld	net/minecraft/class_8497$class_8499
CLASS	net/minecraft/client/quickplay/QuickPlayLog$Type	net/minecraft/class_8497$class_8500
CLASS	net/minecraft/client/quickplay/package-info	net/minecraft/class_8501
CLASS	net/minecraft/client/renderer/BiomeColors	net/minecraft/class_1163
CLASS	net/minecraft/client/renderer/CachedOrthoProjectionMatrixBuffer	net/minecraft/class_11278
CLASS	net/minecraft/client/renderer/CachedPerspectiveProjectionMatrixBuffer	net/minecraft/class_11279
CLASS	net/minecraft/client/renderer/CloudRenderer	net/minecraft/class_9955
CLASS	net/minecraft/client/renderer/CloudRenderer$RelativeCameraPos	net/minecraft/class_9955$class_9956
CLASS	net/minecraft/client/renderer/CloudRenderer$TextureData	net/minecraft/class_9955$class_9957
CLASS	net/minecraft/client/renderer/CubeMap	net/minecraft/class_751
CLASS	net/minecraft/client/renderer/DynamicUniformStorage	net/minecraft/class_11280
CLASS	net/minecraft/client/renderer/DynamicUniformStorage$DynamicUniform	net/minecraft/class_11280$class_11281
CLASS	net/minecraft/client/renderer/DynamicUniforms	net/minecraft/class_11282
CLASS	net/minecraft/client/renderer/DynamicUniforms$ChunkSectionInfo	net/minecraft/class_11282$class_12294
CLASS	net/minecraft/client/renderer/DynamicUniforms$Transform	net/minecraft/class_11282$class_11283
CLASS	net/minecraft/client/renderer/EndFlashState	net/minecraft/class_11743
CLASS	net/minecraft/client/renderer/FaceInfo	net/minecraft/class_753
CLASS	net/minecraft/client/renderer/FaceInfo$Extent	net/minecraft/class_753$class_12350
CLASS	net/minecraft/client/renderer/FaceInfo$VertexInfo	net/minecraft/class_753$class_755
CLASS	net/minecraft/client/renderer/GameRenderer	net/minecraft/class_757
CLASS	net/minecraft/client/renderer/GameRenderer$1	net/minecraft/class_757$1
CLASS	net/minecraft/client/renderer/GlobalSettingsUniform	net/minecraft/class_11284
CLASS	net/minecraft/client/renderer/GpuWarnlistManager	net/minecraft/class_5407
CLASS	net/minecraft/client/renderer/GpuWarnlistManager$Preparations	net/minecraft/class_5407$class_5408
CLASS	net/minecraft/client/renderer/ItemBlockRenderTypes	net/minecraft/class_4696
CLASS	net/minecraft/client/renderer/ItemBlockRenderTypes$2	net/minecraft/class_4696$1
CLASS	net/minecraft/client/renderer/ItemInHandRenderer	net/minecraft/class_759
CLASS	net/minecraft/client/renderer/ItemInHandRenderer$1	net/minecraft/class_759$1
CLASS	net/minecraft/client/renderer/ItemInHandRenderer$HandRenderSelection	net/minecraft/class_759$class_5773
CLASS	net/minecraft/client/renderer/LevelEventHandler	net/minecraft/class_9959
CLASS	net/minecraft/client/renderer/LevelRenderer	net/minecraft/class_761
CLASS	net/minecraft/client/renderer/LevelRenderer$1	net/minecraft/class_761$1
CLASS	net/minecraft/client/renderer/LevelRenderer$BrightnessGetter	net/minecraft/class_761$class_10948
CLASS	net/minecraft/client/renderer/LevelRenderer$FinalizedGizmos	net/minecraft/class_761$class_12351
CLASS	net/minecraft/client/renderer/LevelTargetBundle	net/minecraft/class_9960
CLASS	net/minecraft/client/renderer/LightTexture	net/minecraft/class_765
CLASS	net/minecraft/client/renderer/MapRenderer	net/minecraft/class_330
CLASS	net/minecraft/client/renderer/MappableRingBuffer	net/minecraft/class_11285
CLASS	net/minecraft/client/renderer/MaterialMapper	net/minecraft/class_10721
CLASS	net/minecraft/client/renderer/MultiBufferSource	net/minecraft/class_4597
CLASS	net/minecraft/client/renderer/MultiBufferSource$BufferSource	net/minecraft/class_4597$class_4598
CLASS	net/minecraft/client/renderer/Octree	net/minecraft/class_10143
CLASS	net/minecraft/client/renderer/Octree$AxisSorting	net/minecraft/class_10143$class_10144
CLASS	net/minecraft/client/renderer/Octree$Branch	net/minecraft/class_10143$class_10145
CLASS	net/minecraft/client/renderer/Octree$Leaf	net/minecraft/class_10143$class_10146
CLASS	net/minecraft/client/renderer/Octree$Node	net/minecraft/class_10143$class_10147
CLASS	net/minecraft/client/renderer/Octree$OctreeVisitor	net/minecraft/class_10143$class_10148
CLASS	net/minecraft/client/renderer/OrderedSubmitNodeCollector	net/minecraft/class_11785
CLASS	net/minecraft/client/renderer/OutlineBufferSource	net/minecraft/class_4618
CLASS	net/minecraft/client/renderer/OutlineBufferSource$EntityOutlineGenerator	net/minecraft/class_4618$class_4586
CLASS	net/minecraft/client/renderer/PanoramaRenderer	net/minecraft/class_766
CLASS	net/minecraft/client/renderer/PanoramicScreenshotParameters	net/minecraft/class_12335
CLASS	net/minecraft/client/renderer/PerspectiveProjectionMatrixBuffer	net/minecraft/class_11286
CLASS	net/minecraft/client/renderer/PlayerSkinRenderCache	net/minecraft/class_11786
CLASS	net/minecraft/client/renderer/PlayerSkinRenderCache$1	net/minecraft/class_11786$1
CLASS	net/minecraft/client/renderer/PlayerSkinRenderCache$2	net/minecraft/class_11786$2
CLASS	net/minecraft/client/renderer/PlayerSkinRenderCache$RenderInfo	net/minecraft/class_11786$class_11787
CLASS	net/minecraft/client/renderer/PostChain	net/minecraft/class_279
CLASS	net/minecraft/client/renderer/PostChain$TargetBundle	net/minecraft/class_279$class_9961
CLASS	net/minecraft/client/renderer/PostChain$TargetBundle$1	net/minecraft/class_279$class_9961$1
CLASS	net/minecraft/client/renderer/PostChainConfig	net/minecraft/class_9962
CLASS	net/minecraft/client/renderer/PostChainConfig$Input	net/minecraft/class_9962$class_9965
CLASS	net/minecraft/client/renderer/PostChainConfig$InternalTarget	net/minecraft/class_9962$class_9966
CLASS	net/minecraft/client/renderer/PostChainConfig$Pass	net/minecraft/class_9962$class_9967
CLASS	net/minecraft/client/renderer/PostChainConfig$TargetInput	net/minecraft/class_9962$class_9968
CLASS	net/minecraft/client/renderer/PostChainConfig$TextureInput	net/minecraft/class_9962$class_9969
CLASS	net/minecraft/client/renderer/PostPass	net/minecraft/class_283
CLASS	net/minecraft/client/renderer/PostPass$Input	net/minecraft/class_283$class_9971
CLASS	net/minecraft/client/renderer/PostPass$InputTexture	net/minecraft/class_283$class_12154
CLASS	net/minecraft/client/renderer/PostPass$TargetInput	net/minecraft/class_283$class_9972
CLASS	net/minecraft/client/renderer/PostPass$TextureInput	net/minecraft/class_283$class_9973
CLASS	net/minecraft/client/renderer/Rect2i	net/minecraft/class_768
CLASS	net/minecraft/client/renderer/RenderBuffers	net/minecraft/class_4599
CLASS	net/minecraft/client/renderer/RenderPipelines	net/minecraft/class_10799
CLASS	net/minecraft/client/renderer/RunningTrimmedMean	net/minecraft/class_4740
CLASS	net/minecraft/client/renderer/ScreenEffectRenderer	net/minecraft/class_4603
CLASS	net/minecraft/client/renderer/SectionBufferBuilderPack	net/minecraft/class_750
CLASS	net/minecraft/client/renderer/SectionBufferBuilderPool	net/minecraft/class_8901
CLASS	net/minecraft/client/renderer/SectionOcclusionGraph	net/minecraft/class_8679
CLASS	net/minecraft/client/renderer/SectionOcclusionGraph$GraphEvents	net/minecraft/class_8679$class_8680
CLASS	net/minecraft/client/renderer/SectionOcclusionGraph$GraphState	net/minecraft/class_8679$class_8681
CLASS	net/minecraft/client/renderer/SectionOcclusionGraph$GraphStorage	net/minecraft/class_8679$class_6600
CLASS	net/minecraft/client/renderer/SectionOcclusionGraph$Node	net/minecraft/class_8679$class_762
CLASS	net/minecraft/client/renderer/SectionOcclusionGraph$SectionToNodeMap	net/minecraft/class_8679$class_5972
CLASS	net/minecraft/client/renderer/ShaderDefines	net/minecraft/class_10149
CLASS	net/minecraft/client/renderer/ShaderDefines$Builder	net/minecraft/class_10149$class_10150
CLASS	net/minecraft/client/renderer/ShaderManager	net/minecraft/class_10151
CLASS	net/minecraft/client/renderer/ShaderManager$1	net/minecraft/class_10151$1
CLASS	net/minecraft/client/renderer/ShaderManager$CompilationCache	net/minecraft/class_10151$class_10170
CLASS	net/minecraft/client/renderer/ShaderManager$CompilationException	net/minecraft/class_10151$class_10152
CLASS	net/minecraft/client/renderer/ShaderManager$Configs	net/minecraft/class_10151$class_10153
CLASS	net/minecraft/client/renderer/ShaderManager$ShaderSourceKey	net/minecraft/class_10151$class_10155
CLASS	net/minecraft/client/renderer/ShapeRenderer	net/minecraft/class_9974
CLASS	net/minecraft/client/renderer/Sheets	net/minecraft/class_4722
CLASS	net/minecraft/client/renderer/Sheets$1	net/minecraft/class_4722$1
CLASS	net/minecraft/client/renderer/SkyRenderer	net/minecraft/class_9975
CLASS	net/minecraft/client/renderer/SpecialBlockModelRenderer	net/minecraft/class_10418
CLASS	net/minecraft/client/renderer/SpriteCoordinateExpander	net/minecraft/class_4723
CLASS	net/minecraft/client/renderer/SubmitNodeCollection	net/minecraft/class_11788
CLASS	net/minecraft/client/renderer/SubmitNodeCollector	net/minecraft/class_11659
CLASS	net/minecraft/client/renderer/SubmitNodeCollector$CustomGeometryRenderer	net/minecraft/class_11659$class_11660
CLASS	net/minecraft/client/renderer/SubmitNodeCollector$ParticleGroupRenderer	net/minecraft/class_11659$class_11947
CLASS	net/minecraft/client/renderer/SubmitNodeStorage	net/minecraft/class_11661
CLASS	net/minecraft/client/renderer/SubmitNodeStorage$BlockModelSubmit	net/minecraft/class_11661$class_11662
CLASS	net/minecraft/client/renderer/SubmitNodeStorage$BlockSubmit	net/minecraft/class_11661$class_11663
CLASS	net/minecraft/client/renderer/SubmitNodeStorage$CustomGeometrySubmit	net/minecraft/class_11661$class_11664
CLASS	net/minecraft/client/renderer/SubmitNodeStorage$FlameSubmit	net/minecraft/class_11661$class_11666
CLASS	net/minecraft/client/renderer/SubmitNodeStorage$ItemSubmit	net/minecraft/class_11661$class_11668
CLASS	net/minecraft/client/renderer/SubmitNodeStorage$LeashSubmit	net/minecraft/class_11661$class_11669
CLASS	net/minecraft/client/renderer/SubmitNodeStorage$ModelPartSubmit	net/minecraft/class_11661$class_11789
CLASS	net/minecraft/client/renderer/SubmitNodeStorage$ModelSubmit	net/minecraft/class_11661$class_11670
CLASS	net/minecraft/client/renderer/SubmitNodeStorage$MovingBlockSubmit	net/minecraft/class_11661$class_11790
CLASS	net/minecraft/client/renderer/SubmitNodeStorage$NameTagSubmit	net/minecraft/class_11661$class_11672
CLASS	net/minecraft/client/renderer/SubmitNodeStorage$ShadowSubmit	net/minecraft/class_11661$class_11673
CLASS	net/minecraft/client/renderer/SubmitNodeStorage$TextSubmit	net/minecraft/class_11661$class_11674
CLASS	net/minecraft/client/renderer/SubmitNodeStorage$TranslucentModelSubmit	net/minecraft/class_11661$class_11744
CLASS	net/minecraft/client/renderer/UniformValue	net/minecraft/class_11287
CLASS	net/minecraft/client/renderer/UniformValue$FloatUniform	net/minecraft/class_11287$class_11288
CLASS	net/minecraft/client/renderer/UniformValue$IVec3Uniform	net/minecraft/class_11287$class_11289
CLASS	net/minecraft/client/renderer/UniformValue$IntUniform	net/minecraft/class_11287$class_11290
CLASS	net/minecraft/client/renderer/UniformValue$Matrix4x4Uniform	net/minecraft/class_11287$class_11291
CLASS	net/minecraft/client/renderer/UniformValue$Type	net/minecraft/class_11287$class_11292
CLASS	net/minecraft/client/renderer/UniformValue$Vec2Uniform	net/minecraft/class_11287$class_11293
CLASS	net/minecraft/client/renderer/UniformValue$Vec3Uniform	net/minecraft/class_11287$class_11294
CLASS	net/minecraft/client/renderer/UniformValue$Vec4Uniform	net/minecraft/class_11287$class_11295
CLASS	net/minecraft/client/renderer/ViewArea	net/minecraft/class_769
CLASS	net/minecraft/client/renderer/VirtualScreen	net/minecraft/class_3682
CLASS	net/minecraft/client/renderer/WeatherEffectRenderer	net/minecraft/class_9976
CLASS	net/minecraft/client/renderer/WeatherEffectRenderer$ColumnInstance	net/minecraft/class_9976$class_9977
CLASS	net/minecraft/client/renderer/WorldBorderRenderer	net/minecraft/class_9978
CLASS	net/minecraft/client/renderer/block/BlockModelShaper	net/minecraft/class_773
CLASS	net/minecraft/client/renderer/block/BlockRenderDispatcher	net/minecraft/class_776
CLASS	net/minecraft/client/renderer/block/LiquidBlockRenderer	net/minecraft/class_775
CLASS	net/minecraft/client/renderer/block/LiquidBlockRenderer$1	net/minecraft/class_775$1
CLASS	net/minecraft/client/renderer/block/ModelBlockRenderer	net/minecraft/class_778
CLASS	net/minecraft/client/renderer/block/ModelBlockRenderer$1	net/minecraft/class_778$1
CLASS	net/minecraft/client/renderer/block/ModelBlockRenderer$AdjacencyInfo	net/minecraft/class_778$class_779
CLASS	net/minecraft/client/renderer/block/ModelBlockRenderer$AmbientOcclusionRenderStorage	net/minecraft/class_778$class_780
CLASS	net/minecraft/client/renderer/block/ModelBlockRenderer$AmbientVertexRemap	net/minecraft/class_778$class_781
CLASS	net/minecraft/client/renderer/block/ModelBlockRenderer$Cache	net/minecraft/class_778$class_4303
CLASS	net/minecraft/client/renderer/block/ModelBlockRenderer$Cache$1	net/minecraft/class_778$class_4303$1
CLASS	net/minecraft/client/renderer/block/ModelBlockRenderer$Cache$2	net/minecraft/class_778$class_4303$2
CLASS	net/minecraft/client/renderer/block/ModelBlockRenderer$CommonRenderStorage	net/minecraft/class_778$class_10931
CLASS	net/minecraft/client/renderer/block/ModelBlockRenderer$SizeInfo	net/minecraft/class_778$class_782
CLASS	net/minecraft/client/renderer/block/MovingBlockRenderState	net/minecraft/class_11791
CLASS	net/minecraft/client/renderer/block/model/BakedQuad	net/minecraft/class_777
CLASS	net/minecraft/client/renderer/block/model/BlockElement	net/minecraft/class_785
CLASS	net/minecraft/client/renderer/block/model/BlockElement$Deserializer	net/minecraft/class_785$class_786
CLASS	net/minecraft/client/renderer/block/model/BlockElementFace	net/minecraft/class_783
CLASS	net/minecraft/client/renderer/block/model/BlockElementFace$Deserializer	net/minecraft/class_783$class_784
CLASS	net/minecraft/client/renderer/block/model/BlockElementFace$UVs	net/minecraft/class_783$class_10800
CLASS	net/minecraft/client/renderer/block/model/BlockElementRotation	net/minecraft/class_789
CLASS	net/minecraft/client/renderer/block/model/BlockElementRotation$EulerXYZRotation	net/minecraft/class_789$class_12352
CLASS	net/minecraft/client/renderer/block/model/BlockElementRotation$RotationValue	net/minecraft/class_789$class_12353
CLASS	net/minecraft/client/renderer/block/model/BlockElementRotation$SingleAxisRotation	net/minecraft/class_789$class_12354
CLASS	net/minecraft/client/renderer/block/model/BlockModel	net/minecraft/class_793
CLASS	net/minecraft/client/renderer/block/model/BlockModel$Deserializer	net/minecraft/class_793$class_795
CLASS	net/minecraft/client/renderer/block/model/BlockModelDefinition	net/minecraft/class_790
CLASS	net/minecraft/client/renderer/block/model/BlockModelDefinition$MultiPartDefinition	net/minecraft/class_790$class_9982
CLASS	net/minecraft/client/renderer/block/model/BlockModelDefinition$SimpleModelSelectors	net/minecraft/class_790$class_10888
CLASS	net/minecraft/client/renderer/block/model/BlockModelPart	net/minecraft/class_10889
CLASS	net/minecraft/client/renderer/block/model/BlockModelPart$Unbaked	net/minecraft/class_10889$class_10890
CLASS	net/minecraft/client/renderer/block/model/BlockStateModel	net/minecraft/class_1087
CLASS	net/minecraft/client/renderer/block/model/BlockStateModel$SimpleCachedUnbakedRoot	net/minecraft/class_1087$class_10891
CLASS	net/minecraft/client/renderer/block/model/BlockStateModel$SimpleCachedUnbakedRoot$1	net/minecraft/class_1087$class_10891$1
CLASS	net/minecraft/client/renderer/block/model/BlockStateModel$Unbaked	net/minecraft/class_1087$class_10892
CLASS	net/minecraft/client/renderer/block/model/BlockStateModel$UnbakedRoot	net/minecraft/class_1087$class_9979
CLASS	net/minecraft/client/renderer/block/model/FaceBakery	net/minecraft/class_796
CLASS	net/minecraft/client/renderer/block/model/FaceBakery$1	net/minecraft/class_796$1
CLASS	net/minecraft/client/renderer/block/model/ItemModelGenerator	net/minecraft/class_801
CLASS	net/minecraft/client/renderer/block/model/ItemModelGenerator$SideDirection	net/minecraft/class_801$class_803
CLASS	net/minecraft/client/renderer/block/model/ItemModelGenerator$SideFace	net/minecraft/class_801$class_12295
CLASS	net/minecraft/client/renderer/block/model/ItemTransform	net/minecraft/class_804
CLASS	net/minecraft/client/renderer/block/model/ItemTransform$Deserializer	net/minecraft/class_804$class_805
CLASS	net/minecraft/client/renderer/block/model/ItemTransforms	net/minecraft/class_809
CLASS	net/minecraft/client/renderer/block/model/ItemTransforms$1	net/minecraft/class_809$1
CLASS	net/minecraft/client/renderer/block/model/ItemTransforms$Deserializer	net/minecraft/class_809$class_810
CLASS	net/minecraft/client/renderer/block/model/SimpleModelWrapper	net/minecraft/class_10801
CLASS	net/minecraft/client/renderer/block/model/SimpleUnbakedGeometry	net/minecraft/class_10802
CLASS	net/minecraft/client/renderer/block/model/SimpleUnbakedGeometry$1	net/minecraft/class_10802$1
CLASS	net/minecraft/client/renderer/block/model/SingleVariant	net/minecraft/class_10893
CLASS	net/minecraft/client/renderer/block/model/SingleVariant$Unbaked	net/minecraft/class_10893$class_10894
CLASS	net/minecraft/client/renderer/block/model/TextureSlots	net/minecraft/class_10419
CLASS	net/minecraft/client/renderer/block/model/TextureSlots$Data	net/minecraft/class_10419$class_10420
CLASS	net/minecraft/client/renderer/block/model/TextureSlots$Data$Builder	net/minecraft/class_10419$class_10420$class_10421
CLASS	net/minecraft/client/renderer/block/model/TextureSlots$Reference	net/minecraft/class_10419$class_10422
CLASS	net/minecraft/client/renderer/block/model/TextureSlots$Resolver	net/minecraft/class_10419$class_10423
CLASS	net/minecraft/client/renderer/block/model/TextureSlots$SlotContents	net/minecraft/class_10419$class_10424
CLASS	net/minecraft/client/renderer/block/model/TextureSlots$Value	net/minecraft/class_10419$class_10425
CLASS	net/minecraft/client/renderer/block/model/Variant	net/minecraft/class_813
CLASS	net/minecraft/client/renderer/block/model/Variant$SimpleModelState	net/minecraft/class_813$class_10803
CLASS	net/minecraft/client/renderer/block/model/VariantMutator	net/minecraft/class_10804
CLASS	net/minecraft/client/renderer/block/model/VariantMutator$VariantProperty	net/minecraft/class_10804$class_10805
CLASS	net/minecraft/client/renderer/block/model/VariantSelector	net/minecraft/class_9980
CLASS	net/minecraft/client/renderer/block/model/multipart/CombinedCondition	net/minecraft/class_10806
CLASS	net/minecraft/client/renderer/block/model/multipart/CombinedCondition$Operation	net/minecraft/class_10806$class_4920
CLASS	net/minecraft/client/renderer/block/model/multipart/CombinedCondition$Operation$1	net/minecraft/class_10806$class_4920$1
CLASS	net/minecraft/client/renderer/block/model/multipart/CombinedCondition$Operation$2	net/minecraft/class_10806$class_4920$2
CLASS	net/minecraft/client/renderer/block/model/multipart/Condition	net/minecraft/class_815
CLASS	net/minecraft/client/renderer/block/model/multipart/KeyValueCondition	net/minecraft/class_818
CLASS	net/minecraft/client/renderer/block/model/multipart/KeyValueCondition$Term	net/minecraft/class_818$class_10807
CLASS	net/minecraft/client/renderer/block/model/multipart/KeyValueCondition$Terms	net/minecraft/class_818$class_10808
CLASS	net/minecraft/client/renderer/block/model/multipart/MultiPartModel	net/minecraft/class_10895
CLASS	net/minecraft/client/renderer/block/model/multipart/MultiPartModel$Selector	net/minecraft/class_10895$class_10204
CLASS	net/minecraft/client/renderer/block/model/multipart/MultiPartModel$SharedBakedState	net/minecraft/class_10895$class_1095
CLASS	net/minecraft/client/renderer/block/model/multipart/MultiPartModel$Unbaked	net/minecraft/class_10895$class_816
CLASS	net/minecraft/client/renderer/block/model/multipart/MultiPartModel$Unbaked$1	net/minecraft/class_10895$class_816$1
CLASS	net/minecraft/client/renderer/block/model/multipart/MultiPartModel$Unbaked$1Key	net/minecraft/class_10895$class_816$class_9981
CLASS	net/minecraft/client/renderer/block/model/multipart/Selector	net/minecraft/class_819
CLASS	net/minecraft/client/renderer/block/model/multipart/package-info	net/minecraft/class_6248
CLASS	net/minecraft/client/renderer/block/model/package-info	net/minecraft/class_6249
CLASS	net/minecraft/client/renderer/block/package-info	net/minecraft/class_6250
CLASS	net/minecraft/client/renderer/blockentity/AbstractEndPortalRenderer	net/minecraft/class_840
CLASS	net/minecraft/client/renderer/blockentity/AbstractSignRenderer	net/minecraft/class_10529
CLASS	net/minecraft/client/renderer/blockentity/BannerRenderer	net/minecraft/class_823
CLASS	net/minecraft/client/renderer/blockentity/BeaconRenderer	net/minecraft/class_822
CLASS	net/minecraft/client/renderer/blockentity/BedRenderer	net/minecraft/class_825
CLASS	net/minecraft/client/renderer/blockentity/BellRenderer	net/minecraft/class_3880
CLASS	net/minecraft/client/renderer/blockentity/BlockEntityRenderDispatcher	net/minecraft/class_824
CLASS	net/minecraft/client/renderer/blockentity/BlockEntityRenderer	net/minecraft/class_827
CLASS	net/minecraft/client/renderer/blockentity/BlockEntityRendererProvider	net/minecraft/class_5614
CLASS	net/minecraft/client/renderer/blockentity/BlockEntityRendererProvider$Context	net/minecraft/class_5614$class_5615
CLASS	net/minecraft/client/renderer/blockentity/BlockEntityRenderers	net/minecraft/class_5616
CLASS	net/minecraft/client/renderer/blockentity/BlockEntityWithBoundingBoxRenderer	net/minecraft/class_838
CLASS	net/minecraft/client/renderer/blockentity/BrightnessCombiner	net/minecraft/class_4737
CLASS	net/minecraft/client/renderer/blockentity/BrushableBlockRenderer	net/minecraft/class_8189
CLASS	net/minecraft/client/renderer/blockentity/BrushableBlockRenderer$1	net/minecraft/class_8189$1
CLASS	net/minecraft/client/renderer/blockentity/CampfireRenderer	net/minecraft/class_3941
CLASS	net/minecraft/client/renderer/blockentity/ChestRenderer	net/minecraft/class_826
CLASS	net/minecraft/client/renderer/blockentity/ChestRenderer$1	net/minecraft/class_826$1
CLASS	net/minecraft/client/renderer/blockentity/ConduitRenderer	net/minecraft/class_829
CLASS	net/minecraft/client/renderer/blockentity/CopperGolemStatueBlockRenderer	net/minecraft/class_11675
CLASS	net/minecraft/client/renderer/blockentity/DecoratedPotRenderer	net/minecraft/class_8188
CLASS	net/minecraft/client/renderer/blockentity/EnchantTableRenderer	net/minecraft/class_828
CLASS	net/minecraft/client/renderer/blockentity/HangingSignRenderer	net/minecraft/class_7761
CLASS	net/minecraft/client/renderer/blockentity/HangingSignRenderer$AttachmentType	net/minecraft/class_7761$class_10381
CLASS	net/minecraft/client/renderer/blockentity/HangingSignRenderer$ModelKey	net/minecraft/class_7761$class_10382
CLASS	net/minecraft/client/renderer/blockentity/LecternRenderer	net/minecraft/class_3942
CLASS	net/minecraft/client/renderer/blockentity/PistonHeadRenderer	net/minecraft/class_835
CLASS	net/minecraft/client/renderer/blockentity/ShelfRenderer	net/minecraft/class_11676
CLASS	net/minecraft/client/renderer/blockentity/ShulkerBoxRenderer	net/minecraft/class_834
CLASS	net/minecraft/client/renderer/blockentity/ShulkerBoxRenderer$ShulkerBoxModel	net/minecraft/class_834$class_9984
CLASS	net/minecraft/client/renderer/blockentity/SignRenderer	net/minecraft/class_837
CLASS	net/minecraft/client/renderer/blockentity/SignRenderer$Models	net/minecraft/class_837$class_9985
CLASS	net/minecraft/client/renderer/blockentity/SkullBlockRenderer	net/minecraft/class_836
CLASS	net/minecraft/client/renderer/blockentity/SkullBlockRenderer$1	net/minecraft/class_836$1
CLASS	net/minecraft/client/renderer/blockentity/SpawnerRenderer	net/minecraft/class_839
CLASS	net/minecraft/client/renderer/blockentity/TestInstanceRenderer	net/minecraft/class_10649
CLASS	net/minecraft/client/renderer/blockentity/TheEndGatewayRenderer	net/minecraft/class_841
CLASS	net/minecraft/client/renderer/blockentity/TheEndPortalRenderer	net/minecraft/class_11948
CLASS	net/minecraft/client/renderer/blockentity/TrialSpawnerRenderer	net/minecraft/class_8984
CLASS	net/minecraft/client/renderer/blockentity/VaultRenderer	net/minecraft/class_9214
CLASS	net/minecraft/client/renderer/blockentity/package-info	net/minecraft/class_6252
CLASS	net/minecraft/client/renderer/blockentity/state/BannerRenderState	net/minecraft/class_11949
CLASS	net/minecraft/client/renderer/blockentity/state/BeaconRenderState	net/minecraft/class_11950
CLASS	net/minecraft/client/renderer/blockentity/state/BeaconRenderState$Section	net/minecraft/class_11950$class_11951
CLASS	net/minecraft/client/renderer/blockentity/state/BedRenderState	net/minecraft/class_11952
CLASS	net/minecraft/client/renderer/blockentity/state/BellRenderState	net/minecraft/class_11953
CLASS	net/minecraft/client/renderer/blockentity/state/BlockEntityRenderState	net/minecraft/class_11954
CLASS	net/minecraft/client/renderer/blockentity/state/BlockEntityWithBoundingBoxRenderState	net/minecraft/class_11955
CLASS	net/minecraft/client/renderer/blockentity/state/BlockEntityWithBoundingBoxRenderState$InvisibleBlockType	net/minecraft/class_11955$class_11956
CLASS	net/minecraft/client/renderer/blockentity/state/BrushableBlockRenderState	net/minecraft/class_11957
CLASS	net/minecraft/client/renderer/blockentity/state/CampfireRenderState	net/minecraft/class_11958
CLASS	net/minecraft/client/renderer/blockentity/state/ChestRenderState	net/minecraft/class_11959
CLASS	net/minecraft/client/renderer/blockentity/state/ChestRenderState$ChestMaterialType	net/minecraft/class_11959$class_11960
CLASS	net/minecraft/client/renderer/blockentity/state/CondiutRenderState	net/minecraft/class_11961
CLASS	net/minecraft/client/renderer/blockentity/state/CopperGolemStatueRenderState	net/minecraft/class_11962
CLASS	net/minecraft/client/renderer/blockentity/state/DecoratedPotRenderState	net/minecraft/class_11963
CLASS	net/minecraft/client/renderer/blockentity/state/EnchantTableRenderState	net/minecraft/class_11964
CLASS	net/minecraft/client/renderer/blockentity/state/EndGatewayRenderState	net/minecraft/class_11965
CLASS	net/minecraft/client/renderer/blockentity/state/EndPortalRenderState	net/minecraft/class_11966
CLASS	net/minecraft/client/renderer/blockentity/state/LecternRenderState	net/minecraft/class_11967
CLASS	net/minecraft/client/renderer/blockentity/state/PistonHeadRenderState	net/minecraft/class_11968
CLASS	net/minecraft/client/renderer/blockentity/state/ShelfRenderState	net/minecraft/class_11969
CLASS	net/minecraft/client/renderer/blockentity/state/ShulkerBoxRenderState	net/minecraft/class_11970
CLASS	net/minecraft/client/renderer/blockentity/state/SignRenderState	net/minecraft/class_11971
CLASS	net/minecraft/client/renderer/blockentity/state/SkullBlockRenderState	net/minecraft/class_11972
CLASS	net/minecraft/client/renderer/blockentity/state/SpawnerRenderState	net/minecraft/class_11973
CLASS	net/minecraft/client/renderer/blockentity/state/TestInstanceRenderState	net/minecraft/class_11974
CLASS	net/minecraft/client/renderer/blockentity/state/VaultRenderState	net/minecraft/class_11975
CLASS	net/minecraft/client/renderer/blockentity/state/package-info	net/minecraft/class_11976
CLASS	net/minecraft/client/renderer/chunk/ChunkSectionLayer	net/minecraft/class_11515
CLASS	net/minecraft/client/renderer/chunk/ChunkSectionLayerGroup	net/minecraft/class_11531
CLASS	net/minecraft/client/renderer/chunk/ChunkSectionsToRender	net/minecraft/class_11532
CLASS	net/minecraft/client/renderer/chunk/CompileTaskDynamicQueue	net/minecraft/class_10160
CLASS	net/minecraft/client/renderer/chunk/CompiledSectionMesh	net/minecraft/class_11516
CLASS	net/minecraft/client/renderer/chunk/CompiledSectionMesh$1	net/minecraft/class_11516$1
CLASS	net/minecraft/client/renderer/chunk/CompiledSectionMesh$2	net/minecraft/class_11516$2
CLASS	net/minecraft/client/renderer/chunk/RenderRegionCache	net/minecraft/class_6850
CLASS	net/minecraft/client/renderer/chunk/RenderSectionRegion	net/minecraft/class_853
CLASS	net/minecraft/client/renderer/chunk/SectionBuffers	net/minecraft/class_10896
CLASS	net/minecraft/client/renderer/chunk/SectionCompiler	net/minecraft/class_9810
CLASS	net/minecraft/client/renderer/chunk/SectionCompiler$Results	net/minecraft/class_9810$class_9811
CLASS	net/minecraft/client/renderer/chunk/SectionCopy	net/minecraft/class_6849
CLASS	net/minecraft/client/renderer/chunk/SectionMesh	net/minecraft/class_11517
CLASS	net/minecraft/client/renderer/chunk/SectionRenderDispatcher	net/minecraft/class_846
CLASS	net/minecraft/client/renderer/chunk/SectionRenderDispatcher$RenderSection	net/minecraft/class_846$class_851
CLASS	net/minecraft/client/renderer/chunk/SectionRenderDispatcher$RenderSection$CompileTask	net/minecraft/class_846$class_851$class_4577
CLASS	net/minecraft/client/renderer/chunk/SectionRenderDispatcher$RenderSection$RebuildTask	net/minecraft/class_846$class_851$class_4578
CLASS	net/minecraft/client/renderer/chunk/SectionRenderDispatcher$RenderSection$ResortTransparencyTask	net/minecraft/class_846$class_851$class_4579
CLASS	net/minecraft/client/renderer/chunk/SectionRenderDispatcher$SectionTaskResult	net/minecraft/class_846$class_4690
CLASS	net/minecraft/client/renderer/chunk/TranslucencyPointOfView	net/minecraft/class_10196
CLASS	net/minecraft/client/renderer/chunk/VisGraph	net/minecraft/class_852
CLASS	net/minecraft/client/renderer/chunk/VisGraph$1	net/minecraft/class_852$1
CLASS	net/minecraft/client/renderer/chunk/VisibilitySet	net/minecraft/class_854
CLASS	net/minecraft/client/renderer/chunk/package-info	net/minecraft/class_6253
CLASS	net/minecraft/client/renderer/culling/Frustum	net/minecraft/class_4604
CLASS	net/minecraft/client/renderer/culling/package-info	net/minecraft/class_6254
CLASS	net/minecraft/client/renderer/debug/BeeDebugRenderer	net/minecraft/class_4703
CLASS	net/minecraft/client/renderer/debug/BrainDebugRenderer	net/minecraft/class_4207
CLASS	net/minecraft/client/renderer/debug/BreezeDebugRenderer	net/minecraft/class_8985
CLASS	net/minecraft/client/renderer/debug/ChunkBorderRenderer	net/minecraft/class_862
CLASS	net/minecraft/client/renderer/debug/ChunkCullingDebugRenderer	net/minecraft/class_9986
CLASS	net/minecraft/client/renderer/debug/ChunkDebugRenderer	net/minecraft/class_860
CLASS	net/minecraft/client/renderer/debug/ChunkDebugRenderer$ChunkData	net/minecraft/class_860$class_4605
CLASS	net/minecraft/client/renderer/debug/CollisionBoxRenderer	net/minecraft/class_865
CLASS	net/minecraft/client/renderer/debug/DebugRenderer	net/minecraft/class_863
CLASS	net/minecraft/client/renderer/debug/DebugRenderer$SimpleDebugRenderer	net/minecraft/class_863$class_864
CLASS	net/minecraft/client/renderer/debug/EntityBlockIntersectionDebugRenderer	net/minecraft/class_12043
CLASS	net/minecraft/client/renderer/debug/EntityHitboxDebugRenderer	net/minecraft/class_12155
CLASS	net/minecraft/client/renderer/debug/GameEventListenerRenderer	net/minecraft/class_5739
CLASS	net/minecraft/client/renderer/debug/GameEventListenerRenderer$ListenerVisitor	net/minecraft/class_5739$class_12044
CLASS	net/minecraft/client/renderer/debug/GameTestBlockHighlightRenderer	net/minecraft/class_4503
CLASS	net/minecraft/client/renderer/debug/GameTestBlockHighlightRenderer$Marker	net/minecraft/class_4503$class_4504
CLASS	net/minecraft/client/renderer/debug/GoalSelectorDebugRenderer	net/minecraft/class_4205
CLASS	net/minecraft/client/renderer/debug/HeightMapRenderer	net/minecraft/class_867
CLASS	net/minecraft/client/renderer/debug/HeightMapRenderer$1	net/minecraft/class_867$1
CLASS	net/minecraft/client/renderer/debug/LightDebugRenderer	net/minecraft/class_866
CLASS	net/minecraft/client/renderer/debug/LightSectionDebugRenderer	net/minecraft/class_8520
CLASS	net/minecraft/client/renderer/debug/LightSectionDebugRenderer$SectionData	net/minecraft/class_8520$class_8521
CLASS	net/minecraft/client/renderer/debug/NeighborsUpdateRenderer	net/minecraft/class_869
CLASS	net/minecraft/client/renderer/debug/NeighborsUpdateRenderer$LastUpdate	net/minecraft/class_869$class_12045
CLASS	net/minecraft/client/renderer/debug/OctreeDebugRenderer	net/minecraft/class_10161
CLASS	net/minecraft/client/renderer/debug/PathfindingRenderer	net/minecraft/class_868
CLASS	net/minecraft/client/renderer/debug/PoiDebugRenderer	net/minecraft/class_12046
CLASS	net/minecraft/client/renderer/debug/RaidDebugRenderer	net/minecraft/class_4304
CLASS	net/minecraft/client/renderer/debug/RedstoneWireOrientationsRenderer	net/minecraft/class_9987
CLASS	net/minecraft/client/renderer/debug/SolidFaceRenderer	net/minecraft/class_871
CLASS	net/minecraft/client/renderer/debug/StructureRenderer	net/minecraft/class_870
CLASS	net/minecraft/client/renderer/debug/SupportBlockRenderer	net/minecraft/class_8560
CLASS	net/minecraft/client/renderer/debug/VillageSectionsDebugRenderer	net/minecraft/class_4841
CLASS	net/minecraft/client/renderer/debug/WaterDebugRenderer	net/minecraft/class_872
CLASS	net/minecraft/client/renderer/debug/package-info	net/minecraft/class_6255
CLASS	net/minecraft/client/renderer/entity/AbstractBoatRenderer	net/minecraft/class_10262
CLASS	net/minecraft/client/renderer/entity/AbstractHoglinRenderer	net/minecraft/class_9988
CLASS	net/minecraft/client/renderer/entity/AbstractHorseRenderer	net/minecraft/class_875
CLASS	net/minecraft/client/renderer/entity/AbstractMinecartRenderer	net/minecraft/class_925
CLASS	net/minecraft/client/renderer/entity/AbstractSkeletonRenderer	net/minecraft/class_9989
CLASS	net/minecraft/client/renderer/entity/AbstractZombieRenderer	net/minecraft/class_968
CLASS	net/minecraft/client/renderer/entity/AgeableMobRenderer	net/minecraft/class_9990
CLASS	net/minecraft/client/renderer/entity/AllayRenderer	net/minecraft/class_7310
CLASS	net/minecraft/client/renderer/entity/ArmadilloRenderer	net/minecraft/class_9084
CLASS	net/minecraft/client/renderer/entity/ArmorModelSet	net/minecraft/class_11677
CLASS	net/minecraft/client/renderer/entity/ArmorModelSet$1	net/minecraft/class_11677$1
CLASS	net/minecraft/client/renderer/entity/ArmorStandRenderer	net/minecraft/class_877
CLASS	net/minecraft/client/renderer/entity/ArrowRenderer	net/minecraft/class_876
CLASS	net/minecraft/client/renderer/entity/AxolotlRenderer	net/minecraft/class_5774
CLASS	net/minecraft/client/renderer/entity/BatRenderer	net/minecraft/class_879
CLASS	net/minecraft/client/renderer/entity/BeeRenderer	net/minecraft/class_4505
CLASS	net/minecraft/client/renderer/entity/BlazeRenderer	net/minecraft/class_878
CLASS	net/minecraft/client/renderer/entity/BoatRenderer	net/minecraft/class_881
CLASS	net/minecraft/client/renderer/entity/BoggedRenderer	net/minecraft/class_9255
CLASS	net/minecraft/client/renderer/entity/BreezeRenderer	net/minecraft/class_8986
CLASS	net/minecraft/client/renderer/entity/CamelHuskRenderer	net/minecraft/class_12296
CLASS	net/minecraft/client/renderer/entity/CamelRenderer	net/minecraft/class_7763
CLASS	net/minecraft/client/renderer/entity/CatRenderer	net/minecraft/class_929
CLASS	net/minecraft/client/renderer/entity/CaveSpiderRenderer	net/minecraft/class_880
CLASS	net/minecraft/client/renderer/entity/ChickenRenderer	net/minecraft/class_882
CLASS	net/minecraft/client/renderer/entity/CodRenderer	net/minecraft/class_885
CLASS	net/minecraft/client/renderer/entity/CopperGolemRenderer	net/minecraft/class_11678
CLASS	net/minecraft/client/renderer/entity/CowRenderer	net/minecraft/class_884
CLASS	net/minecraft/client/renderer/entity/CreakingRenderer	net/minecraft/class_10337
CLASS	net/minecraft/client/renderer/entity/CreeperRenderer	net/minecraft/class_887
CLASS	net/minecraft/client/renderer/entity/DisplayRenderer	net/minecraft/class_8138
CLASS	net/minecraft/client/renderer/entity/DisplayRenderer$1	net/minecraft/class_8138$1
CLASS	net/minecraft/client/renderer/entity/DisplayRenderer$BlockDisplayRenderer	net/minecraft/class_8138$class_8139
CLASS	net/minecraft/client/renderer/entity/DisplayRenderer$ItemDisplayRenderer	net/minecraft/class_8138$class_8140
CLASS	net/minecraft/client/renderer/entity/DisplayRenderer$TextDisplayRenderer	net/minecraft/class_8138$class_8141
CLASS	net/minecraft/client/renderer/entity/DolphinRenderer	net/minecraft/class_888
CLASS	net/minecraft/client/renderer/entity/DonkeyRenderer	net/minecraft/class_9991
CLASS	net/minecraft/client/renderer/entity/DonkeyRenderer$Type	net/minecraft/class_9991$class_10650
CLASS	net/minecraft/client/renderer/entity/DragonFireballRenderer	net/minecraft/class_891
CLASS	net/minecraft/client/renderer/entity/DrownedRenderer	net/minecraft/class_890
CLASS	net/minecraft/client/renderer/entity/ElderGuardianRenderer	net/minecraft/class_893
CLASS	net/minecraft/client/renderer/entity/EndCrystalRenderer	net/minecraft/class_892
CLASS	net/minecraft/client/renderer/entity/EnderDragonRenderer	net/minecraft/class_895
CLASS	net/minecraft/client/renderer/entity/EndermanRenderer	net/minecraft/class_894
CLASS	net/minecraft/client/renderer/entity/EndermiteRenderer	net/minecraft/class_896
CLASS	net/minecraft/client/renderer/entity/EntityRenderDispatcher	net/minecraft/class_898
CLASS	net/minecraft/client/renderer/entity/EntityRenderer	net/minecraft/class_897
CLASS	net/minecraft/client/renderer/entity/EntityRendererProvider	net/minecraft/class_5617
CLASS	net/minecraft/client/renderer/entity/EntityRendererProvider$Context	net/minecraft/class_5617$class_5618
CLASS	net/minecraft/client/renderer/entity/EntityRenderers	net/minecraft/class_5619
CLASS	net/minecraft/client/renderer/entity/EvokerFangsRenderer	net/minecraft/class_900
CLASS	net/minecraft/client/renderer/entity/EvokerRenderer	net/minecraft/class_899
CLASS	net/minecraft/client/renderer/entity/EvokerRenderer$1	net/minecraft/class_899$1
CLASS	net/minecraft/client/renderer/entity/ExperienceOrbRenderer	net/minecraft/class_902
CLASS	net/minecraft/client/renderer/entity/FallingBlockRenderer	net/minecraft/class_901
CLASS	net/minecraft/client/renderer/entity/FireworkEntityRenderer	net/minecraft/class_903
CLASS	net/minecraft/client/renderer/entity/FishingHookRenderer	net/minecraft/class_906
CLASS	net/minecraft/client/renderer/entity/FoxRenderer	net/minecraft/class_4042
CLASS	net/minecraft/client/renderer/entity/FrogRenderer	net/minecraft/class_7213
CLASS	net/minecraft/client/renderer/entity/GhastRenderer	net/minecraft/class_905
CLASS	net/minecraft/client/renderer/entity/GiantMobRenderer	net/minecraft/class_908
CLASS	net/minecraft/client/renderer/entity/GlowSquidRenderer	net/minecraft/class_5789
CLASS	net/minecraft/client/renderer/entity/GoatRenderer	net/minecraft/class_6256
CLASS	net/minecraft/client/renderer/entity/GuardianRenderer	net/minecraft/class_907
CLASS	net/minecraft/client/renderer/entity/HappyGhastRenderer	net/minecraft/class_11261
CLASS	net/minecraft/client/renderer/entity/HoglinRenderer	net/minecraft/class_4798
CLASS	net/minecraft/client/renderer/entity/HorseRenderer	net/minecraft/class_910
CLASS	net/minecraft/client/renderer/entity/HumanoidMobRenderer	net/minecraft/class_909
CLASS	net/minecraft/client/renderer/entity/HuskRenderer	net/minecraft/class_912
CLASS	net/minecraft/client/renderer/entity/IllagerRenderer	net/minecraft/class_3729
CLASS	net/minecraft/client/renderer/entity/IllusionerRenderer	net/minecraft/class_914
CLASS	net/minecraft/client/renderer/entity/IllusionerRenderer$1	net/minecraft/class_914$1
CLASS	net/minecraft/client/renderer/entity/IronGolemRenderer	net/minecraft/class_913
CLASS	net/minecraft/client/renderer/entity/ItemEntityRenderer	net/minecraft/class_916
CLASS	net/minecraft/client/renderer/entity/ItemFrameRenderer	net/minecraft/class_915
CLASS	net/minecraft/client/renderer/entity/ItemRenderer	net/minecraft/class_918
CLASS	net/minecraft/client/renderer/entity/LeashKnotRenderer	net/minecraft/class_920
CLASS	net/minecraft/client/renderer/entity/LightningBoltRenderer	net/minecraft/class_919
CLASS	net/minecraft/client/renderer/entity/LivingEntityRenderer	net/minecraft/class_922
CLASS	net/minecraft/client/renderer/entity/LivingEntityRenderer$1	net/minecraft/class_922$1
CLASS	net/minecraft/client/renderer/entity/LlamaRenderer	net/minecraft/class_921
CLASS	net/minecraft/client/renderer/entity/LlamaRenderer$1	net/minecraft/class_921$1
CLASS	net/minecraft/client/renderer/entity/LlamaSpitRenderer	net/minecraft/class_923
CLASS	net/minecraft/client/renderer/entity/MagmaCubeRenderer	net/minecraft/class_917
CLASS	net/minecraft/client/renderer/entity/MinecartRenderer	net/minecraft/class_9992
CLASS	net/minecraft/client/renderer/entity/MobRenderer	net/minecraft/class_927
CLASS	net/minecraft/client/renderer/entity/MushroomCowRenderer	net/minecraft/class_926
CLASS	net/minecraft/client/renderer/entity/NautilusRenderer	net/minecraft/class_12156
CLASS	net/minecraft/client/renderer/entity/NoopRenderer	net/minecraft/class_6344
CLASS	net/minecraft/client/renderer/entity/OcelotRenderer	net/minecraft/class_3683
CLASS	net/minecraft/client/renderer/entity/OminousItemSpawnerRenderer	net/minecraft/class_9483
CLASS	net/minecraft/client/renderer/entity/PaintingRenderer	net/minecraft/class_928
CLASS	net/minecraft/client/renderer/entity/PaintingRenderer$1	net/minecraft/class_928$1
CLASS	net/minecraft/client/renderer/entity/PandaRenderer	net/minecraft/class_931
CLASS	net/minecraft/client/renderer/entity/ParchedRenderer	net/minecraft/class_12297
CLASS	net/minecraft/client/renderer/entity/ParrotRenderer	net/minecraft/class_930
CLASS	net/minecraft/client/renderer/entity/ParrotRenderer$1	net/minecraft/class_930$1
CLASS	net/minecraft/client/renderer/entity/PhantomRenderer	net/minecraft/class_933
CLASS	net/minecraft/client/renderer/entity/PigRenderer	net/minecraft/class_932
CLASS	net/minecraft/client/renderer/entity/PiglinRenderer	net/minecraft/class_4842
CLASS	net/minecraft/client/renderer/entity/PillagerRenderer	net/minecraft/class_934
CLASS	net/minecraft/client/renderer/entity/PolarBearRenderer	net/minecraft/class_937
CLASS	net/minecraft/client/renderer/entity/PufferfishRenderer	net/minecraft/class_936
CLASS	net/minecraft/client/renderer/entity/RabbitRenderer	net/minecraft/class_939
CLASS	net/minecraft/client/renderer/entity/RabbitRenderer$1	net/minecraft/class_939$1
CLASS	net/minecraft/client/renderer/entity/RaftRenderer	net/minecraft/class_10263
CLASS	net/minecraft/client/renderer/entity/RavagerRenderer	net/minecraft/class_911
CLASS	net/minecraft/client/renderer/entity/RenderLayerParent	net/minecraft/class_3883
CLASS	net/minecraft/client/renderer/entity/SalmonRenderer	net/minecraft/class_938
CLASS	net/minecraft/client/renderer/entity/SalmonRenderer$1	net/minecraft/class_938$1
CLASS	net/minecraft/client/renderer/entity/SheepRenderer	net/minecraft/class_941
CLASS	net/minecraft/client/renderer/entity/ShulkerBulletRenderer	net/minecraft/class_940
CLASS	net/minecraft/client/renderer/entity/ShulkerRenderer	net/minecraft/class_943
CLASS	net/minecraft/client/renderer/entity/SilverfishRenderer	net/minecraft/class_942
CLASS	net/minecraft/client/renderer/entity/SkeletonRenderer	net/minecraft/class_946
CLASS	net/minecraft/client/renderer/entity/SlimeRenderer	net/minecraft/class_945
CLASS	net/minecraft/client/renderer/entity/SnifferRenderer	net/minecraft/class_8190
CLASS	net/minecraft/client/renderer/entity/SnowGolemRenderer	net/minecraft/class_948
CLASS	net/minecraft/client/renderer/entity/SpectralArrowRenderer	net/minecraft/class_947
CLASS	net/minecraft/client/renderer/entity/SpiderRenderer	net/minecraft/class_949
CLASS	net/minecraft/client/renderer/entity/SquidRenderer	net/minecraft/class_951
CLASS	net/minecraft/client/renderer/entity/StrayRenderer	net/minecraft/class_950
CLASS	net/minecraft/client/renderer/entity/StriderRenderer	net/minecraft/class_4999
CLASS	net/minecraft/client/renderer/entity/TadpoleRenderer	net/minecraft/class_7214
CLASS	net/minecraft/client/renderer/entity/ThrownItemRenderer	net/minecraft/class_953
CLASS	net/minecraft/client/renderer/entity/ThrownTridentRenderer	net/minecraft/class_955
CLASS	net/minecraft/client/renderer/entity/TippableArrowRenderer	net/minecraft/class_954
CLASS	net/minecraft/client/renderer/entity/TntMinecartRenderer	net/minecraft/class_957
CLASS	net/minecraft/client/renderer/entity/TntRenderer	net/minecraft/class_956
CLASS	net/minecraft/client/renderer/entity/TropicalFishRenderer	net/minecraft/class_959
CLASS	net/minecraft/client/renderer/entity/TropicalFishRenderer$1	net/minecraft/class_959$1
CLASS	net/minecraft/client/renderer/entity/TurtleRenderer	net/minecraft/class_958
CLASS	net/minecraft/client/renderer/entity/UndeadHorseRenderer	net/minecraft/class_961
CLASS	net/minecraft/client/renderer/entity/UndeadHorseRenderer$Type	net/minecraft/class_961$class_10651
CLASS	net/minecraft/client/renderer/entity/VexRenderer	net/minecraft/class_960
CLASS	net/minecraft/client/renderer/entity/VillagerRenderer	net/minecraft/class_963
CLASS	net/minecraft/client/renderer/entity/VindicatorRenderer	net/minecraft/class_962
CLASS	net/minecraft/client/renderer/entity/VindicatorRenderer$1	net/minecraft/class_962$1
CLASS	net/minecraft/client/renderer/entity/WanderingTraderRenderer	net/minecraft/class_3992
CLASS	net/minecraft/client/renderer/entity/WardenRenderer	net/minecraft/class_7287
CLASS	net/minecraft/client/renderer/entity/WindChargeRenderer	net/minecraft/class_8987
CLASS	net/minecraft/client/renderer/entity/WitchRenderer	net/minecraft/class_965
CLASS	net/minecraft/client/renderer/entity/WitherBossRenderer	net/minecraft/class_964
CLASS	net/minecraft/client/renderer/entity/WitherSkeletonRenderer	net/minecraft/class_967
CLASS	net/minecraft/client/renderer/entity/WitherSkullRenderer	net/minecraft/class_966
CLASS	net/minecraft/client/renderer/entity/WolfRenderer	net/minecraft/class_969
CLASS	net/minecraft/client/renderer/entity/ZoglinRenderer	net/minecraft/class_5144
CLASS	net/minecraft/client/renderer/entity/ZombieNautilusRenderer	net/minecraft/class_12336
CLASS	net/minecraft/client/renderer/entity/ZombieRenderer	net/minecraft/class_3886
CLASS	net/minecraft/client/renderer/entity/ZombieVillagerRenderer	net/minecraft/class_971
CLASS	net/minecraft/client/renderer/entity/ZombifiedPiglinRenderer	net/minecraft/class_9993
CLASS	net/minecraft/client/renderer/entity/layers/ArrowLayer	net/minecraft/class_973
CLASS	net/minecraft/client/renderer/entity/layers/BeeStingerLayer	net/minecraft/class_4506
CLASS	net/minecraft/client/renderer/entity/layers/BlockDecorationLayer	net/minecraft/class_11745
CLASS	net/minecraft/client/renderer/entity/layers/BreezeEyesLayer	net/minecraft/class_8988
CLASS	net/minecraft/client/renderer/entity/layers/BreezeWindLayer	net/minecraft/class_8989
CLASS	net/minecraft/client/renderer/entity/layers/CapeLayer	net/minecraft/class_972
CLASS	net/minecraft/client/renderer/entity/layers/CarriedBlockLayer	net/minecraft/class_975
CLASS	net/minecraft/client/renderer/entity/layers/CatCollarLayer	net/minecraft/class_3684
CLASS	net/minecraft/client/renderer/entity/layers/CreeperPowerLayer	net/minecraft/class_974
CLASS	net/minecraft/client/renderer/entity/layers/CrossedArmsItemLayer	net/minecraft/class_4004
CLASS	net/minecraft/client/renderer/entity/layers/CustomHeadLayer	net/minecraft/class_976
CLASS	net/minecraft/client/renderer/entity/layers/CustomHeadLayer$Transforms	net/minecraft/class_976$class_9994
CLASS	net/minecraft/client/renderer/entity/layers/Deadmau5EarsLayer	net/minecraft/class_978
CLASS	net/minecraft/client/renderer/entity/layers/DolphinCarryingItemLayer	net/minecraft/class_977
CLASS	net/minecraft/client/renderer/entity/layers/DrownedOuterLayer	net/minecraft/class_980
CLASS	net/minecraft/client/renderer/entity/layers/EnderEyesLayer	net/minecraft/class_985
CLASS	net/minecraft/client/renderer/entity/layers/EnergySwirlLayer	net/minecraft/class_4607
CLASS	net/minecraft/client/renderer/entity/layers/EquipmentLayerRenderer	net/minecraft/class_10197
CLASS	net/minecraft/client/renderer/entity/layers/EquipmentLayerRenderer$LayerTextureKey	net/minecraft/class_10197$class_10198
CLASS	net/minecraft/client/renderer/entity/layers/EquipmentLayerRenderer$TrimSpriteKey	net/minecraft/class_10197$class_10199
CLASS	net/minecraft/client/renderer/entity/layers/EyesLayer	net/minecraft/class_4606
CLASS	net/minecraft/client/renderer/entity/layers/FoxHeldItemLayer	net/minecraft/class_4043
CLASS	net/minecraft/client/renderer/entity/layers/HorseMarkingLayer	net/minecraft/class_5167
CLASS	net/minecraft/client/renderer/entity/layers/HumanoidArmorLayer	net/minecraft/class_970
CLASS	net/minecraft/client/renderer/entity/layers/IronGolemCrackinessLayer	net/minecraft/class_4691
CLASS	net/minecraft/client/renderer/entity/layers/IronGolemFlowerLayer	net/minecraft/class_986
CLASS	net/minecraft/client/renderer/entity/layers/ItemInHandLayer	net/minecraft/class_989
CLASS	net/minecraft/client/renderer/entity/layers/LivingEntityEmissiveLayer	net/minecraft/class_7288
CLASS	net/minecraft/client/renderer/entity/layers/LivingEntityEmissiveLayer$AlphaFunction	net/minecraft/class_7288$class_7289
CLASS	net/minecraft/client/renderer/entity/layers/LlamaDecorLayer	net/minecraft/class_988
CLASS	net/minecraft/client/renderer/entity/layers/MushroomCowMushroomLayer	net/minecraft/class_991
CLASS	net/minecraft/client/renderer/entity/layers/PandaHoldsItemLayer	net/minecraft/class_990
CLASS	net/minecraft/client/renderer/entity/layers/ParrotOnShoulderLayer	net/minecraft/class_983
CLASS	net/minecraft/client/renderer/entity/layers/PhantomEyesLayer	net/minecraft/class_993
CLASS	net/minecraft/client/renderer/entity/layers/PlayerItemInHandLayer	net/minecraft/class_5697
CLASS	net/minecraft/client/renderer/entity/layers/RenderLayer	net/minecraft/class_3887
CLASS	net/minecraft/client/renderer/entity/layers/RopesLayer	net/minecraft/class_11296
CLASS	net/minecraft/client/renderer/entity/layers/SheepWoolLayer	net/minecraft/class_994
CLASS	net/minecraft/client/renderer/entity/layers/SheepWoolUndercoatLayer	net/minecraft/class_10830
CLASS	net/minecraft/client/renderer/entity/layers/SimpleEquipmentLayer	net/minecraft/class_10652
CLASS	net/minecraft/client/renderer/entity/layers/SkeletonClothingLayer	net/minecraft/class_1002
CLASS	net/minecraft/client/renderer/entity/layers/SlimeOuterLayer	net/minecraft/class_997
CLASS	net/minecraft/client/renderer/entity/layers/SnowGolemHeadLayer	net/minecraft/class_996
CLASS	net/minecraft/client/renderer/entity/layers/SpiderEyesLayer	net/minecraft/class_1000
CLASS	net/minecraft/client/renderer/entity/layers/SpinAttackEffectLayer	net/minecraft/class_998
CLASS	net/minecraft/client/renderer/entity/layers/StuckInBodyLayer	net/minecraft/class_4507
CLASS	net/minecraft/client/renderer/entity/layers/StuckInBodyLayer$PlacementStyle	net/minecraft/class_4507$class_9995
CLASS	net/minecraft/client/renderer/entity/layers/TropicalFishPatternLayer	net/minecraft/class_1001
CLASS	net/minecraft/client/renderer/entity/layers/TropicalFishPatternLayer$1	net/minecraft/class_1001$1
CLASS	net/minecraft/client/renderer/entity/layers/VillagerProfessionLayer	net/minecraft/class_3885
CLASS	net/minecraft/client/renderer/entity/layers/WingsLayer	net/minecraft/class_979
CLASS	net/minecraft/client/renderer/entity/layers/WitchItemLayer	net/minecraft/class_1005
CLASS	net/minecraft/client/renderer/entity/layers/WitherArmorLayer	net/minecraft/class_1004
CLASS	net/minecraft/client/renderer/entity/layers/WolfArmorLayer	net/minecraft/class_9085
CLASS	net/minecraft/client/renderer/entity/layers/WolfCollarLayer	net/minecraft/class_1006
CLASS	net/minecraft/client/renderer/entity/layers/package-info	net/minecraft/class_6257
CLASS	net/minecraft/client/renderer/entity/package-info	net/minecraft/class_6258
CLASS	net/minecraft/client/renderer/entity/player/AvatarRenderer	net/minecraft/class_1007
CLASS	net/minecraft/client/renderer/entity/player/package-info	net/minecraft/class_6259
CLASS	net/minecraft/client/renderer/entity/state/AllayRenderState	net/minecraft/class_9996
CLASS	net/minecraft/client/renderer/entity/state/ArmadilloRenderState	net/minecraft/class_9997
CLASS	net/minecraft/client/renderer/entity/state/ArmedEntityRenderState	net/minecraft/class_10426
CLASS	net/minecraft/client/renderer/entity/state/ArmorStandRenderState	net/minecraft/class_9998
CLASS	net/minecraft/client/renderer/entity/state/ArrowRenderState	net/minecraft/class_9999
CLASS	net/minecraft/client/renderer/entity/state/AvatarRenderState	net/minecraft/class_10055
CLASS	net/minecraft/client/renderer/entity/state/AxolotlRenderState	net/minecraft/class_10000
CLASS	net/minecraft/client/renderer/entity/state/BatRenderState	net/minecraft/class_10001
CLASS	net/minecraft/client/renderer/entity/state/BeeRenderState	net/minecraft/class_10002
CLASS	net/minecraft/client/renderer/entity/state/BlockDisplayEntityRenderState	net/minecraft/class_10003
CLASS	net/minecraft/client/renderer/entity/state/BoatRenderState	net/minecraft/class_10004
CLASS	net/minecraft/client/renderer/entity/state/BoggedRenderState	net/minecraft/class_10005
CLASS	net/minecraft/client/renderer/entity/state/BreezeRenderState	net/minecraft/class_10006
CLASS	net/minecraft/client/renderer/entity/state/CamelRenderState	net/minecraft/class_10007
CLASS	net/minecraft/client/renderer/entity/state/CatRenderState	net/minecraft/class_10008
CLASS	net/minecraft/client/renderer/entity/state/ChickenRenderState	net/minecraft/class_10009
CLASS	net/minecraft/client/renderer/entity/state/CopperGolemRenderState	net/minecraft/class_11679
CLASS	net/minecraft/client/renderer/entity/state/CowRenderState	net/minecraft/class_10750
CLASS	net/minecraft/client/renderer/entity/state/CreakingRenderState	net/minecraft/class_10338
CLASS	net/minecraft/client/renderer/entity/state/CreeperRenderState	net/minecraft/class_10010
CLASS	net/minecraft/client/renderer/entity/state/DisplayEntityRenderState	net/minecraft/class_10011
CLASS	net/minecraft/client/renderer/entity/state/DolphinRenderState	net/minecraft/class_10012
CLASS	net/minecraft/client/renderer/entity/state/DonkeyRenderState	net/minecraft/class_10013
CLASS	net/minecraft/client/renderer/entity/state/EndCrystalRenderState	net/minecraft/class_10014
CLASS	net/minecraft/client/renderer/entity/state/EnderDragonRenderState	net/minecraft/class_10015
CLASS	net/minecraft/client/renderer/entity/state/EndermanRenderState	net/minecraft/class_10016
CLASS	net/minecraft/client/renderer/entity/state/EntityRenderState	net/minecraft/class_10017
CLASS	net/minecraft/client/renderer/entity/state/EntityRenderState$LeashState	net/minecraft/class_10017$class_10018
CLASS	net/minecraft/client/renderer/entity/state/EntityRenderState$ShadowPiece	net/minecraft/class_10017$class_11680
CLASS	net/minecraft/client/renderer/entity/state/EquineRenderState	net/minecraft/class_10019
CLASS	net/minecraft/client/renderer/entity/state/EvokerFangsRenderState	net/minecraft/class_10020
CLASS	net/minecraft/client/renderer/entity/state/EvokerRenderState	net/minecraft/class_10021
CLASS	net/minecraft/client/renderer/entity/state/ExperienceOrbRenderState	net/minecraft/class_10022
CLASS	net/minecraft/client/renderer/entity/state/FallingBlockRenderState	net/minecraft/class_10023
CLASS	net/minecraft/client/renderer/entity/state/FelineRenderState	net/minecraft/class_10024
CLASS	net/minecraft/client/renderer/entity/state/FireworkRocketRenderState	net/minecraft/class_10025
CLASS	net/minecraft/client/renderer/entity/state/FishingHookRenderState	net/minecraft/class_10026
CLASS	net/minecraft/client/renderer/entity/state/FoxRenderState	net/minecraft/class_10027
CLASS	net/minecraft/client/renderer/entity/state/FrogRenderState	net/minecraft/class_10028
CLASS	net/minecraft/client/renderer/entity/state/GhastRenderState	net/minecraft/class_10029
CLASS	net/minecraft/client/renderer/entity/state/GoatRenderState	net/minecraft/class_10030
CLASS	net/minecraft/client/renderer/entity/state/GuardianRenderState	net/minecraft/class_10031
CLASS	net/minecraft/client/renderer/entity/state/HappyGhastRenderState	net/minecraft/class_11262
CLASS	net/minecraft/client/renderer/entity/state/HitboxRenderState	net/minecraft/class_10932
CLASS	net/minecraft/client/renderer/entity/state/HoglinRenderState	net/minecraft/class_10032
CLASS	net/minecraft/client/renderer/entity/state/HoldingEntityRenderState	net/minecraft/class_10427
CLASS	net/minecraft/client/renderer/entity/state/HorseRenderState	net/minecraft/class_10033
CLASS	net/minecraft/client/renderer/entity/state/HumanoidRenderState	net/minecraft/class_10034
CLASS	net/minecraft/client/renderer/entity/state/IllagerRenderState	net/minecraft/class_10035
CLASS	net/minecraft/client/renderer/entity/state/IllusionerRenderState	net/minecraft/class_10036
CLASS	net/minecraft/client/renderer/entity/state/IronGolemRenderState	net/minecraft/class_10037
CLASS	net/minecraft/client/renderer/entity/state/ItemClusterRenderState	net/minecraft/class_10428
CLASS	net/minecraft/client/renderer/entity/state/ItemDisplayEntityRenderState	net/minecraft/class_10038
CLASS	net/minecraft/client/renderer/entity/state/ItemEntityRenderState	net/minecraft/class_10039
CLASS	net/minecraft/client/renderer/entity/state/ItemFrameRenderState	net/minecraft/class_10040
CLASS	net/minecraft/client/renderer/entity/state/LightningBoltRenderState	net/minecraft/class_10041
CLASS	net/minecraft/client/renderer/entity/state/LivingEntityRenderState	net/minecraft/class_10042
CLASS	net/minecraft/client/renderer/entity/state/LlamaRenderState	net/minecraft/class_10043
CLASS	net/minecraft/client/renderer/entity/state/LlamaSpitRenderState	net/minecraft/class_10044
CLASS	net/minecraft/client/renderer/entity/state/MinecartRenderState	net/minecraft/class_10045
CLASS	net/minecraft/client/renderer/entity/state/MinecartTntRenderState	net/minecraft/class_10046
CLASS	net/minecraft/client/renderer/entity/state/MushroomCowRenderState	net/minecraft/class_10047
CLASS	net/minecraft/client/renderer/entity/state/NautilusRenderState	net/minecraft/class_12158
CLASS	net/minecraft/client/renderer/entity/state/PaintingRenderState	net/minecraft/class_10049
CLASS	net/minecraft/client/renderer/entity/state/PandaRenderState	net/minecraft/class_10050
CLASS	net/minecraft/client/renderer/entity/state/ParrotRenderState	net/minecraft/class_10051
CLASS	net/minecraft/client/renderer/entity/state/PhantomRenderState	net/minecraft/class_10052
CLASS	net/minecraft/client/renderer/entity/state/PigRenderState	net/minecraft/class_10053
CLASS	net/minecraft/client/renderer/entity/state/PiglinRenderState	net/minecraft/class_10054
CLASS	net/minecraft/client/renderer/entity/state/PolarBearRenderState	net/minecraft/class_10057
CLASS	net/minecraft/client/renderer/entity/state/PufferfishRenderState	net/minecraft/class_10058
CLASS	net/minecraft/client/renderer/entity/state/RabbitRenderState	net/minecraft/class_10059
CLASS	net/minecraft/client/renderer/entity/state/RavagerRenderState	net/minecraft/class_10060
CLASS	net/minecraft/client/renderer/entity/state/SalmonRenderState	net/minecraft/class_10062
CLASS	net/minecraft/client/renderer/entity/state/SheepRenderState	net/minecraft/class_10063
CLASS	net/minecraft/client/renderer/entity/state/ShulkerBulletRenderState	net/minecraft/class_10064
CLASS	net/minecraft/client/renderer/entity/state/ShulkerRenderState	net/minecraft/class_10065
CLASS	net/minecraft/client/renderer/entity/state/SkeletonRenderState	net/minecraft/class_10066
CLASS	net/minecraft/client/renderer/entity/state/SlimeRenderState	net/minecraft/class_10067
CLASS	net/minecraft/client/renderer/entity/state/SnifferRenderState	net/minecraft/class_10068
CLASS	net/minecraft/client/renderer/entity/state/SnowGolemRenderState	net/minecraft/class_10429
CLASS	net/minecraft/client/renderer/entity/state/SquidRenderState	net/minecraft/class_10069
CLASS	net/minecraft/client/renderer/entity/state/StriderRenderState	net/minecraft/class_10070
CLASS	net/minecraft/client/renderer/entity/state/TextDisplayEntityRenderState	net/minecraft/class_10071
CLASS	net/minecraft/client/renderer/entity/state/ThrownItemRenderState	net/minecraft/class_10072
CLASS	net/minecraft/client/renderer/entity/state/ThrownTridentRenderState	net/minecraft/class_10073
CLASS	net/minecraft/client/renderer/entity/state/TippableArrowRenderState	net/minecraft/class_10074
CLASS	net/minecraft/client/renderer/entity/state/TntRenderState	net/minecraft/class_10075
CLASS	net/minecraft/client/renderer/entity/state/TropicalFishRenderState	net/minecraft/class_10076
CLASS	net/minecraft/client/renderer/entity/state/TurtleRenderState	net/minecraft/class_10077
CLASS	net/minecraft/client/renderer/entity/state/UndeadRenderState	net/minecraft/class_12159
CLASS	net/minecraft/client/renderer/entity/state/VexRenderState	net/minecraft/class_10078
CLASS	net/minecraft/client/renderer/entity/state/VillagerDataHolderRenderState	net/minecraft/class_10079
CLASS	net/minecraft/client/renderer/entity/state/VillagerRenderState	net/minecraft/class_10080
CLASS	net/minecraft/client/renderer/entity/state/WardenRenderState	net/minecraft/class_10081
CLASS	net/minecraft/client/renderer/entity/state/WitchRenderState	net/minecraft/class_10082
CLASS	net/minecraft/client/renderer/entity/state/WitherRenderState	net/minecraft/class_10083
CLASS	net/minecraft/client/renderer/entity/state/WitherSkullRenderState	net/minecraft/class_10084
CLASS	net/minecraft/client/renderer/entity/state/WolfRenderState	net/minecraft/class_10085
CLASS	net/minecraft/client/renderer/entity/state/ZombieRenderState	net/minecraft/class_10086
CLASS	net/minecraft/client/renderer/entity/state/ZombieVillagerRenderState	net/minecraft/class_10087
CLASS	net/minecraft/client/renderer/entity/state/ZombifiedPiglinRenderState	net/minecraft/class_10088
CLASS	net/minecraft/client/renderer/entity/state/package-info	net/minecraft/class_10089
CLASS	net/minecraft/client/renderer/feature/BlockFeatureRenderer	net/minecraft/class_11681
CLASS	net/minecraft/client/renderer/feature/CustomFeatureRenderer	net/minecraft/class_11682
CLASS	net/minecraft/client/renderer/feature/CustomFeatureRenderer$Storage	net/minecraft/class_11682$class_12047
CLASS	net/minecraft/client/renderer/feature/FeatureRenderDispatcher	net/minecraft/class_11684
CLASS	net/minecraft/client/renderer/feature/FlameFeatureRenderer	net/minecraft/class_11685
CLASS	net/minecraft/client/renderer/feature/ItemFeatureRenderer	net/minecraft/class_11687
CLASS	net/minecraft/client/renderer/feature/LeashFeatureRenderer	net/minecraft/class_11688
CLASS	net/minecraft/client/renderer/feature/ModelFeatureRenderer	net/minecraft/class_11683
CLASS	net/minecraft/client/renderer/feature/ModelFeatureRenderer$CrumblingOverlay	net/minecraft/class_11683$class_11792
CLASS	net/minecraft/client/renderer/feature/ModelFeatureRenderer$Storage	net/minecraft/class_11683$class_12048
CLASS	net/minecraft/client/renderer/feature/ModelPartFeatureRenderer	net/minecraft/class_11793
CLASS	net/minecraft/client/renderer/feature/ModelPartFeatureRenderer$Storage	net/minecraft/class_11793$class_12049
CLASS	net/minecraft/client/renderer/feature/NameTagFeatureRenderer	net/minecraft/class_11689
CLASS	net/minecraft/client/renderer/feature/NameTagFeatureRenderer$Storage	net/minecraft/class_11689$class_12050
CLASS	net/minecraft/client/renderer/feature/ParticleFeatureRenderer	net/minecraft/class_11977
CLASS	net/minecraft/client/renderer/feature/ParticleFeatureRenderer$ParticleBufferCache	net/minecraft/class_11977$class_12051
CLASS	net/minecraft/client/renderer/feature/ShadowFeatureRenderer	net/minecraft/class_11690
CLASS	net/minecraft/client/renderer/feature/TextFeatureRenderer	net/minecraft/class_11691
CLASS	net/minecraft/client/renderer/feature/package-info	net/minecraft/class_11692
CLASS	net/minecraft/client/renderer/fog/FogData	net/minecraft/class_7285
CLASS	net/minecraft/client/renderer/fog/FogRenderer	net/minecraft/class_758
CLASS	net/minecraft/client/renderer/fog/FogRenderer$FogMode	net/minecraft/class_758$class_4596
CLASS	net/minecraft/client/renderer/fog/environment/AtmosphericFogEnvironment	net/minecraft/class_11398
CLASS	net/minecraft/client/renderer/fog/environment/BlindnessFogEnvironment	net/minecraft/class_7283
CLASS	net/minecraft/client/renderer/fog/environment/DarknessFogEnvironment	net/minecraft/class_7284
CLASS	net/minecraft/client/renderer/fog/environment/FogEnvironment	net/minecraft/class_11400
CLASS	net/minecraft/client/renderer/fog/environment/LavaFogEnvironment	net/minecraft/class_11401
CLASS	net/minecraft/client/renderer/fog/environment/MobEffectFogEnvironment	net/minecraft/class_7286
CLASS	net/minecraft/client/renderer/fog/environment/PowderedSnowFogEnvironment	net/minecraft/class_11402
CLASS	net/minecraft/client/renderer/fog/environment/WaterFogEnvironment	net/minecraft/class_11403
CLASS	net/minecraft/client/renderer/fog/environment/package-info	net/minecraft/class_11746
CLASS	net/minecraft/client/renderer/fog/package-info	net/minecraft/class_11404
CLASS	net/minecraft/client/renderer/gizmos/DrawableGizmoPrimitives	net/minecraft/class_12160
CLASS	net/minecraft/client/renderer/gizmos/DrawableGizmoPrimitives$Group	net/minecraft/class_12160$class_12355
CLASS	net/minecraft/client/renderer/gizmos/DrawableGizmoPrimitives$Line	net/minecraft/class_12160$class_12161
CLASS	net/minecraft/client/renderer/gizmos/DrawableGizmoPrimitives$Point	net/minecraft/class_12160$class_12162
CLASS	net/minecraft/client/renderer/gizmos/DrawableGizmoPrimitives$Quad	net/minecraft/class_12160$class_12163
CLASS	net/minecraft/client/renderer/gizmos/DrawableGizmoPrimitives$Text	net/minecraft/class_12160$class_12164
CLASS	net/minecraft/client/renderer/gizmos/DrawableGizmoPrimitives$TriangleFan	net/minecraft/class_12160$class_12165
CLASS	net/minecraft/client/renderer/gizmos/package-info	net/minecraft/class_12166
CLASS	net/minecraft/client/renderer/item/BlockModelWrapper	net/minecraft/class_10430
CLASS	net/minecraft/client/renderer/item/BlockModelWrapper$Unbaked	net/minecraft/class_10430$class_10431
CLASS	net/minecraft/client/renderer/item/BundleSelectedItemSpecialRenderer	net/minecraft/class_10432
CLASS	net/minecraft/client/renderer/item/BundleSelectedItemSpecialRenderer$Unbaked	net/minecraft/class_10432$class_10433
CLASS	net/minecraft/client/renderer/item/ClientItem	net/minecraft/class_10434
CLASS	net/minecraft/client/renderer/item/ClientItem$Properties	net/minecraft/class_10434$class_10543
CLASS	net/minecraft/client/renderer/item/CompositeModel	net/minecraft/class_10435
CLASS	net/minecraft/client/renderer/item/CompositeModel$Unbaked	net/minecraft/class_10435$class_10436
CLASS	net/minecraft/client/renderer/item/ConditionalItemModel	net/minecraft/class_10437
CLASS	net/minecraft/client/renderer/item/ConditionalItemModel$Unbaked	net/minecraft/class_10437$class_10438
CLASS	net/minecraft/client/renderer/item/EmptyModel	net/minecraft/class_10544
CLASS	net/minecraft/client/renderer/item/EmptyModel$Unbaked	net/minecraft/class_10544$class_10545
CLASS	net/minecraft/client/renderer/item/ItemModel	net/minecraft/class_10439
CLASS	net/minecraft/client/renderer/item/ItemModel$BakingContext	net/minecraft/class_10439$class_10440
CLASS	net/minecraft/client/renderer/item/ItemModel$Unbaked	net/minecraft/class_10439$class_10441
CLASS	net/minecraft/client/renderer/item/ItemModelResolver	net/minecraft/class_10442
CLASS	net/minecraft/client/renderer/item/ItemModels	net/minecraft/class_10443
CLASS	net/minecraft/client/renderer/item/ItemStackRenderState	net/minecraft/class_10444
CLASS	net/minecraft/client/renderer/item/ItemStackRenderState$FoilType	net/minecraft/class_10444$class_10445
CLASS	net/minecraft/client/renderer/item/ItemStackRenderState$LayerRenderState	net/minecraft/class_10444$class_10446
CLASS	net/minecraft/client/renderer/item/MissingItemModel	net/minecraft/class_10447
CLASS	net/minecraft/client/renderer/item/ModelRenderProperties	net/minecraft/class_10809
CLASS	net/minecraft/client/renderer/item/RangeSelectItemModel	net/minecraft/class_10448
CLASS	net/minecraft/client/renderer/item/RangeSelectItemModel$Entry	net/minecraft/class_10448$class_10449
CLASS	net/minecraft/client/renderer/item/RangeSelectItemModel$Unbaked	net/minecraft/class_10448$class_10450
CLASS	net/minecraft/client/renderer/item/SelectItemModel	net/minecraft/class_10451
CLASS	net/minecraft/client/renderer/item/SelectItemModel$ModelSelector	net/minecraft/class_10451$class_10722
CLASS	net/minecraft/client/renderer/item/SelectItemModel$SwitchCase	net/minecraft/class_10451$class_10452
CLASS	net/minecraft/client/renderer/item/SelectItemModel$Unbaked	net/minecraft/class_10451$class_10453
CLASS	net/minecraft/client/renderer/item/SelectItemModel$UnbakedSwitch	net/minecraft/class_10451$class_10454
CLASS	net/minecraft/client/renderer/item/SpecialModelWrapper	net/minecraft/class_10455
CLASS	net/minecraft/client/renderer/item/SpecialModelWrapper$Unbaked	net/minecraft/class_10455$class_10456
CLASS	net/minecraft/client/renderer/item/TrackingItemStackRenderState	net/minecraft/class_11540
CLASS	net/minecraft/client/renderer/item/package-info	net/minecraft/class_6260
CLASS	net/minecraft/client/renderer/item/properties/conditional/Broken	net/minecraft/class_10457
CLASS	net/minecraft/client/renderer/item/properties/conditional/BundleHasSelectedItem	net/minecraft/class_10458
CLASS	net/minecraft/client/renderer/item/properties/conditional/ComponentMatches	net/minecraft/class_10723
CLASS	net/minecraft/client/renderer/item/properties/conditional/ConditionalItemModelProperties	net/minecraft/class_10459
CLASS	net/minecraft/client/renderer/item/properties/conditional/ConditionalItemModelProperty	net/minecraft/class_10460
CLASS	net/minecraft/client/renderer/item/properties/conditional/CustomModelDataProperty	net/minecraft/class_10461
CLASS	net/minecraft/client/renderer/item/properties/conditional/Damaged	net/minecraft/class_10462
CLASS	net/minecraft/client/renderer/item/properties/conditional/ExtendedView	net/minecraft/class_10467
CLASS	net/minecraft/client/renderer/item/properties/conditional/FishingRodCast	net/minecraft/class_10463
CLASS	net/minecraft/client/renderer/item/properties/conditional/HasComponent	net/minecraft/class_10464
CLASS	net/minecraft/client/renderer/item/properties/conditional/IsCarried	net/minecraft/class_10465
CLASS	net/minecraft/client/renderer/item/properties/conditional/IsKeybindDown	net/minecraft/class_10530
CLASS	net/minecraft/client/renderer/item/properties/conditional/IsSelected	net/minecraft/class_10466
CLASS	net/minecraft/client/renderer/item/properties/conditional/IsUsingItem	net/minecraft/class_10468
CLASS	net/minecraft/client/renderer/item/properties/conditional/IsViewEntity	net/minecraft/class_10546
CLASS	net/minecraft/client/renderer/item/properties/conditional/ItemModelPropertyTest	net/minecraft/class_10724
CLASS	net/minecraft/client/renderer/item/properties/conditional/package-info	net/minecraft/class_10470
CLASS	net/minecraft/client/renderer/item/properties/numeric/BundleFullness	net/minecraft/class_10471
CLASS	net/minecraft/client/renderer/item/properties/numeric/CompassAngle	net/minecraft/class_10472
CLASS	net/minecraft/client/renderer/item/properties/numeric/CompassAngleState	net/minecraft/class_10473
CLASS	net/minecraft/client/renderer/item/properties/numeric/CompassAngleState$CompassTarget	net/minecraft/class_10473$class_10474
CLASS	net/minecraft/client/renderer/item/properties/numeric/CompassAngleState$CompassTarget$1	net/minecraft/class_10473$class_10474$1
CLASS	net/minecraft/client/renderer/item/properties/numeric/CompassAngleState$CompassTarget$2	net/minecraft/class_10473$class_10474$2
CLASS	net/minecraft/client/renderer/item/properties/numeric/CompassAngleState$CompassTarget$3	net/minecraft/class_10473$class_10474$3
CLASS	net/minecraft/client/renderer/item/properties/numeric/CompassAngleState$CompassTarget$4	net/minecraft/class_10473$class_10474$4
CLASS	net/minecraft/client/renderer/item/properties/numeric/Cooldown	net/minecraft/class_10475
CLASS	net/minecraft/client/renderer/item/properties/numeric/Count	net/minecraft/class_10476
CLASS	net/minecraft/client/renderer/item/properties/numeric/CrossbowPull	net/minecraft/class_10477
CLASS	net/minecraft/client/renderer/item/properties/numeric/CustomModelDataProperty	net/minecraft/class_10478
CLASS	net/minecraft/client/renderer/item/properties/numeric/Damage	net/minecraft/class_10479
CLASS	net/minecraft/client/renderer/item/properties/numeric/NeedleDirectionHelper	net/minecraft/class_10480
CLASS	net/minecraft/client/renderer/item/properties/numeric/NeedleDirectionHelper$1	net/minecraft/class_10480$1
CLASS	net/minecraft/client/renderer/item/properties/numeric/NeedleDirectionHelper$2	net/minecraft/class_10480$2
CLASS	net/minecraft/client/renderer/item/properties/numeric/NeedleDirectionHelper$Wobbler	net/minecraft/class_10480$class_10481
CLASS	net/minecraft/client/renderer/item/properties/numeric/RangeSelectItemModelProperties	net/minecraft/class_10482
CLASS	net/minecraft/client/renderer/item/properties/numeric/RangeSelectItemModelProperty	net/minecraft/class_1800
CLASS	net/minecraft/client/renderer/item/properties/numeric/Time	net/minecraft/class_10483
CLASS	net/minecraft/client/renderer/item/properties/numeric/Time$TimeSource	net/minecraft/class_10483$class_10547
CLASS	net/minecraft/client/renderer/item/properties/numeric/Time$TimeSource$1	net/minecraft/class_10483$class_10547$1
CLASS	net/minecraft/client/renderer/item/properties/numeric/Time$TimeSource$2	net/minecraft/class_10483$class_10547$2
CLASS	net/minecraft/client/renderer/item/properties/numeric/Time$TimeSource$3	net/minecraft/class_10483$class_10547$3
CLASS	net/minecraft/client/renderer/item/properties/numeric/UseCycle	net/minecraft/class_10484
CLASS	net/minecraft/client/renderer/item/properties/numeric/UseDuration	net/minecraft/class_10485
CLASS	net/minecraft/client/renderer/item/properties/numeric/package-info	net/minecraft/class_10486
CLASS	net/minecraft/client/renderer/item/properties/package-info	net/minecraft/class_10487
CLASS	net/minecraft/client/renderer/item/properties/select/Charge	net/minecraft/class_10488
CLASS	net/minecraft/client/renderer/item/properties/select/ComponentContents	net/minecraft/class_10653
CLASS	net/minecraft/client/renderer/item/properties/select/ContextDimension	net/minecraft/class_10548
CLASS	net/minecraft/client/renderer/item/properties/select/ContextEntityType	net/minecraft/class_10531
CLASS	net/minecraft/client/renderer/item/properties/select/CustomModelDataProperty	net/minecraft/class_10489
CLASS	net/minecraft/client/renderer/item/properties/select/DisplayContext	net/minecraft/class_10490
CLASS	net/minecraft/client/renderer/item/properties/select/ItemBlockState	net/minecraft/class_10491
CLASS	net/minecraft/client/renderer/item/properties/select/LocalTime	net/minecraft/class_10532
CLASS	net/minecraft/client/renderer/item/properties/select/LocalTime$Data	net/minecraft/class_10532$class_10549
CLASS	net/minecraft/client/renderer/item/properties/select/MainHand	net/minecraft/class_10492
CLASS	net/minecraft/client/renderer/item/properties/select/SelectItemModelProperties	net/minecraft/class_10493
CLASS	net/minecraft/client/renderer/item/properties/select/SelectItemModelProperty	net/minecraft/class_10494
CLASS	net/minecraft/client/renderer/item/properties/select/SelectItemModelProperty$Type	net/minecraft/class_10494$class_10495
CLASS	net/minecraft/client/renderer/item/properties/select/TrimMaterialProperty	net/minecraft/class_10496
CLASS	net/minecraft/client/renderer/item/properties/select/package-info	net/minecraft/class_10497
CLASS	net/minecraft/client/renderer/package-info	net/minecraft/class_6261
CLASS	net/minecraft/client/renderer/rendertype/LayeringTransform	net/minecraft/class_12245
CLASS	net/minecraft/client/renderer/rendertype/OutputTarget	net/minecraft/class_12246
CLASS	net/minecraft/client/renderer/rendertype/RenderSetup	net/minecraft/class_12247
CLASS	net/minecraft/client/renderer/rendertype/RenderSetup$OutlineProperty	net/minecraft/class_12247$class_4750
CLASS	net/minecraft/client/renderer/rendertype/RenderSetup$RenderSetupBuilder	net/minecraft/class_12247$class_12248
CLASS	net/minecraft/client/renderer/rendertype/RenderSetup$TextureAndSampler	net/minecraft/class_12247$class_12337
CLASS	net/minecraft/client/renderer/rendertype/RenderSetup$TextureBinding	net/minecraft/class_12247$class_12338
CLASS	net/minecraft/client/renderer/rendertype/RenderType	net/minecraft/class_1921
CLASS	net/minecraft/client/renderer/rendertype/RenderTypes	net/minecraft/class_12249
CLASS	net/minecraft/client/renderer/rendertype/TextureTransform	net/minecraft/class_12250
CLASS	net/minecraft/client/renderer/rendertype/TextureTransform$OffsetTextureTransform	net/minecraft/class_12250$class_12251
CLASS	net/minecraft/client/renderer/rendertype/package-info	net/minecraft/class_12252
CLASS	net/minecraft/client/renderer/special/BannerSpecialRenderer	net/minecraft/class_10498
CLASS	net/minecraft/client/renderer/special/BannerSpecialRenderer$Unbaked	net/minecraft/class_10498$class_10499
CLASS	net/minecraft/client/renderer/special/BedSpecialRenderer	net/minecraft/class_10500
CLASS	net/minecraft/client/renderer/special/BedSpecialRenderer$Unbaked	net/minecraft/class_10500$class_10501
CLASS	net/minecraft/client/renderer/special/ChestSpecialRenderer	net/minecraft/class_10502
CLASS	net/minecraft/client/renderer/special/ChestSpecialRenderer$Unbaked	net/minecraft/class_10502$class_10503
CLASS	net/minecraft/client/renderer/special/ConduitSpecialRenderer	net/minecraft/class_10504
CLASS	net/minecraft/client/renderer/special/ConduitSpecialRenderer$Unbaked	net/minecraft/class_10504$class_10505
CLASS	net/minecraft/client/renderer/special/CopperGolemStatueSpecialRenderer	net/minecraft/class_11693
CLASS	net/minecraft/client/renderer/special/CopperGolemStatueSpecialRenderer$1	net/minecraft/class_11693$1
CLASS	net/minecraft/client/renderer/special/CopperGolemStatueSpecialRenderer$Unbaked	net/minecraft/class_11693$class_11694
CLASS	net/minecraft/client/renderer/special/DecoratedPotSpecialRenderer	net/minecraft/class_10506
CLASS	net/minecraft/client/renderer/special/DecoratedPotSpecialRenderer$Unbaked	net/minecraft/class_10506$class_10507
CLASS	net/minecraft/client/renderer/special/HangingSignSpecialRenderer	net/minecraft/class_10533
CLASS	net/minecraft/client/renderer/special/HangingSignSpecialRenderer$Unbaked	net/minecraft/class_10533$class_10534
CLASS	net/minecraft/client/renderer/special/NoDataSpecialModelRenderer	net/minecraft/class_10508
CLASS	net/minecraft/client/renderer/special/PlayerHeadSpecialRenderer	net/minecraft/class_11533
CLASS	net/minecraft/client/renderer/special/PlayerHeadSpecialRenderer$Unbaked	net/minecraft/class_11533$class_11535
CLASS	net/minecraft/client/renderer/special/ShieldSpecialRenderer	net/minecraft/class_10509
CLASS	net/minecraft/client/renderer/special/ShieldSpecialRenderer$Unbaked	net/minecraft/class_10509$class_10510
CLASS	net/minecraft/client/renderer/special/ShulkerBoxSpecialRenderer	net/minecraft/class_10511
CLASS	net/minecraft/client/renderer/special/ShulkerBoxSpecialRenderer$Unbaked	net/minecraft/class_10511$class_10512
CLASS	net/minecraft/client/renderer/special/SkullSpecialRenderer	net/minecraft/class_10513
CLASS	net/minecraft/client/renderer/special/SkullSpecialRenderer$Unbaked	net/minecraft/class_10513$class_10514
CLASS	net/minecraft/client/renderer/special/SpecialModelRenderer	net/minecraft/class_10515
CLASS	net/minecraft/client/renderer/special/SpecialModelRenderer$BakingContext	net/minecraft/class_10515$class_11695
CLASS	net/minecraft/client/renderer/special/SpecialModelRenderer$BakingContext$Simple	net/minecraft/class_10515$class_11695$class_11696
CLASS	net/minecraft/client/renderer/special/SpecialModelRenderer$Unbaked	net/minecraft/class_10515$class_10516
CLASS	net/minecraft/client/renderer/special/SpecialModelRenderers	net/minecraft/class_10517
CLASS	net/minecraft/client/renderer/special/StandingSignSpecialRenderer	net/minecraft/class_10535
CLASS	net/minecraft/client/renderer/special/StandingSignSpecialRenderer$Unbaked	net/minecraft/class_10535$class_10536
CLASS	net/minecraft/client/renderer/special/TridentSpecialRenderer	net/minecraft/class_10518
CLASS	net/minecraft/client/renderer/special/TridentSpecialRenderer$Unbaked	net/minecraft/class_10518$class_10519
CLASS	net/minecraft/client/renderer/special/package-info	net/minecraft/class_10520
CLASS	net/minecraft/client/renderer/state/BlockBreakingRenderState	net/minecraft/class_12073
CLASS	net/minecraft/client/renderer/state/BlockOutlineRenderState	net/minecraft/class_12074
CLASS	net/minecraft/client/renderer/state/CameraRenderState	net/minecraft/class_12075
CLASS	net/minecraft/client/renderer/state/LevelRenderState	net/minecraft/class_11658
CLASS	net/minecraft/client/renderer/state/MapRenderState	net/minecraft/class_10090
CLASS	net/minecraft/client/renderer/state/MapRenderState$MapDecorationRenderState	net/minecraft/class_10090$class_10091
CLASS	net/minecraft/client/renderer/state/ParticleGroupRenderState	net/minecraft/class_11942
CLASS	net/minecraft/client/renderer/state/ParticlesRenderState	net/minecraft/class_11943
CLASS	net/minecraft/client/renderer/state/QuadParticleRenderState	net/minecraft/class_11944
CLASS	net/minecraft/client/renderer/state/QuadParticleRenderState$ParticleConsumer	net/minecraft/class_11944$class_11945
CLASS	net/minecraft/client/renderer/state/QuadParticleRenderState$PreparedBuffers	net/minecraft/class_11944$class_12041
CLASS	net/minecraft/client/renderer/state/QuadParticleRenderState$PreparedLayer	net/minecraft/class_11944$class_12042
CLASS	net/minecraft/client/renderer/state/QuadParticleRenderState$Storage	net/minecraft/class_11944$class_11946
CLASS	net/minecraft/client/renderer/state/SkyRenderState	net/minecraft/class_12076
CLASS	net/minecraft/client/renderer/state/WeatherRenderState	net/minecraft/class_12077
CLASS	net/minecraft/client/renderer/state/WorldBorderRenderState	net/minecraft/class_12078
CLASS	net/minecraft/client/renderer/state/WorldBorderRenderState$DistancePerDirection	net/minecraft/class_12078$class_10763
CLASS	net/minecraft/client/renderer/state/package-info	net/minecraft/class_10092
CLASS	net/minecraft/client/renderer/texture/AbstractTexture	net/minecraft/class_1044
CLASS	net/minecraft/client/renderer/texture/CubeMapTexture	net/minecraft/class_11405
CLASS	net/minecraft/client/renderer/texture/Dumpable	net/minecraft/class_8215
CLASS	net/minecraft/client/renderer/texture/DynamicTexture	net/minecraft/class_1043
CLASS	net/minecraft/client/renderer/texture/MipmapGenerator	net/minecraft/class_4725
CLASS	net/minecraft/client/renderer/texture/MipmapStrategy	net/minecraft/class_12253
CLASS	net/minecraft/client/renderer/texture/MissingTextureAtlasSprite	net/minecraft/class_1047
CLASS	net/minecraft/client/renderer/texture/OverlayTexture	net/minecraft/class_4608
CLASS	net/minecraft/client/renderer/texture/ReloadableTexture	net/minecraft/class_10537
CLASS	net/minecraft/client/renderer/texture/SimpleTexture	net/minecraft/class_1049
CLASS	net/minecraft/client/renderer/texture/SkinTextureDownloader	net/minecraft/class_10538
CLASS	net/minecraft/client/renderer/texture/SpriteContents	net/minecraft/class_7764
CLASS	net/minecraft/client/renderer/texture/SpriteContents$AnimatedTexture	net/minecraft/class_7764$class_5790
CLASS	net/minecraft/client/renderer/texture/SpriteContents$AnimationState	net/minecraft/class_7764$class_12298
CLASS	net/minecraft/client/renderer/texture/SpriteContents$FrameInfo	net/minecraft/class_7764$class_5791
CLASS	net/minecraft/client/renderer/texture/SpriteLoader	net/minecraft/class_7766
CLASS	net/minecraft/client/renderer/texture/SpriteLoader$Preparations	net/minecraft/class_7766$class_7767
CLASS	net/minecraft/client/renderer/texture/Stitcher	net/minecraft/class_1055
CLASS	net/minecraft/client/renderer/texture/Stitcher$Entry	net/minecraft/class_1055$class_7769
CLASS	net/minecraft/client/renderer/texture/Stitcher$Holder	net/minecraft/class_1055$class_1056
CLASS	net/minecraft/client/renderer/texture/Stitcher$Region	net/minecraft/class_1055$class_1057
CLASS	net/minecraft/client/renderer/texture/Stitcher$SpriteLoader	net/minecraft/class_1055$class_4726
CLASS	net/minecraft/client/renderer/texture/StitcherException	net/minecraft/class_1054
CLASS	net/minecraft/client/renderer/texture/TextureAtlas	net/minecraft/class_1059
CLASS	net/minecraft/client/renderer/texture/TextureAtlasSprite	net/minecraft/class_1058
CLASS	net/minecraft/client/renderer/texture/TextureContents	net/minecraft/class_10539
CLASS	net/minecraft/client/renderer/texture/TextureManager	net/minecraft/class_1060
CLASS	net/minecraft/client/renderer/texture/TextureManager$PendingReload	net/minecraft/class_1060$class_10540
CLASS	net/minecraft/client/renderer/texture/TickableTexture	net/minecraft/class_1061
CLASS	net/minecraft/client/renderer/texture/atlas/SpriteResourceLoader	net/minecraft/class_8684
CLASS	net/minecraft/client/renderer/texture/atlas/SpriteSource	net/minecraft/class_7948
CLASS	net/minecraft/client/renderer/texture/atlas/SpriteSource$DiscardableLoader	net/minecraft/class_7948$class_7950
CLASS	net/minecraft/client/renderer/texture/atlas/SpriteSource$Loader	net/minecraft/class_7948$class_12299
CLASS	net/minecraft/client/renderer/texture/atlas/SpriteSource$Output	net/minecraft/class_7948$class_7949
CLASS	net/minecraft/client/renderer/texture/atlas/SpriteSourceList	net/minecraft/class_7947
CLASS	net/minecraft/client/renderer/texture/atlas/SpriteSourceList$1	net/minecraft/class_7947$1
CLASS	net/minecraft/client/renderer/texture/atlas/SpriteSources	net/minecraft/class_7952
CLASS	net/minecraft/client/renderer/texture/atlas/package-info	net/minecraft/class_7953
CLASS	net/minecraft/client/renderer/texture/atlas/sources/DirectoryLister	net/minecraft/class_7954
CLASS	net/minecraft/client/renderer/texture/atlas/sources/LazyLoadedImage	net/minecraft/class_7958
CLASS	net/minecraft/client/renderer/texture/atlas/sources/PalettedPermutations	net/minecraft/class_8066
CLASS	net/minecraft/client/renderer/texture/atlas/sources/PalettedPermutations$PalettedSpriteSupplier	net/minecraft/class_8066$class_8067
CLASS	net/minecraft/client/renderer/texture/atlas/sources/SingleFile	net/minecraft/class_7955
CLASS	net/minecraft/client/renderer/texture/atlas/sources/SourceFilter	net/minecraft/class_7956
CLASS	net/minecraft/client/renderer/texture/atlas/sources/Unstitcher	net/minecraft/class_7957
CLASS	net/minecraft/client/renderer/texture/atlas/sources/Unstitcher$Region	net/minecraft/class_7957$class_7959
CLASS	net/minecraft/client/renderer/texture/atlas/sources/Unstitcher$RegionInstance	net/minecraft/class_7957$class_7960
CLASS	net/minecraft/client/renderer/texture/atlas/sources/package-info	net/minecraft/class_7961
CLASS	net/minecraft/client/renderer/texture/package-info	net/minecraft/class_6262
CLASS	net/minecraft/client/resources/ClientPackSource	net/minecraft/class_1065
CLASS	net/minecraft/client/resources/DefaultPlayerSkin	net/minecraft/class_1068
CLASS	net/minecraft/client/resources/DryFoliageColorReloadListener	net/minecraft/class_10831
CLASS	net/minecraft/client/resources/FoliageColorReloadListener	net/minecraft/class_1070
CLASS	net/minecraft/client/resources/GrassColorReloadListener	net/minecraft/class_1069
CLASS	net/minecraft/client/resources/IndexedAssetSource	net/minecraft/class_1064
CLASS	net/minecraft/client/resources/LegacyStuffWrapper	net/minecraft/class_3685
CLASS	net/minecraft/client/resources/MapTextureManager	net/minecraft/class_10093
CLASS	net/minecraft/client/resources/MapTextureManager$MapInstance	net/minecraft/class_10093$class_331
CLASS	net/minecraft/client/resources/SkinManager	net/minecraft/class_1071
CLASS	net/minecraft/client/resources/SkinManager$1	net/minecraft/class_1071$1
CLASS	net/minecraft/client/resources/SkinManager$2	net/minecraft/class_1071$2
CLASS	net/minecraft/client/resources/SkinManager$CacheKey	net/minecraft/class_1071$class_8686
CLASS	net/minecraft/client/resources/SkinManager$TextureCache	net/minecraft/class_1071$class_8687
CLASS	net/minecraft/client/resources/SplashManager	net/minecraft/class_4008
CLASS	net/minecraft/client/resources/WaypointStyle	net/minecraft/class_11326
CLASS	net/minecraft/client/resources/WaypointStyleManager	net/minecraft/class_11327
CLASS	net/minecraft/client/resources/language/ClientLanguage	net/minecraft/class_1078
CLASS	net/minecraft/client/resources/language/FormattedBidiReorder	net/minecraft/class_5491
CLASS	net/minecraft/client/resources/language/I18n	net/minecraft/class_1074
CLASS	net/minecraft/client/resources/language/LanguageInfo	net/minecraft/class_1077
CLASS	net/minecraft/client/resources/language/LanguageManager	net/minecraft/class_1076
CLASS	net/minecraft/client/resources/language/package-info	net/minecraft/class_6263
CLASS	net/minecraft/client/resources/metadata/animation/AnimationFrame	net/minecraft/class_1080
CLASS	net/minecraft/client/resources/metadata/animation/AnimationMetadataSection	net/minecraft/class_1079
CLASS	net/minecraft/client/resources/metadata/animation/FrameSize	net/minecraft/class_7771
CLASS	net/minecraft/client/resources/metadata/animation/VillagerMetadataSection	net/minecraft/class_3888
CLASS	net/minecraft/client/resources/metadata/animation/VillagerMetadataSection$Hat	net/minecraft/class_3888$class_3889
CLASS	net/minecraft/client/resources/metadata/animation/package-info	net/minecraft/class_6264
CLASS	net/minecraft/client/resources/metadata/gui/GuiMetadataSection	net/minecraft/class_8689
CLASS	net/minecraft/client/resources/metadata/gui/GuiSpriteScaling	net/minecraft/class_8690
CLASS	net/minecraft/client/resources/metadata/gui/GuiSpriteScaling$NineSlice	net/minecraft/class_8690$class_8691
CLASS	net/minecraft/client/resources/metadata/gui/GuiSpriteScaling$NineSlice$Border	net/minecraft/class_8690$class_8691$class_8692
CLASS	net/minecraft/client/resources/metadata/gui/GuiSpriteScaling$Stretch	net/minecraft/class_8690$class_8693
CLASS	net/minecraft/client/resources/metadata/gui/GuiSpriteScaling$Tile	net/minecraft/class_8690$class_8694
CLASS	net/minecraft/client/resources/metadata/gui/GuiSpriteScaling$Type	net/minecraft/class_8690$class_8695
CLASS	net/minecraft/client/resources/metadata/gui/package-info	net/minecraft/class_8696
CLASS	net/minecraft/client/resources/metadata/language/LanguageMetadataSection	net/minecraft/class_1082
CLASS	net/minecraft/client/resources/metadata/language/package-info	net/minecraft/class_6265
CLASS	net/minecraft/client/resources/metadata/package-info	net/minecraft/class_6266
CLASS	net/minecraft/client/resources/metadata/texture/TextureMetadataSection	net/minecraft/class_1084
CLASS	net/minecraft/client/resources/metadata/texture/package-info	net/minecraft/class_6267
CLASS	net/minecraft/client/resources/model/AtlasManager	net/minecraft/class_11697
CLASS	net/minecraft/client/resources/model/AtlasManager$AtlasConfig	net/minecraft/class_11697$class_11698
CLASS	net/minecraft/client/resources/model/AtlasManager$AtlasEntry	net/minecraft/class_11697$class_7772
CLASS	net/minecraft/client/resources/model/AtlasManager$PendingStitch	net/minecraft/class_11697$class_11699
CLASS	net/minecraft/client/resources/model/AtlasManager$PendingStitchResults	net/minecraft/class_11697$class_11700
CLASS	net/minecraft/client/resources/model/BlockModelRotation	net/minecraft/class_1086
CLASS	net/minecraft/client/resources/model/BlockModelRotation$WithUvLock	net/minecraft/class_1086$class_10810
CLASS	net/minecraft/client/resources/model/BlockStateDefinitions	net/minecraft/class_10811
CLASS	net/minecraft/client/resources/model/BlockStateModelLoader	net/minecraft/class_9824
CLASS	net/minecraft/client/resources/model/BlockStateModelLoader$LoadedBlockModelDefinition	net/minecraft/class_9824$class_10094
CLASS	net/minecraft/client/resources/model/BlockStateModelLoader$LoadedModels	net/minecraft/class_9824$class_10095
CLASS	net/minecraft/client/resources/model/ClientItemInfoLoader	net/minecraft/class_10521
CLASS	net/minecraft/client/resources/model/ClientItemInfoLoader$LoadedClientInfos	net/minecraft/class_10521$class_10522
CLASS	net/minecraft/client/resources/model/ClientItemInfoLoader$PendingLoad	net/minecraft/class_10521$class_10523
CLASS	net/minecraft/client/resources/model/EquipmentAssetManager	net/minecraft/class_10201
CLASS	net/minecraft/client/resources/model/EquipmentClientInfo	net/minecraft/class_10186
CLASS	net/minecraft/client/resources/model/EquipmentClientInfo$Builder	net/minecraft/class_10186$class_10187
CLASS	net/minecraft/client/resources/model/EquipmentClientInfo$Dyeable	net/minecraft/class_10186$class_10188
CLASS	net/minecraft/client/resources/model/EquipmentClientInfo$Layer	net/minecraft/class_10186$class_10189
CLASS	net/minecraft/client/resources/model/EquipmentClientInfo$LayerType	net/minecraft/class_10186$class_10190
CLASS	net/minecraft/client/resources/model/Material	net/minecraft/class_4730
CLASS	net/minecraft/client/resources/model/MaterialSet	net/minecraft/class_11701
CLASS	net/minecraft/client/resources/model/MissingBlockModel	net/minecraft/class_10096
CLASS	net/minecraft/client/resources/model/ModelBaker	net/minecraft/class_7775
CLASS	net/minecraft/client/resources/model/ModelBaker$PartCache	net/minecraft/class_7775$class_12356
CLASS	net/minecraft/client/resources/model/ModelBaker$SharedOperationKey	net/minecraft/class_7775$class_10897
CLASS	net/minecraft/client/resources/model/ModelBakery	net/minecraft/class_1088
CLASS	net/minecraft/client/resources/model/ModelBakery$BakingResult	net/minecraft/class_1088$class_10524
CLASS	net/minecraft/client/resources/model/ModelBakery$MissingModels	net/minecraft/class_1088$class_10812
CLASS	net/minecraft/client/resources/model/ModelBakery$MissingModels$1	net/minecraft/class_1088$class_10812$1
CLASS	net/minecraft/client/resources/model/ModelBakery$ModelBakerImpl	net/minecraft/class_1088$class_7778
CLASS	net/minecraft/client/resources/model/ModelBakery$PartCacheImpl	net/minecraft/class_1088$class_12357
CLASS	net/minecraft/client/resources/model/ModelDebugName	net/minecraft/class_10813
CLASS	net/minecraft/client/resources/model/ModelDiscovery	net/minecraft/class_10097
CLASS	net/minecraft/client/resources/model/ModelDiscovery$ModelWrapper	net/minecraft/class_10097$class_10814
CLASS	net/minecraft/client/resources/model/ModelDiscovery$Slot	net/minecraft/class_10097$class_10815
CLASS	net/minecraft/client/resources/model/ModelGroupCollector	net/minecraft/class_10099
CLASS	net/minecraft/client/resources/model/ModelGroupCollector$GroupKey	net/minecraft/class_10099$class_10100
CLASS	net/minecraft/client/resources/model/ModelManager	net/minecraft/class_1092
CLASS	net/minecraft/client/resources/model/ModelManager$1	net/minecraft/class_1092$1
CLASS	net/minecraft/client/resources/model/ModelManager$ReloadState	net/minecraft/class_1092$class_7779
CLASS	net/minecraft/client/resources/model/ModelManager$ResolvedModels	net/minecraft/class_1092$class_10816
CLASS	net/minecraft/client/resources/model/ModelState	net/minecraft/class_3665
CLASS	net/minecraft/client/resources/model/QuadCollection	net/minecraft/class_10817
CLASS	net/minecraft/client/resources/model/QuadCollection$Builder	net/minecraft/class_10817$class_10818
CLASS	net/minecraft/client/resources/model/ResolvableModel	net/minecraft/class_10526
CLASS	net/minecraft/client/resources/model/ResolvableModel$Resolver	net/minecraft/class_10526$class_10103
CLASS	net/minecraft/client/resources/model/ResolvedModel	net/minecraft/class_10819
CLASS	net/minecraft/client/resources/model/SpriteGetter	net/minecraft/class_9826
CLASS	net/minecraft/client/resources/model/UnbakedGeometry	net/minecraft/class_10820
CLASS	net/minecraft/client/resources/model/UnbakedModel	net/minecraft/class_1100
CLASS	net/minecraft/client/resources/model/UnbakedModel$GuiLight	net/minecraft/class_1100$class_4751
CLASS	net/minecraft/client/resources/model/WeightedVariants	net/minecraft/class_1097
CLASS	net/minecraft/client/resources/model/WeightedVariants$Unbaked	net/minecraft/class_1097$class_10898
CLASS	net/minecraft/client/resources/model/package-info	net/minecraft/class_6268
CLASS	net/minecraft/client/resources/package-info	net/minecraft/class_6269
CLASS	net/minecraft/client/resources/server/DownloadedPackSource	net/minecraft/class_1066
CLASS	net/minecraft/client/resources/server/DownloadedPackSource$1	net/minecraft/class_1066$1
CLASS	net/minecraft/client/resources/server/DownloadedPackSource$2	net/minecraft/class_1066$2
CLASS	net/minecraft/client/resources/server/DownloadedPackSource$3	net/minecraft/class_1066$3
CLASS	net/minecraft/client/resources/server/DownloadedPackSource$4	net/minecraft/class_1066$4
CLASS	net/minecraft/client/resources/server/DownloadedPackSource$5	net/minecraft/class_1066$5
CLASS	net/minecraft/client/resources/server/DownloadedPackSource$6	net/minecraft/class_1066$6
CLASS	net/minecraft/client/resources/server/DownloadedPackSource$7	net/minecraft/class_1066$7
CLASS	net/minecraft/client/resources/server/DownloadedPackSource$8	net/minecraft/class_1066$8
CLASS	net/minecraft/client/resources/server/PackDownloader	net/minecraft/class_9038
CLASS	net/minecraft/client/resources/server/PackLoadFeedback	net/minecraft/class_9039
CLASS	net/minecraft/client/resources/server/PackLoadFeedback$FinalResult	net/minecraft/class_9039$class_9040
CLASS	net/minecraft/client/resources/server/PackLoadFeedback$Update	net/minecraft/class_9039$class_9060
CLASS	net/minecraft/client/resources/server/PackReloadConfig	net/minecraft/class_9041
CLASS	net/minecraft/client/resources/server/PackReloadConfig$Callbacks	net/minecraft/class_9041$class_9042
CLASS	net/minecraft/client/resources/server/PackReloadConfig$IdAndPath	net/minecraft/class_9041$class_9043
CLASS	net/minecraft/client/resources/server/ServerPackManager	net/minecraft/class_9044
CLASS	net/minecraft/client/resources/server/ServerPackManager$1	net/minecraft/class_9044$1
CLASS	net/minecraft/client/resources/server/ServerPackManager$ActivationStatus	net/minecraft/class_9044$class_9045
CLASS	net/minecraft/client/resources/server/ServerPackManager$PackDownloadStatus	net/minecraft/class_9044$class_9046
CLASS	net/minecraft/client/resources/server/ServerPackManager$PackPromptStatus	net/minecraft/class_9044$class_9047
CLASS	net/minecraft/client/resources/server/ServerPackManager$RemovalReason	net/minecraft/class_9044$class_9048
CLASS	net/minecraft/client/resources/server/ServerPackManager$ServerPackData	net/minecraft/class_9044$class_9049
CLASS	net/minecraft/client/resources/server/package-info	net/minecraft/class_9050
CLASS	net/minecraft/client/resources/sounds/AbstractSoundInstance	net/minecraft/class_1102
CLASS	net/minecraft/client/resources/sounds/AbstractTickableSoundInstance	net/minecraft/class_1101
CLASS	net/minecraft/client/resources/sounds/AmbientSoundHandler	net/minecraft/class_1104
CLASS	net/minecraft/client/resources/sounds/BeeAggressiveSoundInstance	net/minecraft/class_4508
CLASS	net/minecraft/client/resources/sounds/BeeFlyingSoundInstance	net/minecraft/class_4509
CLASS	net/minecraft/client/resources/sounds/BeeSoundInstance	net/minecraft/class_4510
CLASS	net/minecraft/client/resources/sounds/BiomeAmbientSoundsHandler	net/minecraft/class_4897
CLASS	net/minecraft/client/resources/sounds/BiomeAmbientSoundsHandler$LoopSoundInstance	net/minecraft/class_4897$class_4898
CLASS	net/minecraft/client/resources/sounds/BubbleColumnAmbientSoundHandler	net/minecraft/class_4277
CLASS	net/minecraft/client/resources/sounds/DirectionalSoundInstance	net/minecraft/class_11747
CLASS	net/minecraft/client/resources/sounds/ElytraOnPlayerSoundInstance	net/minecraft/class_1103
CLASS	net/minecraft/client/resources/sounds/EntityBoundSoundInstance	net/minecraft/class_1106
CLASS	net/minecraft/client/resources/sounds/GuardianAttackSoundInstance	net/minecraft/class_1105
CLASS	net/minecraft/client/resources/sounds/MinecartSoundInstance	net/minecraft/class_1108
CLASS	net/minecraft/client/resources/sounds/RidingEntitySoundInstance	net/minecraft/class_11263
CLASS	net/minecraft/client/resources/sounds/RidingMinecartSoundInstance	net/minecraft/class_1107
CLASS	net/minecraft/client/resources/sounds/SimpleSoundInstance	net/minecraft/class_1109
CLASS	net/minecraft/client/resources/sounds/SnifferSoundInstance	net/minecraft/class_8191
CLASS	net/minecraft/client/resources/sounds/Sound	net/minecraft/class_1111
CLASS	net/minecraft/client/resources/sounds/Sound$Type	net/minecraft/class_1111$class_1112
CLASS	net/minecraft/client/resources/sounds/SoundEventRegistration	net/minecraft/class_1110
CLASS	net/minecraft/client/resources/sounds/SoundEventRegistrationSerializer	net/minecraft/class_1115
CLASS	net/minecraft/client/resources/sounds/SoundInstance	net/minecraft/class_1113
CLASS	net/minecraft/client/resources/sounds/SoundInstance$Attenuation	net/minecraft/class_1113$class_1114
CLASS	net/minecraft/client/resources/sounds/TickableSoundInstance	net/minecraft/class_1117
CLASS	net/minecraft/client/resources/sounds/UnderwaterAmbientSoundHandler	net/minecraft/class_1116
CLASS	net/minecraft/client/resources/sounds/UnderwaterAmbientSoundInstances	net/minecraft/class_1118
CLASS	net/minecraft/client/resources/sounds/UnderwaterAmbientSoundInstances$SubSound	net/minecraft/class_1118$class_1119
CLASS	net/minecraft/client/resources/sounds/UnderwaterAmbientSoundInstances$UnderwaterAmbientSoundInstance	net/minecraft/class_1118$class_1120
CLASS	net/minecraft/client/resources/sounds/package-info	net/minecraft/class_6270
CLASS	net/minecraft/client/searchtree/FullTextSearchTree	net/minecraft/class_1126
CLASS	net/minecraft/client/searchtree/IdSearchTree	net/minecraft/class_1121
CLASS	net/minecraft/client/searchtree/IdentifierSearchTree	net/minecraft/class_7455
CLASS	net/minecraft/client/searchtree/IdentifierSearchTree$1	net/minecraft/class_7455$1
CLASS	net/minecraft/client/searchtree/IdentifierSearchTree$2	net/minecraft/class_7455$2
CLASS	net/minecraft/client/searchtree/IntersectionIterator	net/minecraft/class_1122
CLASS	net/minecraft/client/searchtree/MergingUniqueIterator	net/minecraft/class_1127
CLASS	net/minecraft/client/searchtree/SearchTree	net/minecraft/class_1129
CLASS	net/minecraft/client/searchtree/SuffixArray	net/minecraft/class_1128
CLASS	net/minecraft/client/searchtree/package-info	net/minecraft/class_6272
CLASS	net/minecraft/client/server/IntegratedPlayerList	net/minecraft/class_1130
CLASS	net/minecraft/client/server/IntegratedServer	net/minecraft/class_1132
CLASS	net/minecraft/client/server/LanServer	net/minecraft/class_1131
CLASS	net/minecraft/client/server/LanServerDetection	net/minecraft/class_1134
CLASS	net/minecraft/client/server/LanServerDetection$LanServerDetector	net/minecraft/class_1134$class_1135
CLASS	net/minecraft/client/server/LanServerDetection$LanServerList	net/minecraft/class_1134$class_1136
CLASS	net/minecraft/client/server/LanServerPinger	net/minecraft/class_1133
CLASS	net/minecraft/client/server/package-info	net/minecraft/class_6273
CLASS	net/minecraft/client/sounds/AudioStream	net/minecraft/class_4234
CLASS	net/minecraft/client/sounds/ChannelAccess	net/minecraft/class_4235
CLASS	net/minecraft/client/sounds/ChannelAccess$ChannelHandle	net/minecraft/class_4235$class_4236
CLASS	net/minecraft/client/sounds/ChunkedSampleByteBuf	net/minecraft/class_4229
CLASS	net/minecraft/client/sounds/FiniteAudioStream	net/minecraft/class_9672
CLASS	net/minecraft/client/sounds/FloatSampleSource	net/minecraft/class_9673
CLASS	net/minecraft/client/sounds/JOrbisAudioStream	net/minecraft/class_4228
CLASS	net/minecraft/client/sounds/LoopingAudioStream	net/minecraft/class_4856
CLASS	net/minecraft/client/sounds/LoopingAudioStream$AudioStreamProvider	net/minecraft/class_4856$class_4857
CLASS	net/minecraft/client/sounds/LoopingAudioStream$NoCloseBuffer	net/minecraft/class_4856$class_4858
CLASS	net/minecraft/client/sounds/MusicManager	net/minecraft/class_1142
CLASS	net/minecraft/client/sounds/MusicManager$1	net/minecraft/class_1142$1
CLASS	net/minecraft/client/sounds/MusicManager$MusicFrequency	net/minecraft/class_1142$class_11504
CLASS	net/minecraft/client/sounds/SoundBufferLibrary	net/minecraft/class_4237
CLASS	net/minecraft/client/sounds/SoundEngine	net/minecraft/class_1140
CLASS	net/minecraft/client/sounds/SoundEngine$DeviceCheckState	net/minecraft/class_1140$class_6665
CLASS	net/minecraft/client/sounds/SoundEngine$PlayResult	net/minecraft/class_1140$class_11518
CLASS	net/minecraft/client/sounds/SoundEngineExecutor	net/minecraft/class_4238
CLASS	net/minecraft/client/sounds/SoundEventListener	net/minecraft/class_1145
CLASS	net/minecraft/client/sounds/SoundManager	net/minecraft/class_1144
CLASS	net/minecraft/client/sounds/SoundManager$1	net/minecraft/class_1144$1
CLASS	net/minecraft/client/sounds/SoundManager$2	net/minecraft/class_1144$2
CLASS	net/minecraft/client/sounds/SoundManager$Preparations	net/minecraft/class_1144$class_4009
CLASS	net/minecraft/client/sounds/SoundManager$Preparations$1	net/minecraft/class_1144$class_4009$1
CLASS	net/minecraft/client/sounds/SoundPreviewHandler	net/minecraft/class_12052
CLASS	net/minecraft/client/sounds/SoundPreviewHandler$1	net/minecraft/class_12052$1
CLASS	net/minecraft/client/sounds/WeighedSoundEvents	net/minecraft/class_1146
CLASS	net/minecraft/client/sounds/Weighted	net/minecraft/class_1148
CLASS	net/minecraft/client/sounds/package-info	net/minecraft/class_6274
CLASS	net/minecraft/client/telemetry/ClientTelemetryManager	net/minecraft/class_6628
CLASS	net/minecraft/client/telemetry/TelemetryEventInstance	net/minecraft/class_7962
CLASS	net/minecraft/client/telemetry/TelemetryEventLog	net/minecraft/class_7963
CLASS	net/minecraft/client/telemetry/TelemetryEventLogger	net/minecraft/class_7964
CLASS	net/minecraft/client/telemetry/TelemetryEventSender	net/minecraft/class_7965
CLASS	net/minecraft/client/telemetry/TelemetryEventType	net/minecraft/class_7966
CLASS	net/minecraft/client/telemetry/TelemetryEventType$Builder	net/minecraft/class_7966$class_7967
CLASS	net/minecraft/client/telemetry/TelemetryLogManager	net/minecraft/class_7968
CLASS	net/minecraft/client/telemetry/TelemetryProperty	net/minecraft/class_7969
CLASS	net/minecraft/client/telemetry/TelemetryProperty$Exporter	net/minecraft/class_7969$class_7970
CLASS	net/minecraft/client/telemetry/TelemetryProperty$GameMode	net/minecraft/class_7969$class_7971
CLASS	net/minecraft/client/telemetry/TelemetryProperty$ServerType	net/minecraft/class_7969$class_7972
CLASS	net/minecraft/client/telemetry/TelemetryPropertyMap	net/minecraft/class_7973
CLASS	net/minecraft/client/telemetry/TelemetryPropertyMap$1	net/minecraft/class_7973$1
CLASS	net/minecraft/client/telemetry/TelemetryPropertyMap$Builder	net/minecraft/class_7973$class_7974
CLASS	net/minecraft/client/telemetry/WorldSessionTelemetryManager	net/minecraft/class_7975
CLASS	net/minecraft/client/telemetry/events/AggregatedTelemetryEvent	net/minecraft/class_7976
CLASS	net/minecraft/client/telemetry/events/GameLoadTimesEvent	net/minecraft/class_8561
CLASS	net/minecraft/client/telemetry/events/GameLoadTimesEvent$Measurement	net/minecraft/class_8561$class_8562
CLASS	net/minecraft/client/telemetry/events/PerformanceMetricsEvent	net/minecraft/class_7977
CLASS	net/minecraft/client/telemetry/events/WorldLoadEvent	net/minecraft/class_7979
CLASS	net/minecraft/client/telemetry/events/WorldLoadEvent$1	net/minecraft/class_7979$1
CLASS	net/minecraft/client/telemetry/events/WorldLoadTimesEvent	net/minecraft/class_7981
CLASS	net/minecraft/client/telemetry/events/WorldUnloadEvent	net/minecraft/class_7982
CLASS	net/minecraft/client/telemetry/events/package-info	net/minecraft/class_7983
CLASS	net/minecraft/client/telemetry/package-info	net/minecraft/class_7984
CLASS	net/minecraft/client/tutorial/CompletedTutorialStepInstance	net/minecraft/class_1150
CLASS	net/minecraft/client/tutorial/CraftPlanksTutorialStep	net/minecraft/class_1149
CLASS	net/minecraft/client/tutorial/FindTreeTutorialStepInstance	net/minecraft/class_1152
CLASS	net/minecraft/client/tutorial/MovementTutorialStepInstance	net/minecraft/class_1151
CLASS	net/minecraft/client/tutorial/OpenInventoryTutorialStep	net/minecraft/class_1154
CLASS	net/minecraft/client/tutorial/PunchTreeTutorialStepInstance	net/minecraft/class_1153
CLASS	net/minecraft/client/tutorial/Tutorial	net/minecraft/class_1156
CLASS	net/minecraft/client/tutorial/TutorialStepInstance	net/minecraft/class_1155
CLASS	net/minecraft/client/tutorial/TutorialSteps	net/minecraft/class_1157
CLASS	net/minecraft/client/tutorial/package-info	net/minecraft/class_6275
CLASS	net/minecraft/client/waypoints/ClientWaypointManager	net/minecraft/class_11264
CLASS	net/minecraft/client/waypoints/package-info	net/minecraft/class_11748
CLASS	net/minecraft/commands/BrigadierExceptions	net/minecraft/class_2156
CLASS	net/minecraft/commands/CacheableFunction	net/minecraft/class_2159
CLASS	net/minecraft/commands/CommandBuildContext	net/minecraft/class_7157
CLASS	net/minecraft/commands/CommandBuildContext$1	net/minecraft/class_7157$1
CLASS	net/minecraft/commands/CommandResultCallback	net/minecraft/class_8935
CLASS	net/minecraft/commands/CommandResultCallback$1	net/minecraft/class_8935$1
CLASS	net/minecraft/commands/CommandSigningContext	net/minecraft/class_7448
CLASS	net/minecraft/commands/CommandSigningContext$1	net/minecraft/class_7448$1
CLASS	net/minecraft/commands/CommandSigningContext$SignedArguments	net/minecraft/class_7448$class_7449
CLASS	net/minecraft/commands/CommandSource	net/minecraft/class_2165
CLASS	net/minecraft/commands/CommandSource$1	net/minecraft/class_2165$1
CLASS	net/minecraft/commands/CommandSourceStack	net/minecraft/class_2168
CLASS	net/minecraft/commands/Commands	net/minecraft/class_2170
CLASS	net/minecraft/commands/Commands$1	net/minecraft/class_2170$1
CLASS	net/minecraft/commands/Commands$2	net/minecraft/class_2170$2
CLASS	net/minecraft/commands/Commands$2$1	net/minecraft/class_2170$2$1
CLASS	net/minecraft/commands/Commands$CommandSelection	net/minecraft/class_2170$class_5364
CLASS	net/minecraft/commands/Commands$ParseFunction	net/minecraft/class_2170$class_2171
CLASS	net/minecraft/commands/ExecutionCommandSource	net/minecraft/class_8839
CLASS	net/minecraft/commands/FunctionInstantiationException	net/minecraft/class_8643
CLASS	net/minecraft/commands/ParserUtils	net/minecraft/class_9010
CLASS	net/minecraft/commands/SharedSuggestionProvider	net/minecraft/class_2172
CLASS	net/minecraft/commands/SharedSuggestionProvider$ElementSuggestionType	net/minecraft/class_2172$class_7078
CLASS	net/minecraft/commands/SharedSuggestionProvider$TextCoordinates	net/minecraft/class_2172$class_2173
CLASS	net/minecraft/commands/arguments/AngleArgument	net/minecraft/class_5473
CLASS	net/minecraft/commands/arguments/AngleArgument$SingleAngle	net/minecraft/class_5473$class_5474
CLASS	net/minecraft/commands/arguments/ArgumentSignatures	net/minecraft/class_7450
CLASS	net/minecraft/commands/arguments/ArgumentSignatures$Entry	net/minecraft/class_7450$class_7599
CLASS	net/minecraft/commands/arguments/ArgumentSignatures$Signer	net/minecraft/class_7450$class_7600
CLASS	net/minecraft/commands/arguments/ColorArgument	net/minecraft/class_2177
CLASS	net/minecraft/commands/arguments/ComponentArgument	net/minecraft/class_2178
CLASS	net/minecraft/commands/arguments/CompoundTagArgument	net/minecraft/class_2179
CLASS	net/minecraft/commands/arguments/DimensionArgument	net/minecraft/class_2181
CLASS	net/minecraft/commands/arguments/EntityAnchorArgument	net/minecraft/class_2183
CLASS	net/minecraft/commands/arguments/EntityAnchorArgument$Anchor	net/minecraft/class_2183$class_2184
CLASS	net/minecraft/commands/arguments/EntityArgument	net/minecraft/class_2186
CLASS	net/minecraft/commands/arguments/EntityArgument$Info	net/minecraft/class_2186$class_2187
CLASS	net/minecraft/commands/arguments/EntityArgument$Info$Template	net/minecraft/class_2186$class_2187$class_7171
CLASS	net/minecraft/commands/arguments/GameModeArgument	net/minecraft/class_7918
CLASS	net/minecraft/commands/arguments/GameProfileArgument	net/minecraft/class_2191
CLASS	net/minecraft/commands/arguments/GameProfileArgument$Result	net/minecraft/class_2191$class_2192
CLASS	net/minecraft/commands/arguments/GameProfileArgument$SelectorResult	net/minecraft/class_2191$class_2193
CLASS	net/minecraft/commands/arguments/HeightmapTypeArgument	net/minecraft/class_8199
CLASS	net/minecraft/commands/arguments/HexColorArgument	net/minecraft/class_11199
CLASS	net/minecraft/commands/arguments/IdentifierArgument	net/minecraft/class_2232
CLASS	net/minecraft/commands/arguments/MessageArgument	net/minecraft/class_2196
CLASS	net/minecraft/commands/arguments/MessageArgument$Message	net/minecraft/class_2196$class_2197
CLASS	net/minecraft/commands/arguments/MessageArgument$Part	net/minecraft/class_2196$class_2198
CLASS	net/minecraft/commands/arguments/NbtPathArgument	net/minecraft/class_2203
CLASS	net/minecraft/commands/arguments/NbtPathArgument$AllElementsNode	net/minecraft/class_2203$class_2204
CLASS	net/minecraft/commands/arguments/NbtPathArgument$CompoundChildNode	net/minecraft/class_2203$class_2205
CLASS	net/minecraft/commands/arguments/NbtPathArgument$IndexedElementNode	net/minecraft/class_2203$class_2206
CLASS	net/minecraft/commands/arguments/NbtPathArgument$MatchElementNode	net/minecraft/class_2203$class_2207
CLASS	net/minecraft/commands/arguments/NbtPathArgument$MatchObjectNode	net/minecraft/class_2203$class_2208
CLASS	net/minecraft/commands/arguments/NbtPathArgument$MatchRootObjectNode	net/minecraft/class_2203$class_3707
CLASS	net/minecraft/commands/arguments/NbtPathArgument$NbtPath	net/minecraft/class_2203$class_2209
CLASS	net/minecraft/commands/arguments/NbtPathArgument$Node	net/minecraft/class_2203$class_2210
CLASS	net/minecraft/commands/arguments/NbtTagArgument	net/minecraft/class_2212
CLASS	net/minecraft/commands/arguments/ObjectiveArgument	net/minecraft/class_2214
CLASS	net/minecraft/commands/arguments/ObjectiveCriteriaArgument	net/minecraft/class_2216
CLASS	net/minecraft/commands/arguments/OperationArgument	net/minecraft/class_2218
CLASS	net/minecraft/commands/arguments/OperationArgument$Operation	net/minecraft/class_2218$class_2219
CLASS	net/minecraft/commands/arguments/OperationArgument$SimpleOperation	net/minecraft/class_2218$class_2220
CLASS	net/minecraft/commands/arguments/ParticleArgument	net/minecraft/class_2223
CLASS	net/minecraft/commands/arguments/RangeArgument	net/minecraft/class_2224
CLASS	net/minecraft/commands/arguments/RangeArgument$Floats	net/minecraft/class_2224$class_2225
CLASS	net/minecraft/commands/arguments/RangeArgument$Ints	net/minecraft/class_2224$class_2227
CLASS	net/minecraft/commands/arguments/ResourceArgument	net/minecraft/class_7733
CLASS	net/minecraft/commands/arguments/ResourceArgument$Info	net/minecraft/class_7733$class_7734
CLASS	net/minecraft/commands/arguments/ResourceArgument$Info$Template	net/minecraft/class_7733$class_7734$class_7735
CLASS	net/minecraft/commands/arguments/ResourceKeyArgument	net/minecraft/class_7079
CLASS	net/minecraft/commands/arguments/ResourceKeyArgument$Info	net/minecraft/class_7079$class_7080
CLASS	net/minecraft/commands/arguments/ResourceKeyArgument$Info$Template	net/minecraft/class_7079$class_7080$class_7197
CLASS	net/minecraft/commands/arguments/ResourceOrIdArgument	net/minecraft/class_9433
CLASS	net/minecraft/commands/arguments/ResourceOrIdArgument$DialogArgument	net/minecraft/class_9433$class_11458
CLASS	net/minecraft/commands/arguments/ResourceOrIdArgument$InlineResult	net/minecraft/class_9433$class_11380
CLASS	net/minecraft/commands/arguments/ResourceOrIdArgument$LootModifierArgument	net/minecraft/class_9433$class_9434
CLASS	net/minecraft/commands/arguments/ResourceOrIdArgument$LootPredicateArgument	net/minecraft/class_9433$class_9435
CLASS	net/minecraft/commands/arguments/ResourceOrIdArgument$LootTableArgument	net/minecraft/class_9433$class_9436
CLASS	net/minecraft/commands/arguments/ResourceOrIdArgument$ReferenceResult	net/minecraft/class_9433$class_11381
CLASS	net/minecraft/commands/arguments/ResourceOrIdArgument$Result	net/minecraft/class_9433$class_11382
CLASS	net/minecraft/commands/arguments/ResourceOrTagArgument	net/minecraft/class_7737
CLASS	net/minecraft/commands/arguments/ResourceOrTagArgument$Info	net/minecraft/class_7737$class_7738
CLASS	net/minecraft/commands/arguments/ResourceOrTagArgument$Info$Template	net/minecraft/class_7737$class_7738$class_7739
CLASS	net/minecraft/commands/arguments/ResourceOrTagArgument$ResourceResult	net/minecraft/class_7737$class_7740
CLASS	net/minecraft/commands/arguments/ResourceOrTagArgument$Result	net/minecraft/class_7737$class_7741
CLASS	net/minecraft/commands/arguments/ResourceOrTagArgument$TagResult	net/minecraft/class_7737$class_7742
CLASS	net/minecraft/commands/arguments/ResourceOrTagKeyArgument	net/minecraft/class_7066
CLASS	net/minecraft/commands/arguments/ResourceOrTagKeyArgument$Info	net/minecraft/class_7066$class_7069
CLASS	net/minecraft/commands/arguments/ResourceOrTagKeyArgument$Info$Template	net/minecraft/class_7066$class_7069$class_7199
CLASS	net/minecraft/commands/arguments/ResourceOrTagKeyArgument$ResourceResult	net/minecraft/class_7066$class_7067
CLASS	net/minecraft/commands/arguments/ResourceOrTagKeyArgument$Result	net/minecraft/class_7066$class_7068
CLASS	net/minecraft/commands/arguments/ResourceOrTagKeyArgument$TagResult	net/minecraft/class_7066$class_7070
CLASS	net/minecraft/commands/arguments/ResourceSelectorArgument	net/minecraft/class_10644
CLASS	net/minecraft/commands/arguments/ResourceSelectorArgument$Info	net/minecraft/class_10644$class_10645
CLASS	net/minecraft/commands/arguments/ResourceSelectorArgument$Info$Template	net/minecraft/class_10644$class_10645$class_10646
CLASS	net/minecraft/commands/arguments/ScoreHolderArgument	net/minecraft/class_2233
CLASS	net/minecraft/commands/arguments/ScoreHolderArgument$Info	net/minecraft/class_2233$class_2236
CLASS	net/minecraft/commands/arguments/ScoreHolderArgument$Info$Template	net/minecraft/class_2233$class_2236$class_7200
CLASS	net/minecraft/commands/arguments/ScoreHolderArgument$Result	net/minecraft/class_2233$class_2234
CLASS	net/minecraft/commands/arguments/ScoreHolderArgument$SelectorResult	net/minecraft/class_2233$class_2235
CLASS	net/minecraft/commands/arguments/ScoreboardSlotArgument	net/minecraft/class_2239
CLASS	net/minecraft/commands/arguments/SignedArgument	net/minecraft/class_7451
CLASS	net/minecraft/commands/arguments/SlotArgument	net/minecraft/class_2240
CLASS	net/minecraft/commands/arguments/SlotsArgument	net/minecraft/class_9351
CLASS	net/minecraft/commands/arguments/StringRepresentableArgument	net/minecraft/class_7485
CLASS	net/minecraft/commands/arguments/StyleArgument	net/minecraft/class_9019
CLASS	net/minecraft/commands/arguments/TeamArgument	net/minecraft/class_2243
CLASS	net/minecraft/commands/arguments/TemplateMirrorArgument	net/minecraft/class_7486
CLASS	net/minecraft/commands/arguments/TemplateRotationArgument	net/minecraft/class_7487
CLASS	net/minecraft/commands/arguments/TimeArgument	net/minecraft/class_2245
CLASS	net/minecraft/commands/arguments/TimeArgument$Info	net/minecraft/class_2245$class_8033
CLASS	net/minecraft/commands/arguments/TimeArgument$Info$Template	net/minecraft/class_2245$class_8033$class_8034
CLASS	net/minecraft/commands/arguments/UuidArgument	net/minecraft/class_5242
CLASS	net/minecraft/commands/arguments/WaypointArgument	net/minecraft/class_11258
CLASS	net/minecraft/commands/arguments/blocks/BlockInput	net/minecraft/class_2247
CLASS	net/minecraft/commands/arguments/blocks/BlockPredicateArgument	net/minecraft/class_2252
CLASS	net/minecraft/commands/arguments/blocks/BlockPredicateArgument$BlockPredicate	net/minecraft/class_2252$class_2253
CLASS	net/minecraft/commands/arguments/blocks/BlockPredicateArgument$Result	net/minecraft/class_2252$class_2254
CLASS	net/minecraft/commands/arguments/blocks/BlockPredicateArgument$TagPredicate	net/minecraft/class_2252$class_2255
CLASS	net/minecraft/commands/arguments/blocks/BlockStateArgument	net/minecraft/class_2257
CLASS	net/minecraft/commands/arguments/blocks/BlockStateParser	net/minecraft/class_2259
CLASS	net/minecraft/commands/arguments/blocks/BlockStateParser$BlockResult	net/minecraft/class_2259$class_7211
CLASS	net/minecraft/commands/arguments/blocks/BlockStateParser$TagResult	net/minecraft/class_2259$class_7212
CLASS	net/minecraft/commands/arguments/blocks/package-info	net/minecraft/class_6251
CLASS	net/minecraft/commands/arguments/coordinates/BlockPosArgument	net/minecraft/class_2262
CLASS	net/minecraft/commands/arguments/coordinates/ColumnPosArgument	net/minecraft/class_2264
CLASS	net/minecraft/commands/arguments/coordinates/Coordinates	net/minecraft/class_2267
CLASS	net/minecraft/commands/arguments/coordinates/LocalCoordinates	net/minecraft/class_2268
CLASS	net/minecraft/commands/arguments/coordinates/RotationArgument	net/minecraft/class_2270
CLASS	net/minecraft/commands/arguments/coordinates/SwizzleArgument	net/minecraft/class_2273
CLASS	net/minecraft/commands/arguments/coordinates/Vec2Argument	net/minecraft/class_2274
CLASS	net/minecraft/commands/arguments/coordinates/Vec3Argument	net/minecraft/class_2277
CLASS	net/minecraft/commands/arguments/coordinates/WorldCoordinate	net/minecraft/class_2278
CLASS	net/minecraft/commands/arguments/coordinates/WorldCoordinates	net/minecraft/class_2280
CLASS	net/minecraft/commands/arguments/coordinates/package-info	net/minecraft/class_6271
CLASS	net/minecraft/commands/arguments/item/ComponentPredicateParser	net/minecraft/class_9437
CLASS	net/minecraft/commands/arguments/item/ComponentPredicateParser$ComponentLookupRule	net/minecraft/class_9437$class_9438
CLASS	net/minecraft/commands/arguments/item/ComponentPredicateParser$Context	net/minecraft/class_9437$class_9439
CLASS	net/minecraft/commands/arguments/item/ComponentPredicateParser$ElementLookupRule	net/minecraft/class_9437$class_9440
CLASS	net/minecraft/commands/arguments/item/ComponentPredicateParser$PredicateLookupRule	net/minecraft/class_9437$class_9441
CLASS	net/minecraft/commands/arguments/item/ComponentPredicateParser$TagLookupRule	net/minecraft/class_9437$class_9442
CLASS	net/minecraft/commands/arguments/item/FunctionArgument	net/minecraft/class_2284
CLASS	net/minecraft/commands/arguments/item/FunctionArgument$1	net/minecraft/class_2284$1
CLASS	net/minecraft/commands/arguments/item/FunctionArgument$2	net/minecraft/class_2284$2
CLASS	net/minecraft/commands/arguments/item/FunctionArgument$Result	net/minecraft/class_2284$class_2285
CLASS	net/minecraft/commands/arguments/item/ItemArgument	net/minecraft/class_2287
CLASS	net/minecraft/commands/arguments/item/ItemInput	net/minecraft/class_2290
CLASS	net/minecraft/commands/arguments/item/ItemParser	net/minecraft/class_2291
CLASS	net/minecraft/commands/arguments/item/ItemParser$1	net/minecraft/class_2291$1
CLASS	net/minecraft/commands/arguments/item/ItemParser$ItemResult	net/minecraft/class_2291$class_7215
CLASS	net/minecraft/commands/arguments/item/ItemParser$State	net/minecraft/class_2291$class_9217
CLASS	net/minecraft/commands/arguments/item/ItemParser$SuggestionsVisitor	net/minecraft/class_2291$class_9218
CLASS	net/minecraft/commands/arguments/item/ItemParser$Visitor	net/minecraft/class_2291$class_9219
CLASS	net/minecraft/commands/arguments/item/ItemPredicateArgument	net/minecraft/class_2293
CLASS	net/minecraft/commands/arguments/item/ItemPredicateArgument$ComponentWrapper	net/minecraft/class_2293$class_9444
CLASS	net/minecraft/commands/arguments/item/ItemPredicateArgument$Context	net/minecraft/class_2293$class_9445
CLASS	net/minecraft/commands/arguments/item/ItemPredicateArgument$PredicateWrapper	net/minecraft/class_2293$class_9446
CLASS	net/minecraft/commands/arguments/item/ItemPredicateArgument$Result	net/minecraft/class_2293$class_2295
CLASS	net/minecraft/commands/arguments/item/package-info	net/minecraft/class_6277
CLASS	net/minecraft/commands/arguments/package-info	net/minecraft/class_6278
CLASS	net/minecraft/commands/arguments/selector/EntitySelector	net/minecraft/class_2300
CLASS	net/minecraft/commands/arguments/selector/EntitySelector$1	net/minecraft/class_2300$1
CLASS	net/minecraft/commands/arguments/selector/EntitySelectorParser	net/minecraft/class_2303
CLASS	net/minecraft/commands/arguments/selector/SelectorPattern	net/minecraft/class_10104
CLASS	net/minecraft/commands/arguments/selector/options/EntitySelectorOptions	net/minecraft/class_2306
CLASS	net/minecraft/commands/arguments/selector/options/EntitySelectorOptions$Modifier	net/minecraft/class_2306$class_2307
CLASS	net/minecraft/commands/arguments/selector/options/EntitySelectorOptions$Option	net/minecraft/class_2306$class_2308
CLASS	net/minecraft/commands/arguments/selector/options/package-info	net/minecraft/class_6279
CLASS	net/minecraft/commands/arguments/selector/package-info	net/minecraft/class_6280
CLASS	net/minecraft/commands/execution/ChainModifiers	net/minecraft/class_8936
CLASS	net/minecraft/commands/execution/CommandQueueEntry	net/minecraft/class_8847
CLASS	net/minecraft/commands/execution/CustomCommandExecutor	net/minecraft/class_8848
CLASS	net/minecraft/commands/execution/CustomCommandExecutor$CommandAdapter	net/minecraft/class_8848$class_8849
CLASS	net/minecraft/commands/execution/CustomCommandExecutor$WithErrorHandling	net/minecraft/class_8848$class_8850
CLASS	net/minecraft/commands/execution/CustomModifierExecutor	net/minecraft/class_8851
CLASS	net/minecraft/commands/execution/CustomModifierExecutor$ModifierAdapter	net/minecraft/class_8851$class_8852
CLASS	net/minecraft/commands/execution/EntryAction	net/minecraft/class_8853
CLASS	net/minecraft/commands/execution/ExecutionContext	net/minecraft/class_8854
CLASS	net/minecraft/commands/execution/ExecutionControl	net/minecraft/class_8855
CLASS	net/minecraft/commands/execution/ExecutionControl$1	net/minecraft/class_8855$1
CLASS	net/minecraft/commands/execution/Frame	net/minecraft/class_8937
CLASS	net/minecraft/commands/execution/Frame$FrameControl	net/minecraft/class_8937$class_8938
CLASS	net/minecraft/commands/execution/TraceCallbacks	net/minecraft/class_6346
CLASS	net/minecraft/commands/execution/UnboundEntryAction	net/minecraft/class_8856
CLASS	net/minecraft/commands/execution/package-info	net/minecraft/class_8857
CLASS	net/minecraft/commands/execution/tasks/BuildContexts	net/minecraft/class_8858
CLASS	net/minecraft/commands/execution/tasks/BuildContexts$Continuation	net/minecraft/class_8858$class_8859
CLASS	net/minecraft/commands/execution/tasks/BuildContexts$TopLevel	net/minecraft/class_8858$class_8860
CLASS	net/minecraft/commands/execution/tasks/BuildContexts$Unbound	net/minecraft/class_8858$class_8861
CLASS	net/minecraft/commands/execution/tasks/CallFunction	net/minecraft/class_8862
CLASS	net/minecraft/commands/execution/tasks/ContinuationTask	net/minecraft/class_8863
CLASS	net/minecraft/commands/execution/tasks/ContinuationTask$TaskProvider	net/minecraft/class_8863$class_8864
CLASS	net/minecraft/commands/execution/tasks/ExecuteCommand	net/minecraft/class_8865
CLASS	net/minecraft/commands/execution/tasks/FallthroughTask	net/minecraft/class_8939
CLASS	net/minecraft/commands/execution/tasks/IsolatedCall	net/minecraft/class_8940
CLASS	net/minecraft/commands/execution/tasks/package-info	net/minecraft/class_8866
CLASS	net/minecraft/commands/functions/CommandFunction	net/minecraft/class_2158
CLASS	net/minecraft/commands/functions/FunctionBuilder	net/minecraft/class_8867
CLASS	net/minecraft/commands/functions/InstantiatedFunction	net/minecraft/class_8868
CLASS	net/minecraft/commands/functions/MacroFunction	net/minecraft/class_8641
CLASS	net/minecraft/commands/functions/MacroFunction$Entry	net/minecraft/class_8641$class_8869
CLASS	net/minecraft/commands/functions/MacroFunction$MacroEntry	net/minecraft/class_8641$class_8870
CLASS	net/minecraft/commands/functions/MacroFunction$PlainTextEntry	net/minecraft/class_8641$class_8871
CLASS	net/minecraft/commands/functions/PlainTextFunction	net/minecraft/class_8872
CLASS	net/minecraft/commands/functions/StringTemplate	net/minecraft/class_8873
CLASS	net/minecraft/commands/functions/package-info	net/minecraft/class_8874
CLASS	net/minecraft/commands/package-info	net/minecraft/class_6281
CLASS	net/minecraft/commands/synchronization/ArgumentTypeInfo	net/minecraft/class_2314
CLASS	net/minecraft/commands/synchronization/ArgumentTypeInfo$Template	net/minecraft/class_2314$class_7217
CLASS	net/minecraft/commands/synchronization/ArgumentTypeInfos	net/minecraft/class_2316
CLASS	net/minecraft/commands/synchronization/ArgumentUtils	net/minecraft/class_7218
CLASS	net/minecraft/commands/synchronization/SingletonArgumentInfo	net/minecraft/class_2319
CLASS	net/minecraft/commands/synchronization/SingletonArgumentInfo$Template	net/minecraft/class_2319$class_7219
CLASS	net/minecraft/commands/synchronization/SuggestionProviders	net/minecraft/class_2321
CLASS	net/minecraft/commands/synchronization/SuggestionProviders$RegisteredSuggestion	net/minecraft/class_2321$class_2322
CLASS	net/minecraft/commands/synchronization/brigadier/DoubleArgumentInfo	net/minecraft/class_2326
CLASS	net/minecraft/commands/synchronization/brigadier/DoubleArgumentInfo$Template	net/minecraft/class_2326$class_7220
CLASS	net/minecraft/commands/synchronization/brigadier/FloatArgumentInfo	net/minecraft/class_2327
CLASS	net/minecraft/commands/synchronization/brigadier/FloatArgumentInfo$Template	net/minecraft/class_2327$class_7221
CLASS	net/minecraft/commands/synchronization/brigadier/IntegerArgumentInfo	net/minecraft/class_2330
CLASS	net/minecraft/commands/synchronization/brigadier/IntegerArgumentInfo$Template	net/minecraft/class_2330$class_7222
CLASS	net/minecraft/commands/synchronization/brigadier/LongArgumentInfo	net/minecraft/class_4461
CLASS	net/minecraft/commands/synchronization/brigadier/LongArgumentInfo$Template	net/minecraft/class_4461$class_7223
CLASS	net/minecraft/commands/synchronization/brigadier/StringArgumentSerializer	net/minecraft/class_2332
CLASS	net/minecraft/commands/synchronization/brigadier/StringArgumentSerializer$1	net/minecraft/class_2332$1
CLASS	net/minecraft/commands/synchronization/brigadier/StringArgumentSerializer$Template	net/minecraft/class_2332$class_7224
CLASS	net/minecraft/commands/synchronization/brigadier/package-info	net/minecraft/class_6282
CLASS	net/minecraft/commands/synchronization/package-info	net/minecraft/class_6283
CLASS	net/minecraft/core/AxisCycle	net/minecraft/class_2335
CLASS	net/minecraft/core/AxisCycle$1	net/minecraft/class_2335$1
CLASS	net/minecraft/core/AxisCycle$2	net/minecraft/class_2335$2
CLASS	net/minecraft/core/AxisCycle$3	net/minecraft/class_2335$3
CLASS	net/minecraft/core/BlockBox	net/minecraft/class_9380
CLASS	net/minecraft/core/BlockBox$1	net/minecraft/class_9380$1
CLASS	net/minecraft/core/BlockMath	net/minecraft/class_4609
CLASS	net/minecraft/core/BlockPos	net/minecraft/class_2338
CLASS	net/minecraft/core/BlockPos$1	net/minecraft/class_2338$1
CLASS	net/minecraft/core/BlockPos$2	net/minecraft/class_2338$2
CLASS	net/minecraft/core/BlockPos$3	net/minecraft/class_2338$3
CLASS	net/minecraft/core/BlockPos$4	net/minecraft/class_2338$4
CLASS	net/minecraft/core/BlockPos$5	net/minecraft/class_2338$5
CLASS	net/minecraft/core/BlockPos$6	net/minecraft/class_2338$6
CLASS	net/minecraft/core/BlockPos$7	net/minecraft/class_2338$7
CLASS	net/minecraft/core/BlockPos$MutableBlockPos	net/minecraft/class_2338$class_2339
CLASS	net/minecraft/core/BlockPos$TraversalNodeStatus	net/minecraft/class_2338$class_10384
CLASS	net/minecraft/core/ClientAsset	net/minecraft/class_12079
CLASS	net/minecraft/core/ClientAsset$DownloadedTexture	net/minecraft/class_12079$class_12080
CLASS	net/minecraft/core/ClientAsset$ResourceTexture	net/minecraft/class_12079$class_10726
CLASS	net/minecraft/core/ClientAsset$Texture	net/minecraft/class_12079$class_12081
CLASS	net/minecraft/core/Cloner	net/minecraft/class_8990
CLASS	net/minecraft/core/Cloner$Factory	net/minecraft/class_8990$class_8991
CLASS	net/minecraft/core/Cursor3D	net/minecraft/class_3980
CLASS	net/minecraft/core/DefaultedMappedRegistry	net/minecraft/class_2348
CLASS	net/minecraft/core/DefaultedRegistry	net/minecraft/class_7922
CLASS	net/minecraft/core/Direction	net/minecraft/class_2350
CLASS	net/minecraft/core/Direction$Axis	net/minecraft/class_2350$class_2351
CLASS	net/minecraft/core/Direction$Axis$1	net/minecraft/class_2350$class_2351$1
CLASS	net/minecraft/core/Direction$Axis$2	net/minecraft/class_2350$class_2351$2
CLASS	net/minecraft/core/Direction$Axis$3	net/minecraft/class_2350$class_2351$3
CLASS	net/minecraft/core/Direction$AxisDirection	net/minecraft/class_2350$class_2352
CLASS	net/minecraft/core/Direction$Plane	net/minecraft/class_2350$class_2353
CLASS	net/minecraft/core/Direction8	net/minecraft/class_2355
CLASS	net/minecraft/core/FrontAndTop	net/minecraft/class_5000
CLASS	net/minecraft/core/GlobalPos	net/minecraft/class_4208
CLASS	net/minecraft/core/Holder	net/minecraft/class_6880
CLASS	net/minecraft/core/Holder$Direct	net/minecraft/class_6880$class_6881
CLASS	net/minecraft/core/Holder$Kind	net/minecraft/class_6880$class_6882
CLASS	net/minecraft/core/Holder$Reference	net/minecraft/class_6880$class_6883
CLASS	net/minecraft/core/Holder$Reference$Type	net/minecraft/class_6880$class_6883$class_6884
CLASS	net/minecraft/core/HolderGetter	net/minecraft/class_7871
CLASS	net/minecraft/core/HolderGetter$Provider	net/minecraft/class_7871$class_7872
CLASS	net/minecraft/core/HolderLookup	net/minecraft/class_7225
CLASS	net/minecraft/core/HolderLookup$Provider	net/minecraft/class_7225$class_7874
CLASS	net/minecraft/core/HolderLookup$Provider$1	net/minecraft/class_7225$class_7874$1
CLASS	net/minecraft/core/HolderLookup$RegistryLookup	net/minecraft/class_7225$class_7226
CLASS	net/minecraft/core/HolderLookup$RegistryLookup$1	net/minecraft/class_7225$class_7226$1
CLASS	net/minecraft/core/HolderLookup$RegistryLookup$Delegate	net/minecraft/class_7225$class_7226$class_7875
CLASS	net/minecraft/core/HolderOwner	net/minecraft/class_7876
CLASS	net/minecraft/core/HolderSet	net/minecraft/class_6885
CLASS	net/minecraft/core/HolderSet$1	net/minecraft/class_6885$1
CLASS	net/minecraft/core/HolderSet$Direct	net/minecraft/class_6885$class_6886
CLASS	net/minecraft/core/HolderSet$ListBacked	net/minecraft/class_6885$class_6887
CLASS	net/minecraft/core/HolderSet$Named	net/minecraft/class_6885$class_6888
CLASS	net/minecraft/core/IdMap	net/minecraft/class_2359
CLASS	net/minecraft/core/IdMapper	net/minecraft/class_2361
CLASS	net/minecraft/core/LayeredRegistryAccess	net/minecraft/class_7780
CLASS	net/minecraft/core/MappedRegistry	net/minecraft/class_2370
CLASS	net/minecraft/core/MappedRegistry$1	net/minecraft/class_2370$1
CLASS	net/minecraft/core/MappedRegistry$2	net/minecraft/class_2370$2
CLASS	net/minecraft/core/MappedRegistry$3	net/minecraft/class_2370$3
CLASS	net/minecraft/core/MappedRegistry$TagSet	net/minecraft/class_2370$class_10105
CLASS	net/minecraft/core/MappedRegistry$TagSet$1	net/minecraft/class_2370$class_10105$1
CLASS	net/minecraft/core/MappedRegistry$TagSet$2	net/minecraft/class_2370$class_10105$2
CLASS	net/minecraft/core/NonNullList	net/minecraft/class_2371
CLASS	net/minecraft/core/Position	net/minecraft/class_2374
CLASS	net/minecraft/core/QuartPos	net/minecraft/class_5742
CLASS	net/minecraft/core/RegistrationInfo	net/minecraft/class_9248
CLASS	net/minecraft/core/Registry	net/minecraft/class_2378
CLASS	net/minecraft/core/Registry$1	net/minecraft/class_2378$1
CLASS	net/minecraft/core/Registry$PendingTags	net/minecraft/class_2378$class_10106
CLASS	net/minecraft/core/RegistryAccess	net/minecraft/class_5455
CLASS	net/minecraft/core/RegistryAccess$1	net/minecraft/class_5455$1
CLASS	net/minecraft/core/RegistryAccess$1FrozenAccess	net/minecraft/class_5455$class_7781
CLASS	net/minecraft/core/RegistryAccess$Frozen	net/minecraft/class_5455$class_6890
CLASS	net/minecraft/core/RegistryAccess$ImmutableRegistryAccess	net/minecraft/class_5455$class_6891
CLASS	net/minecraft/core/RegistryAccess$RegistryEntry	net/minecraft/class_5455$class_6892
CLASS	net/minecraft/core/RegistryCodecs	net/minecraft/class_6895
CLASS	net/minecraft/core/RegistrySetBuilder	net/minecraft/class_7877
CLASS	net/minecraft/core/RegistrySetBuilder$1	net/minecraft/class_7877$1
CLASS	net/minecraft/core/RegistrySetBuilder$1Entry	net/minecraft/class_7877$class_9256
CLASS	net/minecraft/core/RegistrySetBuilder$2	net/minecraft/class_7877$2
CLASS	net/minecraft/core/RegistrySetBuilder$3	net/minecraft/class_7877$3
CLASS	net/minecraft/core/RegistrySetBuilder$3$1	net/minecraft/class_7877$3$1
CLASS	net/minecraft/core/RegistrySetBuilder$BuildState	net/minecraft/class_7877$class_7878
CLASS	net/minecraft/core/RegistrySetBuilder$BuildState$1	net/minecraft/class_7877$class_7878$1
CLASS	net/minecraft/core/RegistrySetBuilder$EmptyTagLookup	net/minecraft/class_7877$class_7880
CLASS	net/minecraft/core/RegistrySetBuilder$EmptyTagLookupWrapper	net/minecraft/class_7877$class_9257
CLASS	net/minecraft/core/RegistrySetBuilder$EmptyTagRegistryLookup	net/minecraft/class_7877$class_9258
CLASS	net/minecraft/core/RegistrySetBuilder$LazyHolder	net/minecraft/class_7877$class_8992
CLASS	net/minecraft/core/RegistrySetBuilder$PatchedRegistries	net/minecraft/class_7877$class_8993
CLASS	net/minecraft/core/RegistrySetBuilder$RegisteredValue	net/minecraft/class_7877$class_7881
CLASS	net/minecraft/core/RegistrySetBuilder$RegistryBootstrap	net/minecraft/class_7877$class_7882
CLASS	net/minecraft/core/RegistrySetBuilder$RegistryContents	net/minecraft/class_7877$class_7883
CLASS	net/minecraft/core/RegistrySetBuilder$RegistryStub	net/minecraft/class_7877$class_7884
CLASS	net/minecraft/core/RegistrySetBuilder$UniversalLookup	net/minecraft/class_7877$class_7885
CLASS	net/minecraft/core/RegistrySetBuilder$UniversalOwner	net/minecraft/class_7877$class_7879
CLASS	net/minecraft/core/RegistrySetBuilder$ValueAndHolder	net/minecraft/class_7877$class_7886
CLASS	net/minecraft/core/RegistrySynchronization	net/minecraft/class_7782
CLASS	net/minecraft/core/RegistrySynchronization$PackedRegistryEntry	net/minecraft/class_7782$class_9176
CLASS	net/minecraft/core/Rotations	net/minecraft/class_2379
CLASS	net/minecraft/core/Rotations$1	net/minecraft/class_2379$1
CLASS	net/minecraft/core/SectionPos	net/minecraft/class_4076
CLASS	net/minecraft/core/SectionPos$1	net/minecraft/class_4076$1
CLASS	net/minecraft/core/UUIDUtil	net/minecraft/class_4844
CLASS	net/minecraft/core/UUIDUtil$1	net/minecraft/class_4844$1
CLASS	net/minecraft/core/Vec3i	net/minecraft/class_2382
CLASS	net/minecraft/core/WritableRegistry	net/minecraft/class_2385
CLASS	net/minecraft/core/cauldron/CauldronInteraction	net/minecraft/class_5620
CLASS	net/minecraft/core/cauldron/CauldronInteraction$InteractionMap	net/minecraft/class_5620$class_8821
CLASS	net/minecraft/core/cauldron/package-info	net/minecraft/class_6666
CLASS	net/minecraft/core/component/DataComponentExactPredicate	net/minecraft/class_9329
CLASS	net/minecraft/core/component/DataComponentExactPredicate$Builder	net/minecraft/class_9329$class_9330
CLASS	net/minecraft/core/component/DataComponentGetter	net/minecraft/class_9473
CLASS	net/minecraft/core/component/DataComponentHolder	net/minecraft/class_9322
CLASS	net/minecraft/core/component/DataComponentMap	net/minecraft/class_9323
CLASS	net/minecraft/core/component/DataComponentMap$1	net/minecraft/class_9323$1
CLASS	net/minecraft/core/component/DataComponentMap$2	net/minecraft/class_9323$2
CLASS	net/minecraft/core/component/DataComponentMap$3	net/minecraft/class_9323$3
CLASS	net/minecraft/core/component/DataComponentMap$Builder	net/minecraft/class_9323$class_9324
CLASS	net/minecraft/core/component/DataComponentMap$Builder$SimpleMap	net/minecraft/class_9323$class_9324$class_9325
CLASS	net/minecraft/core/component/DataComponentPatch	net/minecraft/class_9326
CLASS	net/minecraft/core/component/DataComponentPatch$1	net/minecraft/class_9326$1
CLASS	net/minecraft/core/component/DataComponentPatch$2	net/minecraft/class_9326$2
CLASS	net/minecraft/core/component/DataComponentPatch$3	net/minecraft/class_9326$3
CLASS	net/minecraft/core/component/DataComponentPatch$Builder	net/minecraft/class_9326$class_9327
CLASS	net/minecraft/core/component/DataComponentPatch$CodecGetter	net/minecraft/class_9326$class_10935
CLASS	net/minecraft/core/component/DataComponentPatch$PatchKey	net/minecraft/class_9326$class_9328
CLASS	net/minecraft/core/component/DataComponentPatch$SplitResult	net/minecraft/class_9326$class_9484
CLASS	net/minecraft/core/component/DataComponentType	net/minecraft/class_9331
CLASS	net/minecraft/core/component/DataComponentType$Builder	net/minecraft/class_9331$class_9332
CLASS	net/minecraft/core/component/DataComponentType$Builder$SimpleType	net/minecraft/class_9331$class_9332$class_9333
CLASS	net/minecraft/core/component/DataComponents	net/minecraft/class_9334
CLASS	net/minecraft/core/component/PatchedDataComponentMap	net/minecraft/class_9335
CLASS	net/minecraft/core/component/TypedDataComponent	net/minecraft/class_9336
CLASS	net/minecraft/core/component/TypedDataComponent$1	net/minecraft/class_9336$1
CLASS	net/minecraft/core/component/package-info	net/minecraft/class_9337
CLASS	net/minecraft/core/component/predicates/AnyValue	net/minecraft/class_12167
CLASS	net/minecraft/core/component/predicates/AttributeModifiersPredicate	net/minecraft/class_9653
CLASS	net/minecraft/core/component/predicates/AttributeModifiersPredicate$EntryPredicate	net/minecraft/class_9653$class_9654
CLASS	net/minecraft/core/component/predicates/BundlePredicate	net/minecraft/class_9655
CLASS	net/minecraft/core/component/predicates/ContainerPredicate	net/minecraft/class_9656
CLASS	net/minecraft/core/component/predicates/CustomDataPredicate	net/minecraft/class_9354
CLASS	net/minecraft/core/component/predicates/DamagePredicate	net/minecraft/class_9355
CLASS	net/minecraft/core/component/predicates/DataComponentPredicate	net/minecraft/class_9360
CLASS	net/minecraft/core/component/predicates/DataComponentPredicate$AnyValueType	net/minecraft/class_9360$class_12168
CLASS	net/minecraft/core/component/predicates/DataComponentPredicate$ConcreteType	net/minecraft/class_9360$class_12169
CLASS	net/minecraft/core/component/predicates/DataComponentPredicate$Single	net/minecraft/class_9360$class_10727
CLASS	net/minecraft/core/component/predicates/DataComponentPredicate$Type	net/minecraft/class_9360$class_8745
CLASS	net/minecraft/core/component/predicates/DataComponentPredicate$TypeBase	net/minecraft/class_9360$class_12170
CLASS	net/minecraft/core/component/predicates/DataComponentPredicates	net/minecraft/class_9361
CLASS	net/minecraft/core/component/predicates/EnchantmentsPredicate	net/minecraft/class_9356
CLASS	net/minecraft/core/component/predicates/EnchantmentsPredicate$Enchantments	net/minecraft/class_9356$class_9357
CLASS	net/minecraft/core/component/predicates/EnchantmentsPredicate$StoredEnchantments	net/minecraft/class_9356$class_9358
CLASS	net/minecraft/core/component/predicates/FireworkExplosionPredicate	net/minecraft/class_9657
CLASS	net/minecraft/core/component/predicates/FireworkExplosionPredicate$FireworkPredicate	net/minecraft/class_9657$class_9658
CLASS	net/minecraft/core/component/predicates/FireworksPredicate	net/minecraft/class_9659
CLASS	net/minecraft/core/component/predicates/JukeboxPlayablePredicate	net/minecraft/class_9790
CLASS	net/minecraft/core/component/predicates/PotionsPredicate	net/minecraft/class_9359
CLASS	net/minecraft/core/component/predicates/TrimPredicate	net/minecraft/class_9660
CLASS	net/minecraft/core/component/predicates/WritableBookPredicate	net/minecraft/class_9661
CLASS	net/minecraft/core/component/predicates/WritableBookPredicate$PagePredicate	net/minecraft/class_9661$class_9662
CLASS	net/minecraft/core/component/predicates/WrittenBookPredicate	net/minecraft/class_9663
CLASS	net/minecraft/core/component/predicates/WrittenBookPredicate$PagePredicate	net/minecraft/class_9663$class_9664
CLASS	net/minecraft/core/component/predicates/package-info	net/minecraft/class_10728
CLASS	net/minecraft/core/dispenser/BlockSource	net/minecraft/class_2342
CLASS	net/minecraft/core/dispenser/BoatDispenseItemBehavior	net/minecraft/class_2967
CLASS	net/minecraft/core/dispenser/DefaultDispenseItemBehavior	net/minecraft/class_2347
CLASS	net/minecraft/core/dispenser/DispenseItemBehavior	net/minecraft/class_2357
CLASS	net/minecraft/core/dispenser/DispenseItemBehavior$1	net/minecraft/class_2357$1
CLASS	net/minecraft/core/dispenser/DispenseItemBehavior$10	net/minecraft/class_2357$2
CLASS	net/minecraft/core/dispenser/DispenseItemBehavior$11	net/minecraft/class_2357$3
CLASS	net/minecraft/core/dispenser/DispenseItemBehavior$12	net/minecraft/class_2357$4
CLASS	net/minecraft/core/dispenser/DispenseItemBehavior$13	net/minecraft/class_2357$5
CLASS	net/minecraft/core/dispenser/DispenseItemBehavior$14	net/minecraft/class_2357$6
CLASS	net/minecraft/core/dispenser/DispenseItemBehavior$15	net/minecraft/class_2357$7
CLASS	net/minecraft/core/dispenser/DispenseItemBehavior$2	net/minecraft/class_2357$8
CLASS	net/minecraft/core/dispenser/DispenseItemBehavior$3	net/minecraft/class_2357$9
CLASS	net/minecraft/core/dispenser/DispenseItemBehavior$4	net/minecraft/class_2357$10
CLASS	net/minecraft/core/dispenser/DispenseItemBehavior$5	net/minecraft/class_2357$11
CLASS	net/minecraft/core/dispenser/DispenseItemBehavior$6	net/minecraft/class_2357$12
CLASS	net/minecraft/core/dispenser/DispenseItemBehavior$7	net/minecraft/class_2357$13
CLASS	net/minecraft/core/dispenser/DispenseItemBehavior$8	net/minecraft/class_2357$14
CLASS	net/minecraft/core/dispenser/DispenseItemBehavior$9	net/minecraft/class_2357$15
CLASS	net/minecraft/core/dispenser/EquipmentDispenseItemBehavior	net/minecraft/class_10205
CLASS	net/minecraft/core/dispenser/MinecartDispenseItemBehavior	net/minecraft/class_10242
CLASS	net/minecraft/core/dispenser/OptionalDispenseItemBehavior	net/minecraft/class_2969
CLASS	net/minecraft/core/dispenser/ProjectileDispenseBehavior	net/minecraft/class_2965
CLASS	net/minecraft/core/dispenser/ShearsDispenseItemBehavior	net/minecraft/class_5168
CLASS	net/minecraft/core/dispenser/ShulkerBoxDispenseBehavior	net/minecraft/class_2970
CLASS	net/minecraft/core/dispenser/package-info	net/minecraft/class_6284
CLASS	net/minecraft/core/package-info	net/minecraft/class_6285
CLASS	net/minecraft/core/particles/BlockParticleOption	net/minecraft/class_2388
CLASS	net/minecraft/core/particles/ColorParticleOption	net/minecraft/class_9381
CLASS	net/minecraft/core/particles/DustColorTransitionOptions	net/minecraft/class_5743
CLASS	net/minecraft/core/particles/DustParticleOptions	net/minecraft/class_2390
CLASS	net/minecraft/core/particles/ExplosionParticleInfo	net/minecraft/class_11749
CLASS	net/minecraft/core/particles/ItemParticleOption	net/minecraft/class_2392
CLASS	net/minecraft/core/particles/ParticleLimit	net/minecraft/class_5878
CLASS	net/minecraft/core/particles/ParticleOptions	net/minecraft/class_2394
CLASS	net/minecraft/core/particles/ParticleType	net/minecraft/class_2396
CLASS	net/minecraft/core/particles/ParticleTypes	net/minecraft/class_2398
CLASS	net/minecraft/core/particles/ParticleTypes$1	net/minecraft/class_2398$1
CLASS	net/minecraft/core/particles/PowerParticleOption	net/minecraft/class_11978
CLASS	net/minecraft/core/particles/ScalableParticleOptionsBase	net/minecraft/class_9679
CLASS	net/minecraft/core/particles/SculkChargeParticleOptions	net/minecraft/class_7227
CLASS	net/minecraft/core/particles/ShriekParticleOption	net/minecraft/class_7290
CLASS	net/minecraft/core/particles/SimpleParticleType	net/minecraft/class_2400
CLASS	net/minecraft/core/particles/SpellParticleOption	net/minecraft/class_11979
CLASS	net/minecraft/core/particles/TrailParticleOption	net/minecraft/class_10339
CLASS	net/minecraft/core/particles/VibrationParticleOption	net/minecraft/class_5745
CLASS	net/minecraft/core/particles/package-info	net/minecraft/class_6286
CLASS	net/minecraft/core/registries/BuiltInRegistries	net/minecraft/class_7923
CLASS	net/minecraft/core/registries/BuiltInRegistries$RegistryBootstrap	net/minecraft/class_7923$class_6889
CLASS	net/minecraft/core/registries/Registries	net/minecraft/class_7924
CLASS	net/minecraft/core/registries/package-info	net/minecraft/class_7925
CLASS	net/minecraft/data/AtlasIds	net/minecraft/class_10725
CLASS	net/minecraft/data/BlockFamilies	net/minecraft/class_5793
CLASS	net/minecraft/data/BlockFamily	net/minecraft/class_5794
CLASS	net/minecraft/data/BlockFamily$Builder	net/minecraft/class_5794$class_5795
CLASS	net/minecraft/data/BlockFamily$Variant	net/minecraft/class_5794$class_5796
CLASS	net/minecraft/data/CachedOutput	net/minecraft/class_7403
CLASS	net/minecraft/data/DataGenerator	net/minecraft/class_2403
CLASS	net/minecraft/data/DataGenerator$PackGenerator	net/minecraft/class_2403$class_7856
CLASS	net/minecraft/data/DataProvider	net/minecraft/class_2405
CLASS	net/minecraft/data/DataProvider$Factory	net/minecraft/class_2405$class_7857
CLASS	net/minecraft/data/HashCache	net/minecraft/class_2408
CLASS	net/minecraft/data/HashCache$1	net/minecraft/class_2408$1
CLASS	net/minecraft/data/HashCache$CacheUpdater	net/minecraft/class_2408$class_7404
CLASS	net/minecraft/data/HashCache$ProviderCache	net/minecraft/class_2408$class_7405
CLASS	net/minecraft/data/HashCache$ProviderCacheBuilder	net/minecraft/class_2408$class_7858
CLASS	net/minecraft/data/HashCache$UpdateFunction	net/minecraft/class_2408$class_7859
CLASS	net/minecraft/data/HashCache$UpdateResult	net/minecraft/class_2408$class_7860
CLASS	net/minecraft/data/PackOutput	net/minecraft/class_7784
CLASS	net/minecraft/data/PackOutput$PathProvider	net/minecraft/class_7784$class_7489
CLASS	net/minecraft/data/PackOutput$Target	net/minecraft/class_7784$class_7490
CLASS	net/minecraft/data/advancements/AdvancementProvider	net/minecraft/class_2409
CLASS	net/minecraft/data/advancements/AdvancementSubProvider	net/minecraft/class_7785
CLASS	net/minecraft/data/advancements/package-info	net/minecraft/class_6287
CLASS	net/minecraft/data/advancements/packs/VanillaAdvancementProvider	net/minecraft/class_7786
CLASS	net/minecraft/data/advancements/packs/VanillaAdventureAdvancements	net/minecraft/class_2412
CLASS	net/minecraft/data/advancements/packs/VanillaHusbandryAdvancements	net/minecraft/class_2414
CLASS	net/minecraft/data/advancements/packs/VanillaNetherAdvancements	net/minecraft/class_2416
CLASS	net/minecraft/data/advancements/packs/VanillaStoryAdvancements	net/minecraft/class_2417
CLASS	net/minecraft/data/advancements/packs/VanillaTheEndAdvancements	net/minecraft/class_2419
CLASS	net/minecraft/data/advancements/packs/package-info	net/minecraft/class_7787
CLASS	net/minecraft/data/info/BiomeParametersDumpReport	net/minecraft/class_7228
CLASS	net/minecraft/data/info/BlockListReport	net/minecraft/class_2422
CLASS	net/minecraft/data/info/CommandsReport	net/minecraft/class_2425
CLASS	net/minecraft/data/info/DatapackStructureReport	net/minecraft/class_10107
CLASS	net/minecraft/data/info/DatapackStructureReport$CustomPackEntry	net/minecraft/class_10107$class_10108
CLASS	net/minecraft/data/info/DatapackStructureReport$Entry	net/minecraft/class_10107$class_10109
CLASS	net/minecraft/data/info/DatapackStructureReport$Format	net/minecraft/class_10107$class_10110
CLASS	net/minecraft/data/info/DatapackStructureReport$Report	net/minecraft/class_10107$class_10111
CLASS	net/minecraft/data/info/ItemListReport	net/minecraft/class_9338
CLASS	net/minecraft/data/info/PacketReport	net/minecraft/class_9827
CLASS	net/minecraft/data/info/RegistryDumpReport	net/minecraft/class_2427
CLASS	net/minecraft/data/info/package-info	net/minecraft/class_6288
CLASS	net/minecraft/data/loot/BlockLootSubProvider	net/minecraft/class_7788
CLASS	net/minecraft/data/loot/EntityLootSubProvider	net/minecraft/class_7789
CLASS	net/minecraft/data/loot/LootTableProvider	net/minecraft/class_2438
CLASS	net/minecraft/data/loot/LootTableProvider$MissingTableProblem	net/minecraft/class_2438$class_11386
CLASS	net/minecraft/data/loot/LootTableProvider$SubProviderEntry	net/minecraft/class_2438$class_7790
CLASS	net/minecraft/data/loot/LootTableSubProvider	net/minecraft/class_7791
CLASS	net/minecraft/data/loot/package-info	net/minecraft/class_6289
CLASS	net/minecraft/data/loot/packs/LootData	net/minecraft/class_10112
CLASS	net/minecraft/data/loot/packs/TradeRebalanceChestLoot	net/minecraft/class_8794
CLASS	net/minecraft/data/loot/packs/TradeRebalanceLootTableProvider	net/minecraft/class_8795
CLASS	net/minecraft/data/loot/packs/VanillaArchaeologyLoot	net/minecraft/class_8255
CLASS	net/minecraft/data/loot/packs/VanillaBlockInteractLoot	net/minecraft/class_11702
CLASS	net/minecraft/data/loot/packs/VanillaBlockLoot	net/minecraft/class_2430
CLASS	net/minecraft/data/loot/packs/VanillaChargedCreeperExplosionLoot	net/minecraft/class_11703
CLASS	net/minecraft/data/loot/packs/VanillaChargedCreeperExplosionLoot$Entry	net/minecraft/class_11703$class_11704
CLASS	net/minecraft/data/loot/packs/VanillaChestLoot	net/minecraft/class_2432
CLASS	net/minecraft/data/loot/packs/VanillaEntityInteractLoot	net/minecraft/class_11705
CLASS	net/minecraft/data/loot/packs/VanillaEntityLoot	net/minecraft/class_2434
CLASS	net/minecraft/data/loot/packs/VanillaEquipmentLoot	net/minecraft/class_9486
CLASS	net/minecraft/data/loot/packs/VanillaFishingLoot	net/minecraft/class_2437
CLASS	net/minecraft/data/loot/packs/VanillaGiftLoot	net/minecraft/class_3714
CLASS	net/minecraft/data/loot/packs/VanillaLootTableProvider	net/minecraft/class_7794
CLASS	net/minecraft/data/loot/packs/VanillaPiglinBarterLoot	net/minecraft/class_4845
CLASS	net/minecraft/data/loot/packs/VanillaShearingLoot	net/minecraft/class_9340
CLASS	net/minecraft/data/loot/packs/package-info	net/minecraft/class_7795
CLASS	net/minecraft/data/metadata/PackMetadataGenerator	net/minecraft/class_7796
CLASS	net/minecraft/data/metadata/package-info	net/minecraft/class_7797
CLASS	net/minecraft/data/package-info	net/minecraft/class_6295
CLASS	net/minecraft/data/recipes/RecipeBuilder	net/minecraft/class_5797
CLASS	net/minecraft/data/recipes/RecipeBuilder$1	net/minecraft/class_5797$1
CLASS	net/minecraft/data/recipes/RecipeCategory	net/minecraft/class_7800
CLASS	net/minecraft/data/recipes/RecipeOutput	net/minecraft/class_8790
CLASS	net/minecraft/data/recipes/RecipeProvider	net/minecraft/class_2446
CLASS	net/minecraft/data/recipes/RecipeProvider$FamilyRecipeProvider	net/minecraft/class_2446$class_10113
CLASS	net/minecraft/data/recipes/RecipeProvider$Runner	net/minecraft/class_2446$class_10114
CLASS	net/minecraft/data/recipes/RecipeProvider$Runner$1	net/minecraft/class_2446$class_10114$1
CLASS	net/minecraft/data/recipes/ShapedRecipeBuilder	net/minecraft/class_2447
CLASS	net/minecraft/data/recipes/ShapelessRecipeBuilder	net/minecraft/class_2450
CLASS	net/minecraft/data/recipes/SimpleCookingRecipeBuilder	net/minecraft/class_2454
CLASS	net/minecraft/data/recipes/SingleItemRecipeBuilder	net/minecraft/class_3981
CLASS	net/minecraft/data/recipes/SmithingTransformRecipeBuilder	net/minecraft/class_8074
CLASS	net/minecraft/data/recipes/SmithingTrimRecipeBuilder	net/minecraft/class_8076
CLASS	net/minecraft/data/recipes/SpecialRecipeBuilder	net/minecraft/class_2456
CLASS	net/minecraft/data/recipes/TransmuteRecipeBuilder	net/minecraft/class_10243
CLASS	net/minecraft/data/recipes/package-info	net/minecraft/class_6296
CLASS	net/minecraft/data/recipes/packs/VanillaRecipeProvider	net/minecraft/class_7803
CLASS	net/minecraft/data/recipes/packs/VanillaRecipeProvider$Runner	net/minecraft/class_7803$class_10116
CLASS	net/minecraft/data/recipes/packs/VanillaRecipeProvider$TrimTemplate	net/minecraft/class_7803$class_8905
CLASS	net/minecraft/data/recipes/packs/package-info	net/minecraft/class_7804
CLASS	net/minecraft/data/registries/RegistriesDatapackGenerator	net/minecraft/class_5475
CLASS	net/minecraft/data/registries/RegistryPatchGenerator	net/minecraft/class_8931
CLASS	net/minecraft/data/registries/TradeRebalanceRegistries	net/minecraft/class_9757
CLASS	net/minecraft/data/registries/VanillaRegistries	net/minecraft/class_7887
CLASS	net/minecraft/data/registries/package-info	net/minecraft/class_7888
CLASS	net/minecraft/data/structures/NbtToSnbt	net/minecraft/class_2461
CLASS	net/minecraft/data/structures/SnbtDatafixer	net/minecraft/class_8796
CLASS	net/minecraft/data/structures/SnbtToNbt	net/minecraft/class_2463
CLASS	net/minecraft/data/structures/SnbtToNbt$Filter	net/minecraft/class_2463$class_4460
CLASS	net/minecraft/data/structures/SnbtToNbt$StructureConversionException	net/minecraft/class_2463$class_5621
CLASS	net/minecraft/data/structures/SnbtToNbt$TaskResult	net/minecraft/class_2463$class_4511
CLASS	net/minecraft/data/structures/StructureUpdater	net/minecraft/class_3843
CLASS	net/minecraft/data/structures/package-info	net/minecraft/class_6297
CLASS	net/minecraft/data/tags/BannerPatternTagsProvider	net/minecraft/class_7458
CLASS	net/minecraft/data/tags/BiomeTagsProvider	net/minecraft/class_6957
CLASS	net/minecraft/data/tags/BlockItemTagsProvider	net/minecraft/class_11387
CLASS	net/minecraft/data/tags/DamageTypeTagsProvider	net/minecraft/class_8142
CLASS	net/minecraft/data/tags/DialogTagsProvider	net/minecraft/class_11505
CLASS	net/minecraft/data/tags/EnchantmentTagsProvider	net/minecraft/class_9674
CLASS	net/minecraft/data/tags/EntityTypeTagsProvider	net/minecraft/class_2467
CLASS	net/minecraft/data/tags/FlatLevelGeneratorPresetTagsProvider	net/minecraft/class_7229
CLASS	net/minecraft/data/tags/FluidTagsProvider	net/minecraft/class_2469
CLASS	net/minecraft/data/tags/GameEventTagsProvider	net/minecraft/class_5746
CLASS	net/minecraft/data/tags/InstrumentTagsProvider	net/minecraft/class_7459
CLASS	net/minecraft/data/tags/IntrinsicHolderTagsProvider	net/minecraft/class_7889
CLASS	net/minecraft/data/tags/KeyTagProvider	net/minecraft/class_11388
CLASS	net/minecraft/data/tags/PaintingVariantTagsProvider	net/minecraft/class_7416
CLASS	net/minecraft/data/tags/PoiTypeTagsProvider	net/minecraft/class_7491
CLASS	net/minecraft/data/tags/StructureTagsProvider	net/minecraft/class_7071
CLASS	net/minecraft/data/tags/TagAppender	net/minecraft/class_11389
CLASS	net/minecraft/data/tags/TagAppender$1	net/minecraft/class_11389$1
CLASS	net/minecraft/data/tags/TagAppender$2	net/minecraft/class_11389$2
CLASS	net/minecraft/data/tags/TagsProvider	net/minecraft/class_2474
CLASS	net/minecraft/data/tags/TagsProvider$1CombinedData	net/minecraft/class_2474$class_8210
CLASS	net/minecraft/data/tags/TagsProvider$TagLookup	net/minecraft/class_2474$class_8211
CLASS	net/minecraft/data/tags/TimelineTagsProvider	net/minecraft/class_12339
CLASS	net/minecraft/data/tags/TradeRebalanceEnchantmentTagsProvider	net/minecraft/class_9758
CLASS	net/minecraft/data/tags/VanillaBlockTagsProvider	net/minecraft/class_2466
CLASS	net/minecraft/data/tags/VanillaBlockTagsProvider$1	net/minecraft/class_2466$1
CLASS	net/minecraft/data/tags/VanillaEnchantmentTagsProvider	net/minecraft/class_9676
CLASS	net/minecraft/data/tags/VanillaItemTagsProvider	net/minecraft/class_2471
CLASS	net/minecraft/data/tags/VanillaItemTagsProvider$1	net/minecraft/class_2471$1
CLASS	net/minecraft/data/tags/VanillaItemTagsProvider$BlockToItemConverter	net/minecraft/class_2471$class_11390
CLASS	net/minecraft/data/tags/WorldPresetTagsProvider	net/minecraft/class_7230
CLASS	net/minecraft/data/tags/package-info	net/minecraft/class_6298
CLASS	net/minecraft/data/worldgen/AncientCityStructurePieces	net/minecraft/class_7312
CLASS	net/minecraft/data/worldgen/AncientCityStructurePools	net/minecraft/class_7313
CLASS	net/minecraft/data/worldgen/BastionBridgePools	net/minecraft/class_5174
CLASS	net/minecraft/data/worldgen/BastionHoglinStablePools	net/minecraft/class_5177
CLASS	net/minecraft/data/worldgen/BastionHousingUnitsPools	net/minecraft/class_5178
CLASS	net/minecraft/data/worldgen/BastionPieces	net/minecraft/class_5179
CLASS	net/minecraft/data/worldgen/BastionSharedPools	net/minecraft/class_5181
CLASS	net/minecraft/data/worldgen/BastionTreasureRoomPools	net/minecraft/class_5182
CLASS	net/minecraft/data/worldgen/BiomeDefaultFeatures	net/minecraft/class_3864
CLASS	net/minecraft/data/worldgen/BootstrapContext	net/minecraft/class_7891
CLASS	net/minecraft/data/worldgen/Carvers	net/minecraft/class_5463
CLASS	net/minecraft/data/worldgen/DesertVillagePools	net/minecraft/class_3868
CLASS	net/minecraft/data/worldgen/DimensionTypes	net/minecraft/class_7231
CLASS	net/minecraft/data/worldgen/NoiseData	net/minecraft/class_6736
CLASS	net/minecraft/data/worldgen/PillagerOutpostPools	net/minecraft/class_3791
CLASS	net/minecraft/data/worldgen/PlainVillagePools	net/minecraft/class_3815
CLASS	net/minecraft/data/worldgen/Pools	net/minecraft/class_5468
CLASS	net/minecraft/data/worldgen/ProcessorLists	net/minecraft/class_5469
CLASS	net/minecraft/data/worldgen/SavannaVillagePools	net/minecraft/class_3834
CLASS	net/minecraft/data/worldgen/SnowyVillagePools	net/minecraft/class_3836
CLASS	net/minecraft/data/worldgen/StructureSets	net/minecraft/class_7072
CLASS	net/minecraft/data/worldgen/Structures	net/minecraft/class_5470
CLASS	net/minecraft/data/worldgen/SurfaceRuleData	net/minecraft/class_6725
CLASS	net/minecraft/data/worldgen/TaigaVillagePools	net/minecraft/class_3870
CLASS	net/minecraft/data/worldgen/TerrainProvider	net/minecraft/class_6765
CLASS	net/minecraft/data/worldgen/TrailRuinsStructurePools	net/minecraft/class_8256
CLASS	net/minecraft/data/worldgen/TrialChambersStructurePools	net/minecraft/class_8998
CLASS	net/minecraft/data/worldgen/VillagePools	net/minecraft/class_3813
CLASS	net/minecraft/data/worldgen/biome/BiomeData	net/minecraft/class_5504
CLASS	net/minecraft/data/worldgen/biome/EndBiomes	net/minecraft/class_6726
CLASS	net/minecraft/data/worldgen/biome/NetherBiomes	net/minecraft/class_6727
CLASS	net/minecraft/data/worldgen/biome/OverworldBiomes	net/minecraft/class_5478
CLASS	net/minecraft/data/worldgen/biome/package-info	net/minecraft/class_6299
CLASS	net/minecraft/data/worldgen/features/AquaticFeatures	net/minecraft/class_6800
CLASS	net/minecraft/data/worldgen/features/CaveFeatures	net/minecraft/class_6801
CLASS	net/minecraft/data/worldgen/features/EndFeatures	net/minecraft/class_6802
CLASS	net/minecraft/data/worldgen/features/FeatureUtils	net/minecraft/class_6803
CLASS	net/minecraft/data/worldgen/features/MiscOverworldFeatures	net/minecraft/class_6804
CLASS	net/minecraft/data/worldgen/features/NetherFeatures	net/minecraft/class_6805
CLASS	net/minecraft/data/worldgen/features/OreFeatures	net/minecraft/class_6806
CLASS	net/minecraft/data/worldgen/features/PileFeatures	net/minecraft/class_6807
CLASS	net/minecraft/data/worldgen/features/TreeFeatures	net/minecraft/class_6808
CLASS	net/minecraft/data/worldgen/features/VegetationFeatures	net/minecraft/class_6809
CLASS	net/minecraft/data/worldgen/features/package-info	net/minecraft/class_6810
CLASS	net/minecraft/data/worldgen/package-info	net/minecraft/class_6667
CLASS	net/minecraft/data/worldgen/placement/AquaticPlacements	net/minecraft/class_6811
CLASS	net/minecraft/data/worldgen/placement/CavePlacements	net/minecraft/class_6812
CLASS	net/minecraft/data/worldgen/placement/EndPlacements	net/minecraft/class_6813
CLASS	net/minecraft/data/worldgen/placement/MiscOverworldPlacements	net/minecraft/class_6814
CLASS	net/minecraft/data/worldgen/placement/NetherPlacements	net/minecraft/class_6815
CLASS	net/minecraft/data/worldgen/placement/OrePlacements	net/minecraft/class_6816
CLASS	net/minecraft/data/worldgen/placement/PlacementUtils	net/minecraft/class_6817
CLASS	net/minecraft/data/worldgen/placement/TreePlacements	net/minecraft/class_6818
CLASS	net/minecraft/data/worldgen/placement/VegetationPlacements	net/minecraft/class_6819
CLASS	net/minecraft/data/worldgen/placement/VillagePlacements	net/minecraft/class_6825
CLASS	net/minecraft/data/worldgen/placement/package-info	net/minecraft/class_6820
CLASS	net/minecraft/gametest/framework/BlockBasedTestInstance	net/minecraft/class_10654
CLASS	net/minecraft/gametest/framework/BuiltinTestFunctions	net/minecraft/class_10655
CLASS	net/minecraft/gametest/framework/ExhaustedAttemptsException	net/minecraft/class_5622
CLASS	net/minecraft/gametest/framework/FailedTestTracker	net/minecraft/class_10656
CLASS	net/minecraft/gametest/framework/FunctionGameTestInstance	net/minecraft/class_10657
CLASS	net/minecraft/gametest/framework/GameTestAssertException	net/minecraft/class_4512
CLASS	net/minecraft/gametest/framework/GameTestAssertPosException	net/minecraft/class_4513
CLASS	net/minecraft/gametest/framework/GameTestBatch	net/minecraft/class_4514
CLASS	net/minecraft/gametest/framework/GameTestBatchFactory	net/minecraft/class_9113
CLASS	net/minecraft/gametest/framework/GameTestBatchFactory$TestDecorator	net/minecraft/class_9113$class_10658
CLASS	net/minecraft/gametest/framework/GameTestBatchListener	net/minecraft/class_9114
CLASS	net/minecraft/gametest/framework/GameTestEnvironments	net/minecraft/class_10659
CLASS	net/minecraft/gametest/framework/GameTestEvent	net/minecraft/class_4692
CLASS	net/minecraft/gametest/framework/GameTestException	net/minecraft/class_10751
CLASS	net/minecraft/gametest/framework/GameTestHelper	net/minecraft/class_4516
CLASS	net/minecraft/gametest/framework/GameTestHelper$1	net/minecraft/class_4516$1
CLASS	net/minecraft/gametest/framework/GameTestHelper$2	net/minecraft/class_4516$2
CLASS	net/minecraft/gametest/framework/GameTestHelper$3	net/minecraft/class_4516$3
CLASS	net/minecraft/gametest/framework/GameTestInfo	net/minecraft/class_4517
CLASS	net/minecraft/gametest/framework/GameTestInstance	net/minecraft/class_10660
CLASS	net/minecraft/gametest/framework/GameTestInstances	net/minecraft/class_10661
CLASS	net/minecraft/gametest/framework/GameTestListener	net/minecraft/class_4518
CLASS	net/minecraft/gametest/framework/GameTestMainUtil	net/minecraft/class_10662
CLASS	net/minecraft/gametest/framework/GameTestRunner	net/minecraft/class_4520
CLASS	net/minecraft/gametest/framework/GameTestRunner$1	net/minecraft/class_4520$1
CLASS	net/minecraft/gametest/framework/GameTestRunner$Builder	net/minecraft/class_4520$class_9115
CLASS	net/minecraft/gametest/framework/GameTestRunner$GameTestBatcher	net/minecraft/class_4520$class_9116
CLASS	net/minecraft/gametest/framework/GameTestRunner$StructureSpawner	net/minecraft/class_4520$class_9117
CLASS	net/minecraft/gametest/framework/GameTestSequence	net/minecraft/class_4693
CLASS	net/minecraft/gametest/framework/GameTestSequence$Condition	net/minecraft/class_4693$class_6304
CLASS	net/minecraft/gametest/framework/GameTestServer	net/minecraft/class_6306
CLASS	net/minecraft/gametest/framework/GameTestServer$1	net/minecraft/class_6306$1
CLASS	net/minecraft/gametest/framework/GameTestServer$MockProfileResolver	net/minecraft/class_6306$class_11794
CLASS	net/minecraft/gametest/framework/GameTestServer$MockUserNameToIdResolver	net/minecraft/class_6306$class_11706
CLASS	net/minecraft/gametest/framework/GameTestTicker	net/minecraft/class_4521
CLASS	net/minecraft/gametest/framework/GameTestTicker$State	net/minecraft/class_4521$class_10822
CLASS	net/minecraft/gametest/framework/GameTestTimeoutException	net/minecraft/class_4522
CLASS	net/minecraft/gametest/framework/GeneratedTest	net/minecraft/class_10663
CLASS	net/minecraft/gametest/framework/GlobalTestReporter	net/minecraft/class_5623
CLASS	net/minecraft/gametest/framework/JUnitLikeTestReporter	net/minecraft/class_6307
CLASS	net/minecraft/gametest/framework/LogTestReporter	net/minecraft/class_4523
CLASS	net/minecraft/gametest/framework/MultipleTestTracker	net/minecraft/class_4524
CLASS	net/minecraft/gametest/framework/MultipleTestTracker$1	net/minecraft/class_4524$1
CLASS	net/minecraft/gametest/framework/ReportGameListener	net/minecraft/class_5624
CLASS	net/minecraft/gametest/framework/RetryOptions	net/minecraft/class_9118
CLASS	net/minecraft/gametest/framework/StructureGridSpawner	net/minecraft/class_9120
CLASS	net/minecraft/gametest/framework/StructureUtils	net/minecraft/class_4525
CLASS	net/minecraft/gametest/framework/StructureUtils$1	net/minecraft/class_4525$1
CLASS	net/minecraft/gametest/framework/TestCommand	net/minecraft/class_4527
CLASS	net/minecraft/gametest/framework/TestCommand$TestBatchSummaryDisplayer	net/minecraft/class_4527$class_9122
CLASS	net/minecraft/gametest/framework/TestCommand$TestSummaryDisplayer	net/minecraft/class_4527$class_4528
CLASS	net/minecraft/gametest/framework/TestData	net/minecraft/class_10664
CLASS	net/minecraft/gametest/framework/TestEnvironmentDefinition	net/minecraft/class_10665
CLASS	net/minecraft/gametest/framework/TestEnvironmentDefinition$AllOf	net/minecraft/class_10665$class_10666
CLASS	net/minecraft/gametest/framework/TestEnvironmentDefinition$Functions	net/minecraft/class_10665$class_10667
CLASS	net/minecraft/gametest/framework/TestEnvironmentDefinition$SetGameRules	net/minecraft/class_10665$class_10668
CLASS	net/minecraft/gametest/framework/TestEnvironmentDefinition$TimeOfDay	net/minecraft/class_10665$class_10670
CLASS	net/minecraft/gametest/framework/TestEnvironmentDefinition$Weather	net/minecraft/class_10665$class_10671
CLASS	net/minecraft/gametest/framework/TestEnvironmentDefinition$Weather$Type	net/minecraft/class_10665$class_10671$class_10672
CLASS	net/minecraft/gametest/framework/TestFinder	net/minecraft/class_9123
CLASS	net/minecraft/gametest/framework/TestFinder$Builder	net/minecraft/class_9123$class_9124
CLASS	net/minecraft/gametest/framework/TestFunctionLoader	net/minecraft/class_10673
CLASS	net/minecraft/gametest/framework/TestInstanceFinder	net/minecraft/class_10674
CLASS	net/minecraft/gametest/framework/TestPosFinder	net/minecraft/class_10675
CLASS	net/minecraft/gametest/framework/TestReporter	net/minecraft/class_4531
CLASS	net/minecraft/gametest/framework/UnknownGameTestException	net/minecraft/class_10752
CLASS	net/minecraft/gametest/framework/package-info	net/minecraft/class_6309
CLASS	net/minecraft/gametest/package-info	net/minecraft/class_11750
CLASS	net/minecraft/gizmos/ArrowGizmo	net/minecraft/class_12172
CLASS	net/minecraft/gizmos/CircleGizmo	net/minecraft/class_12173
CLASS	net/minecraft/gizmos/CuboidGizmo	net/minecraft/class_12174
CLASS	net/minecraft/gizmos/Gizmo	net/minecraft/class_12175
CLASS	net/minecraft/gizmos/GizmoCollector	net/minecraft/class_12176
CLASS	net/minecraft/gizmos/GizmoCollector$1	net/minecraft/class_12176$1
CLASS	net/minecraft/gizmos/GizmoPrimitives	net/minecraft/class_12177
CLASS	net/minecraft/gizmos/GizmoProperties	net/minecraft/class_12178
CLASS	net/minecraft/gizmos/GizmoStyle	net/minecraft/class_12179
CLASS	net/minecraft/gizmos/Gizmos	net/minecraft/class_12180
CLASS	net/minecraft/gizmos/Gizmos$TemporaryCollection	net/minecraft/class_12180$class_12181
CLASS	net/minecraft/gizmos/LineGizmo	net/minecraft/class_12182
CLASS	net/minecraft/gizmos/PointGizmo	net/minecraft/class_12183
CLASS	net/minecraft/gizmos/RectGizmo	net/minecraft/class_12184
CLASS	net/minecraft/gizmos/RectGizmo$1	net/minecraft/class_12184$1
CLASS	net/minecraft/gizmos/SimpleGizmoCollector	net/minecraft/class_12185
CLASS	net/minecraft/gizmos/SimpleGizmoCollector$GizmoInstance	net/minecraft/class_12185$class_12186
CLASS	net/minecraft/gizmos/TextGizmo	net/minecraft/class_12187
CLASS	net/minecraft/gizmos/TextGizmo$Style	net/minecraft/class_12187$class_12188
CLASS	net/minecraft/gizmos/package-info	net/minecraft/class_12189
CLASS	net/minecraft/locale/DeprecatedTranslationsInfo	net/minecraft/class_10117
CLASS	net/minecraft/locale/Language	net/minecraft/class_2477
CLASS	net/minecraft/locale/Language$1	net/minecraft/class_2477$1
CLASS	net/minecraft/locale/package-info	net/minecraft/class_6310
CLASS	net/minecraft/nbt/ByteArrayTag	net/minecraft/class_2479
CLASS	net/minecraft/nbt/ByteArrayTag$1	net/minecraft/class_2479$1
CLASS	net/minecraft/nbt/ByteTag	net/minecraft/class_2481
CLASS	net/minecraft/nbt/ByteTag$1	net/minecraft/class_2481$1
CLASS	net/minecraft/nbt/ByteTag$Cache	net/minecraft/class_2481$class_4610
CLASS	net/minecraft/nbt/CollectionTag	net/minecraft/class_2483
CLASS	net/minecraft/nbt/CollectionTag$1	net/minecraft/class_2483$1
CLASS	net/minecraft/nbt/CompoundTag	net/minecraft/class_2487
CLASS	net/minecraft/nbt/CompoundTag$1	net/minecraft/class_2487$1
CLASS	net/minecraft/nbt/CompoundTag$2	net/minecraft/class_2487$2
CLASS	net/minecraft/nbt/DoubleTag	net/minecraft/class_2489
CLASS	net/minecraft/nbt/DoubleTag$1	net/minecraft/class_2489$1
CLASS	net/minecraft/nbt/EndTag	net/minecraft/class_2491
CLASS	net/minecraft/nbt/EndTag$1	net/minecraft/class_2491$1
CLASS	net/minecraft/nbt/FloatTag	net/minecraft/class_2494
CLASS	net/minecraft/nbt/FloatTag$1	net/minecraft/class_2494$1
CLASS	net/minecraft/nbt/IntArrayTag	net/minecraft/class_2495
CLASS	net/minecraft/nbt/IntArrayTag$1	net/minecraft/class_2495$1
CLASS	net/minecraft/nbt/IntTag	net/minecraft/class_2497
CLASS	net/minecraft/nbt/IntTag$1	net/minecraft/class_2497$1
CLASS	net/minecraft/nbt/IntTag$Cache	net/minecraft/class_2497$class_4611
CLASS	net/minecraft/nbt/ListTag	net/minecraft/class_2499
CLASS	net/minecraft/nbt/ListTag$1	net/minecraft/class_2499$1
CLASS	net/minecraft/nbt/ListTag$2	net/minecraft/class_2499$2
CLASS	net/minecraft/nbt/LongArrayTag	net/minecraft/class_2501
CLASS	net/minecraft/nbt/LongArrayTag$1	net/minecraft/class_2501$1
CLASS	net/minecraft/nbt/LongTag	net/minecraft/class_2503
CLASS	net/minecraft/nbt/LongTag$1	net/minecraft/class_2503$1
CLASS	net/minecraft/nbt/LongTag$Cache	net/minecraft/class_2503$class_4612
CLASS	net/minecraft/nbt/NbtAccounter	net/minecraft/class_2505
CLASS	net/minecraft/nbt/NbtAccounterException	net/minecraft/class_8801
CLASS	net/minecraft/nbt/NbtException	net/minecraft/class_8909
CLASS	net/minecraft/nbt/NbtFormatException	net/minecraft/class_8910
CLASS	net/minecraft/nbt/NbtIo	net/minecraft/class_2507
CLASS	net/minecraft/nbt/NbtIo$1	net/minecraft/class_2507$1
CLASS	net/minecraft/nbt/NbtIo$StringFallbackDataOutput	net/minecraft/class_2507$class_9003
CLASS	net/minecraft/nbt/NbtOps	net/minecraft/class_2509
CLASS	net/minecraft/nbt/NbtOps$1	net/minecraft/class_2509$1
CLASS	net/minecraft/nbt/NbtOps$ByteListCollector	net/minecraft/class_2509$class_7808
CLASS	net/minecraft/nbt/NbtOps$GenericListCollector	net/minecraft/class_2509$class_7809
CLASS	net/minecraft/nbt/NbtOps$IntListCollector	net/minecraft/class_2509$class_7812
CLASS	net/minecraft/nbt/NbtOps$ListCollector	net/minecraft/class_2509$class_7813
CLASS	net/minecraft/nbt/NbtOps$LongListCollector	net/minecraft/class_2509$class_7814
CLASS	net/minecraft/nbt/NbtOps$NbtRecordBuilder	net/minecraft/class_2509$class_5320
CLASS	net/minecraft/nbt/NbtUtils	net/minecraft/class_2512
CLASS	net/minecraft/nbt/NumericTag	net/minecraft/class_2514
CLASS	net/minecraft/nbt/PrimitiveTag	net/minecraft/class_10899
CLASS	net/minecraft/nbt/ReportedNbtException	net/minecraft/class_8911
CLASS	net/minecraft/nbt/ShortTag	net/minecraft/class_2516
CLASS	net/minecraft/nbt/ShortTag$1	net/minecraft/class_2516$1
CLASS	net/minecraft/nbt/ShortTag$Cache	net/minecraft/class_2516$class_4613
CLASS	net/minecraft/nbt/SnbtGrammar	net/minecraft/class_10900
CLASS	net/minecraft/nbt/SnbtGrammar$1	net/minecraft/class_10900$1
CLASS	net/minecraft/nbt/SnbtGrammar$2	net/minecraft/class_10900$2
CLASS	net/minecraft/nbt/SnbtGrammar$3	net/minecraft/class_10900$3
CLASS	net/minecraft/nbt/SnbtGrammar$4	net/minecraft/class_10900$4
CLASS	net/minecraft/nbt/SnbtGrammar$5	net/minecraft/class_10900$5
CLASS	net/minecraft/nbt/SnbtGrammar$ArrayPrefix	net/minecraft/class_10900$class_10901
CLASS	net/minecraft/nbt/SnbtGrammar$ArrayPrefix$1	net/minecraft/class_10900$class_10901$1
CLASS	net/minecraft/nbt/SnbtGrammar$ArrayPrefix$2	net/minecraft/class_10900$class_10901$2
CLASS	net/minecraft/nbt/SnbtGrammar$ArrayPrefix$3	net/minecraft/class_10900$class_10901$3
CLASS	net/minecraft/nbt/SnbtGrammar$Base	net/minecraft/class_10900$class_10902
CLASS	net/minecraft/nbt/SnbtGrammar$IntegerLiteral	net/minecraft/class_10900$class_10903
CLASS	net/minecraft/nbt/SnbtGrammar$IntegerSuffix	net/minecraft/class_10900$class_10904
CLASS	net/minecraft/nbt/SnbtGrammar$Sign	net/minecraft/class_10900$class_10905
CLASS	net/minecraft/nbt/SnbtGrammar$Signed	net/minecraft/class_10900$class_10906
CLASS	net/minecraft/nbt/SnbtGrammar$SignedPrefix	net/minecraft/class_10900$class_10907
CLASS	net/minecraft/nbt/SnbtGrammar$SimpleHexLiteralParseRule	net/minecraft/class_10900$class_10908
CLASS	net/minecraft/nbt/SnbtGrammar$TypeSuffix	net/minecraft/class_10900$class_10909
CLASS	net/minecraft/nbt/SnbtOperations	net/minecraft/class_10916
CLASS	net/minecraft/nbt/SnbtOperations$1	net/minecraft/class_10916$1
CLASS	net/minecraft/nbt/SnbtOperations$2	net/minecraft/class_10916$2
CLASS	net/minecraft/nbt/SnbtOperations$3	net/minecraft/class_10916$3
CLASS	net/minecraft/nbt/SnbtOperations$BuiltinKey	net/minecraft/class_10916$class_10917
CLASS	net/minecraft/nbt/SnbtOperations$BuiltinOperation	net/minecraft/class_10916$class_10918
CLASS	net/minecraft/nbt/SnbtPrinterTagVisitor	net/minecraft/class_5625
CLASS	net/minecraft/nbt/StreamTagVisitor	net/minecraft/class_6836
CLASS	net/minecraft/nbt/StreamTagVisitor$EntryResult	net/minecraft/class_6836$class_6837
CLASS	net/minecraft/nbt/StreamTagVisitor$ValueResult	net/minecraft/class_6836$class_6838
CLASS	net/minecraft/nbt/StringTag	net/minecraft/class_2519
CLASS	net/minecraft/nbt/StringTag$1	net/minecraft/class_2519$1
CLASS	net/minecraft/nbt/StringTagVisitor	net/minecraft/class_5626
CLASS	net/minecraft/nbt/Tag	net/minecraft/class_2520
CLASS	net/minecraft/nbt/TagParser	net/minecraft/class_2522
CLASS	net/minecraft/nbt/TagType	net/minecraft/class_4614
CLASS	net/minecraft/nbt/TagType$1	net/minecraft/class_4614$1
CLASS	net/minecraft/nbt/TagType$2	net/minecraft/class_4614$2
CLASS	net/minecraft/nbt/TagType$StaticSize	net/minecraft/class_4614$class_6839
CLASS	net/minecraft/nbt/TagType$VariableSize	net/minecraft/class_4614$class_6840
CLASS	net/minecraft/nbt/TagTypes	net/minecraft/class_4615
CLASS	net/minecraft/nbt/TagVisitor	net/minecraft/class_5627
CLASS	net/minecraft/nbt/TextComponentTagVisitor	net/minecraft/class_5628
CLASS	net/minecraft/nbt/package-info	net/minecraft/class_6311
CLASS	net/minecraft/nbt/visitors/CollectFields	net/minecraft/class_6841
CLASS	net/minecraft/nbt/visitors/CollectToTag	net/minecraft/class_6844
CLASS	net/minecraft/nbt/visitors/CollectToTag$CompoundBuilder	net/minecraft/class_6844$class_10910
CLASS	net/minecraft/nbt/visitors/CollectToTag$ContainerBuilder	net/minecraft/class_6844$class_10911
CLASS	net/minecraft/nbt/visitors/CollectToTag$ListBuilder	net/minecraft/class_6844$class_10912
CLASS	net/minecraft/nbt/visitors/CollectToTag$RootBuilder	net/minecraft/class_6844$class_10913
CLASS	net/minecraft/nbt/visitors/FieldSelector	net/minecraft/class_6843
CLASS	net/minecraft/nbt/visitors/FieldTree	net/minecraft/class_6842
CLASS	net/minecraft/nbt/visitors/SkipAll	net/minecraft/class_6845
CLASS	net/minecraft/nbt/visitors/SkipAll$1	net/minecraft/class_6845$1
CLASS	net/minecraft/nbt/visitors/SkipFields	net/minecraft/class_6856
CLASS	net/minecraft/nbt/visitors/package-info	net/minecraft/class_6846
CLASS	net/minecraft/network/BandwidthDebugMonitor	net/minecraft/class_8762
CLASS	net/minecraft/network/CipherBase	net/minecraft/class_2524
CLASS	net/minecraft/network/CipherDecoder	net/minecraft/class_2528
CLASS	net/minecraft/network/CipherEncoder	net/minecraft/class_2529
CLASS	net/minecraft/network/ClientboundPacketListener	net/minecraft/class_8697
CLASS	net/minecraft/network/CompressionDecoder	net/minecraft/class_2532
CLASS	net/minecraft/network/CompressionEncoder	net/minecraft/class_2534
CLASS	net/minecraft/network/Connection	net/minecraft/class_2535
CLASS	net/minecraft/network/Connection$1	net/minecraft/class_2535$1
CLASS	net/minecraft/network/Connection$2	net/minecraft/class_2535$2
CLASS	net/minecraft/network/Connection$3	net/minecraft/class_2535$3
CLASS	net/minecraft/network/ConnectionProtocol	net/minecraft/class_2539
CLASS	net/minecraft/network/DisconnectionDetails	net/minecraft/class_9812
CLASS	net/minecraft/network/FriendlyByteBuf	net/minecraft/class_2540
CLASS	net/minecraft/network/HandlerNames	net/minecraft/class_9126
CLASS	net/minecraft/network/HashedPatchMap	net/minecraft/class_10936
CLASS	net/minecraft/network/HashedPatchMap$HashGenerator	net/minecraft/class_10936$class_10937
CLASS	net/minecraft/network/HashedStack	net/minecraft/class_10938
CLASS	net/minecraft/network/HashedStack$1	net/minecraft/class_10938$1
CLASS	net/minecraft/network/HashedStack$ActualItem	net/minecraft/class_10938$class_10939
CLASS	net/minecraft/network/HiddenByteBuf	net/minecraft/class_10550
CLASS	net/minecraft/network/LocalFrameDecoder	net/minecraft/class_10551
CLASS	net/minecraft/network/LocalFrameEncoder	net/minecraft/class_10552
CLASS	net/minecraft/network/LpVec3	net/minecraft/class_11718
CLASS	net/minecraft/network/MonitoredLocalFrameDecoder	net/minecraft/class_9680
CLASS	net/minecraft/network/PacketBundlePacker	net/minecraft/class_8035
CLASS	net/minecraft/network/PacketBundleUnpacker	net/minecraft/class_8036
CLASS	net/minecraft/network/PacketDecoder	net/minecraft/class_2543
CLASS	net/minecraft/network/PacketEncoder	net/minecraft/class_2545
CLASS	net/minecraft/network/PacketListener	net/minecraft/class_2547
CLASS	net/minecraft/network/PacketProcessor	net/minecraft/class_11980
CLASS	net/minecraft/network/PacketProcessor$ListenerAndPacket	net/minecraft/class_11980$class_11981
CLASS	net/minecraft/network/PacketSendListener	net/minecraft/class_7648
CLASS	net/minecraft/network/ProtocolInfo	net/minecraft/class_9127
CLASS	net/minecraft/network/ProtocolInfo$Details	net/minecraft/class_9127$class_9128
CLASS	net/minecraft/network/ProtocolInfo$Details$PacketVisitor	net/minecraft/class_9127$class_9128$class_9828
CLASS	net/minecraft/network/ProtocolInfo$DetailsProvider	net/minecraft/class_9127$class_10940
CLASS	net/minecraft/network/ProtocolSwapHandler	net/minecraft/class_8700
CLASS	net/minecraft/network/RateKickingConnection	net/minecraft/class_5472
CLASS	net/minecraft/network/RegistryFriendlyByteBuf	net/minecraft/class_9129
CLASS	net/minecraft/network/ServerboundPacketListener	net/minecraft/class_8701
CLASS	net/minecraft/network/SkipPacketDecoderException	net/minecraft/class_10941
CLASS	net/minecraft/network/SkipPacketEncoderException	net/minecraft/class_2548
CLASS	net/minecraft/network/SkipPacketException	net/minecraft/class_10942
CLASS	net/minecraft/network/TickablePacketListener	net/minecraft/class_7633
CLASS	net/minecraft/network/UnconfiguredPipelineHandler	net/minecraft/class_9130
CLASS	net/minecraft/network/UnconfiguredPipelineHandler$Inbound	net/minecraft/class_9130$class_9131
CLASS	net/minecraft/network/UnconfiguredPipelineHandler$InboundConfigurationTask	net/minecraft/class_9130$class_9132
CLASS	net/minecraft/network/UnconfiguredPipelineHandler$Outbound	net/minecraft/class_9130$class_9133
CLASS	net/minecraft/network/UnconfiguredPipelineHandler$OutboundConfigurationTask	net/minecraft/class_9130$class_9134
CLASS	net/minecraft/network/Utf8String	net/minecraft/class_8702
CLASS	net/minecraft/network/VarInt	net/minecraft/class_8703
CLASS	net/minecraft/network/VarLong	net/minecraft/class_8704
CLASS	net/minecraft/network/Varint21FrameDecoder	net/minecraft/class_2550
CLASS	net/minecraft/network/Varint21LengthFieldPrepender	net/minecraft/class_2552
CLASS	net/minecraft/network/chat/ChatDecorator	net/minecraft/class_7492
CLASS	net/minecraft/network/chat/ChatType	net/minecraft/class_2556
CLASS	net/minecraft/network/chat/ChatType$Bound	net/minecraft/class_2556$class_7602
CLASS	net/minecraft/network/chat/ChatTypeDecoration	net/minecraft/class_7463
CLASS	net/minecraft/network/chat/ChatTypeDecoration$Parameter	net/minecraft/class_7463$class_7464
CLASS	net/minecraft/network/chat/ChatTypeDecoration$Parameter$Selector	net/minecraft/class_7463$class_7464$class_7465
CLASS	net/minecraft/network/chat/ClickEvent	net/minecraft/class_2558
CLASS	net/minecraft/network/chat/ClickEvent$Action	net/minecraft/class_2558$class_2559
CLASS	net/minecraft/network/chat/ClickEvent$ChangePage	net/minecraft/class_2558$class_10605
CLASS	net/minecraft/network/chat/ClickEvent$CopyToClipboard	net/minecraft/class_2558$class_10606
CLASS	net/minecraft/network/chat/ClickEvent$Custom	net/minecraft/class_2558$class_11506
CLASS	net/minecraft/network/chat/ClickEvent$OpenFile	net/minecraft/class_2558$class_10607
CLASS	net/minecraft/network/chat/ClickEvent$OpenUrl	net/minecraft/class_2558$class_10608
CLASS	net/minecraft/network/chat/ClickEvent$RunCommand	net/minecraft/class_2558$class_10609
CLASS	net/minecraft/network/chat/ClickEvent$ShowDialog	net/minecraft/class_2558$class_11507
CLASS	net/minecraft/network/chat/ClickEvent$SuggestCommand	net/minecraft/class_2558$class_10610
CLASS	net/minecraft/network/chat/CommonComponents	net/minecraft/class_5244
CLASS	net/minecraft/network/chat/Component	net/minecraft/class_2561
CLASS	net/minecraft/network/chat/ComponentContents	net/minecraft/class_7417
CLASS	net/minecraft/network/chat/ComponentSerialization	net/minecraft/class_8824
CLASS	net/minecraft/network/chat/ComponentSerialization$1	net/minecraft/class_8824$1
CLASS	net/minecraft/network/chat/ComponentSerialization$FuzzyCodec	net/minecraft/class_8824$class_8825
CLASS	net/minecraft/network/chat/ComponentSerialization$StrictEither	net/minecraft/class_8824$class_8912
CLASS	net/minecraft/network/chat/ComponentUtils	net/minecraft/class_2564
CLASS	net/minecraft/network/chat/FilterMask	net/minecraft/class_7649
CLASS	net/minecraft/network/chat/FilterMask$Type	net/minecraft/class_7649$class_7650
CLASS	net/minecraft/network/chat/FontDescription	net/minecraft/class_11719
CLASS	net/minecraft/network/chat/FontDescription$AtlasSprite	net/minecraft/class_11719$class_11720
CLASS	net/minecraft/network/chat/FontDescription$PlayerSprite	net/minecraft/class_11719$class_11881
CLASS	net/minecraft/network/chat/FontDescription$Resource	net/minecraft/class_11719$class_11721
CLASS	net/minecraft/network/chat/FormattedText	net/minecraft/class_5348
CLASS	net/minecraft/network/chat/FormattedText$1	net/minecraft/class_5348$1
CLASS	net/minecraft/network/chat/FormattedText$2	net/minecraft/class_5348$2
CLASS	net/minecraft/network/chat/FormattedText$3	net/minecraft/class_5348$3
CLASS	net/minecraft/network/chat/FormattedText$4	net/minecraft/class_5348$4
CLASS	net/minecraft/network/chat/FormattedText$ContentConsumer	net/minecraft/class_5348$class_5245
CLASS	net/minecraft/network/chat/FormattedText$StyledContentConsumer	net/minecraft/class_5348$class_5246
CLASS	net/minecraft/network/chat/HoverEvent	net/minecraft/class_2568
CLASS	net/minecraft/network/chat/HoverEvent$Action	net/minecraft/class_2568$class_5247
CLASS	net/minecraft/network/chat/HoverEvent$EntityTooltipInfo	net/minecraft/class_2568$class_5248
CLASS	net/minecraft/network/chat/HoverEvent$ShowEntity	net/minecraft/class_2568$class_10611
CLASS	net/minecraft/network/chat/HoverEvent$ShowItem	net/minecraft/class_2568$class_10612
CLASS	net/minecraft/network/chat/HoverEvent$ShowText	net/minecraft/class_2568$class_10613
CLASS	net/minecraft/network/chat/LastSeenMessages	net/minecraft/class_7635
CLASS	net/minecraft/network/chat/LastSeenMessages$Packed	net/minecraft/class_7635$class_7815
CLASS	net/minecraft/network/chat/LastSeenMessages$Update	net/minecraft/class_7635$class_7636
CLASS	net/minecraft/network/chat/LastSeenMessagesTracker	net/minecraft/class_7637
CLASS	net/minecraft/network/chat/LastSeenMessagesTracker$Update	net/minecraft/class_7637$class_7816
CLASS	net/minecraft/network/chat/LastSeenMessagesValidator	net/minecraft/class_7638
CLASS	net/minecraft/network/chat/LastSeenMessagesValidator$ValidationException	net/minecraft/class_7638$class_10943
CLASS	net/minecraft/network/chat/LastSeenTrackedEntry	net/minecraft/class_7817
CLASS	net/minecraft/network/chat/LocalChatSession	net/minecraft/class_7818
CLASS	net/minecraft/network/chat/MessageSignature	net/minecraft/class_7469
CLASS	net/minecraft/network/chat/MessageSignature$Packed	net/minecraft/class_7469$class_7819
CLASS	net/minecraft/network/chat/MessageSignatureCache	net/minecraft/class_7561
CLASS	net/minecraft/network/chat/MutableComponent	net/minecraft/class_5250
CLASS	net/minecraft/network/chat/OutgoingChatMessage	net/minecraft/class_7604
CLASS	net/minecraft/network/chat/OutgoingChatMessage$Disguised	net/minecraft/class_7604$class_7606
CLASS	net/minecraft/network/chat/OutgoingChatMessage$Player	net/minecraft/class_7604$class_7607
CLASS	net/minecraft/network/chat/PlayerChatMessage	net/minecraft/class_7471
CLASS	net/minecraft/network/chat/RemoteChatSession	net/minecraft/class_7822
CLASS	net/minecraft/network/chat/RemoteChatSession$Data	net/minecraft/class_7822$class_7823
CLASS	net/minecraft/network/chat/SignableCommand	net/minecraft/class_7644
CLASS	net/minecraft/network/chat/SignableCommand$Argument	net/minecraft/class_7644$class_7645
CLASS	net/minecraft/network/chat/SignedMessageBody	net/minecraft/class_7608
CLASS	net/minecraft/network/chat/SignedMessageBody$Packed	net/minecraft/class_7608$class_7824
CLASS	net/minecraft/network/chat/SignedMessageChain	net/minecraft/class_7610
CLASS	net/minecraft/network/chat/SignedMessageChain$1	net/minecraft/class_7610$1
CLASS	net/minecraft/network/chat/SignedMessageChain$DecodeException	net/minecraft/class_7610$class_7825
CLASS	net/minecraft/network/chat/SignedMessageChain$Decoder	net/minecraft/class_7610$class_7611
CLASS	net/minecraft/network/chat/SignedMessageChain$Encoder	net/minecraft/class_7610$class_7612
CLASS	net/minecraft/network/chat/SignedMessageLink	net/minecraft/class_7826
CLASS	net/minecraft/network/chat/SignedMessageValidator	net/minecraft/class_7615
CLASS	net/minecraft/network/chat/SignedMessageValidator$KeyBased	net/minecraft/class_7615$class_7616
CLASS	net/minecraft/network/chat/Style	net/minecraft/class_2583
CLASS	net/minecraft/network/chat/Style$1	net/minecraft/class_2583$1
CLASS	net/minecraft/network/chat/Style$1Collector	net/minecraft/class_2583$class_7418
CLASS	net/minecraft/network/chat/Style$Serializer	net/minecraft/class_2583$class_2584
CLASS	net/minecraft/network/chat/SubStringSource	net/minecraft/class_5492
CLASS	net/minecraft/network/chat/TextColor	net/minecraft/class_5251
CLASS	net/minecraft/network/chat/ThrowingComponent	net/minecraft/class_7437
CLASS	net/minecraft/network/chat/contents/KeybindContents	net/minecraft/class_2572
CLASS	net/minecraft/network/chat/contents/KeybindResolver	net/minecraft/class_7420
CLASS	net/minecraft/network/chat/contents/NbtContents	net/minecraft/class_2574
CLASS	net/minecraft/network/chat/contents/ObjectContents	net/minecraft/class_11722
CLASS	net/minecraft/network/chat/contents/PlainTextContents	net/minecraft/class_8828
CLASS	net/minecraft/network/chat/contents/PlainTextContents$1	net/minecraft/class_8828$1
CLASS	net/minecraft/network/chat/contents/PlainTextContents$LiteralContents	net/minecraft/class_8828$class_2585
CLASS	net/minecraft/network/chat/contents/ScoreContents	net/minecraft/class_2578
CLASS	net/minecraft/network/chat/contents/SelectorContents	net/minecraft/class_2579
CLASS	net/minecraft/network/chat/contents/TranslatableContents	net/minecraft/class_2588
CLASS	net/minecraft/network/chat/contents/TranslatableFormatException	net/minecraft/class_2590
CLASS	net/minecraft/network/chat/contents/data/BlockDataSource	net/minecraft/class_2575
CLASS	net/minecraft/network/chat/contents/data/DataSource	net/minecraft/class_7419
CLASS	net/minecraft/network/chat/contents/data/DataSources	net/minecraft/class_11882
CLASS	net/minecraft/network/chat/contents/data/EntityDataSource	net/minecraft/class_2576
CLASS	net/minecraft/network/chat/contents/data/StorageDataSource	net/minecraft/class_4616
CLASS	net/minecraft/network/chat/contents/data/package-info	net/minecraft/class_11883
CLASS	net/minecraft/network/chat/contents/objects/AtlasSprite	net/minecraft/class_11723
CLASS	net/minecraft/network/chat/contents/objects/ObjectInfo	net/minecraft/class_11724
CLASS	net/minecraft/network/chat/contents/objects/ObjectInfos	net/minecraft/class_11884
CLASS	net/minecraft/network/chat/contents/objects/PlayerSprite	net/minecraft/class_11885
CLASS	net/minecraft/network/chat/contents/objects/package-info	net/minecraft/class_11886
CLASS	net/minecraft/network/chat/contents/package-info	net/minecraft/class_7421
CLASS	net/minecraft/network/chat/numbers/BlankFormat	net/minecraft/class_9020
CLASS	net/minecraft/network/chat/numbers/BlankFormat$1	net/minecraft/class_9020$1
CLASS	net/minecraft/network/chat/numbers/FixedFormat	net/minecraft/class_9021
CLASS	net/minecraft/network/chat/numbers/FixedFormat$1	net/minecraft/class_9021$1
CLASS	net/minecraft/network/chat/numbers/NumberFormat	net/minecraft/class_9022
CLASS	net/minecraft/network/chat/numbers/NumberFormatType	net/minecraft/class_9023
CLASS	net/minecraft/network/chat/numbers/NumberFormatTypes	net/minecraft/class_9024
CLASS	net/minecraft/network/chat/numbers/StyledFormat	net/minecraft/class_9025
CLASS	net/minecraft/network/chat/numbers/StyledFormat$1	net/minecraft/class_9025$1
CLASS	net/minecraft/network/chat/numbers/package-info	net/minecraft/class_9026
CLASS	net/minecraft/network/chat/package-info	net/minecraft/class_6312
CLASS	net/minecraft/network/codec/ByteBufCodecs	net/minecraft/class_9135
CLASS	net/minecraft/network/codec/ByteBufCodecs$1	net/minecraft/class_9135$1
CLASS	net/minecraft/network/codec/ByteBufCodecs$10	net/minecraft/class_9135$2
CLASS	net/minecraft/network/codec/ByteBufCodecs$11	net/minecraft/class_9135$3
CLASS	net/minecraft/network/codec/ByteBufCodecs$12	net/minecraft/class_9135$4
CLASS	net/minecraft/network/codec/ByteBufCodecs$13	net/minecraft/class_9135$5
CLASS	net/minecraft/network/codec/ByteBufCodecs$14	net/minecraft/class_9135$6
CLASS	net/minecraft/network/codec/ByteBufCodecs$15	net/minecraft/class_9135$7
CLASS	net/minecraft/network/codec/ByteBufCodecs$16	net/minecraft/class_9135$8
CLASS	net/minecraft/network/codec/ByteBufCodecs$17	net/minecraft/class_9135$9
CLASS	net/minecraft/network/codec/ByteBufCodecs$18	net/minecraft/class_9135$10
CLASS	net/minecraft/network/codec/ByteBufCodecs$19	net/minecraft/class_9135$11
CLASS	net/minecraft/network/codec/ByteBufCodecs$2	net/minecraft/class_9135$12
CLASS	net/minecraft/network/codec/ByteBufCodecs$20	net/minecraft/class_9135$13
CLASS	net/minecraft/network/codec/ByteBufCodecs$21	net/minecraft/class_9135$14
CLASS	net/minecraft/network/codec/ByteBufCodecs$22	net/minecraft/class_9135$15
CLASS	net/minecraft/network/codec/ByteBufCodecs$23	net/minecraft/class_9135$16
CLASS	net/minecraft/network/codec/ByteBufCodecs$24	net/minecraft/class_9135$17
CLASS	net/minecraft/network/codec/ByteBufCodecs$25	net/minecraft/class_9135$18
CLASS	net/minecraft/network/codec/ByteBufCodecs$26	net/minecraft/class_9135$19
CLASS	net/minecraft/network/codec/ByteBufCodecs$27	net/minecraft/class_9135$20
CLASS	net/minecraft/network/codec/ByteBufCodecs$28	net/minecraft/class_9135$21
CLASS	net/minecraft/network/codec/ByteBufCodecs$29	net/minecraft/class_9135$22
CLASS	net/minecraft/network/codec/ByteBufCodecs$3	net/minecraft/class_9135$23
CLASS	net/minecraft/network/codec/ByteBufCodecs$30	net/minecraft/class_9135$24
CLASS	net/minecraft/network/codec/ByteBufCodecs$31	net/minecraft/class_9135$25
CLASS	net/minecraft/network/codec/ByteBufCodecs$32	net/minecraft/class_9135$26
CLASS	net/minecraft/network/codec/ByteBufCodecs$33	net/minecraft/class_9135$27
CLASS	net/minecraft/network/codec/ByteBufCodecs$34	net/minecraft/class_9135$28
CLASS	net/minecraft/network/codec/ByteBufCodecs$35	net/minecraft/class_9135$29
CLASS	net/minecraft/network/codec/ByteBufCodecs$4	net/minecraft/class_9135$30
CLASS	net/minecraft/network/codec/ByteBufCodecs$5	net/minecraft/class_9135$31
CLASS	net/minecraft/network/codec/ByteBufCodecs$6	net/minecraft/class_9135$32
CLASS	net/minecraft/network/codec/ByteBufCodecs$7	net/minecraft/class_9135$33
CLASS	net/minecraft/network/codec/ByteBufCodecs$8	net/minecraft/class_9135$34
CLASS	net/minecraft/network/codec/ByteBufCodecs$9	net/minecraft/class_9135$35
CLASS	net/minecraft/network/codec/IdDispatchCodec	net/minecraft/class_9136
CLASS	net/minecraft/network/codec/IdDispatchCodec$Builder	net/minecraft/class_9136$class_9137
CLASS	net/minecraft/network/codec/IdDispatchCodec$DontDecorateException	net/minecraft/class_9136$class_10944
CLASS	net/minecraft/network/codec/IdDispatchCodec$Entry	net/minecraft/class_9136$class_9138
CLASS	net/minecraft/network/codec/StreamCodec	net/minecraft/class_9139
CLASS	net/minecraft/network/codec/StreamCodec$1	net/minecraft/class_9139$1
CLASS	net/minecraft/network/codec/StreamCodec$10	net/minecraft/class_9139$2
CLASS	net/minecraft/network/codec/StreamCodec$11	net/minecraft/class_9139$3
CLASS	net/minecraft/network/codec/StreamCodec$12	net/minecraft/class_9139$4
CLASS	net/minecraft/network/codec/StreamCodec$13	net/minecraft/class_9139$5
CLASS	net/minecraft/network/codec/StreamCodec$14	net/minecraft/class_9139$6
CLASS	net/minecraft/network/codec/StreamCodec$15	net/minecraft/class_9139$7
CLASS	net/minecraft/network/codec/StreamCodec$16	net/minecraft/class_9139$8
CLASS	net/minecraft/network/codec/StreamCodec$17	net/minecraft/class_9139$9
CLASS	net/minecraft/network/codec/StreamCodec$18	net/minecraft/class_9139$10
CLASS	net/minecraft/network/codec/StreamCodec$19	net/minecraft/class_9139$11
CLASS	net/minecraft/network/codec/StreamCodec$2	net/minecraft/class_9139$12
CLASS	net/minecraft/network/codec/StreamCodec$3	net/minecraft/class_9139$13
CLASS	net/minecraft/network/codec/StreamCodec$4	net/minecraft/class_9139$14
CLASS	net/minecraft/network/codec/StreamCodec$5	net/minecraft/class_9139$15
CLASS	net/minecraft/network/codec/StreamCodec$6	net/minecraft/class_9139$16
CLASS	net/minecraft/network/codec/StreamCodec$7	net/minecraft/class_9139$17
CLASS	net/minecraft/network/codec/StreamCodec$8	net/minecraft/class_9139$18
CLASS	net/minecraft/network/codec/StreamCodec$9	net/minecraft/class_9139$19
CLASS	net/minecraft/network/codec/StreamCodec$CodecOperation	net/minecraft/class_9139$class_9140
CLASS	net/minecraft/network/codec/StreamDecoder	net/minecraft/class_9141
CLASS	net/minecraft/network/codec/StreamEncoder	net/minecraft/class_9142
CLASS	net/minecraft/network/codec/StreamMemberEncoder	net/minecraft/class_9143
CLASS	net/minecraft/network/codec/package-info	net/minecraft/class_9144
CLASS	net/minecraft/network/package-info	net/minecraft/class_6313
CLASS	net/minecraft/network/protocol/BundleDelimiterPacket	net/minecraft/class_8037
CLASS	net/minecraft/network/protocol/BundlePacket	net/minecraft/class_8038
CLASS	net/minecraft/network/protocol/BundlerInfo	net/minecraft/class_8039
CLASS	net/minecraft/network/protocol/BundlerInfo$1	net/minecraft/class_8039$1
CLASS	net/minecraft/network/protocol/BundlerInfo$1$1	net/minecraft/class_8039$1$1
CLASS	net/minecraft/network/protocol/BundlerInfo$Bundler	net/minecraft/class_8039$class_8040
CLASS	net/minecraft/network/protocol/CodecModifier	net/minecraft/class_10945
CLASS	net/minecraft/network/protocol/Packet	net/minecraft/class_2596
CLASS	net/minecraft/network/protocol/PacketFlow	net/minecraft/class_2598
CLASS	net/minecraft/network/protocol/PacketType	net/minecraft/class_9145
CLASS	net/minecraft/network/protocol/PacketUtils	net/minecraft/class_2600
CLASS	net/minecraft/network/protocol/ProtocolCodecBuilder	net/minecraft/class_9146
CLASS	net/minecraft/network/protocol/ProtocolInfoBuilder	net/minecraft/class_9147
CLASS	net/minecraft/network/protocol/ProtocolInfoBuilder$1	net/minecraft/class_9147$1
CLASS	net/minecraft/network/protocol/ProtocolInfoBuilder$2	net/minecraft/class_9147$2
CLASS	net/minecraft/network/protocol/ProtocolInfoBuilder$3	net/minecraft/class_9147$3
CLASS	net/minecraft/network/protocol/ProtocolInfoBuilder$CodecEntry	net/minecraft/class_9147$class_9148
CLASS	net/minecraft/network/protocol/ProtocolInfoBuilder$Implementation	net/minecraft/class_9147$class_9149
CLASS	net/minecraft/network/protocol/SimpleUnboundProtocol	net/minecraft/class_10946
CLASS	net/minecraft/network/protocol/UnboundProtocol	net/minecraft/class_10947
CLASS	net/minecraft/network/protocol/common/ClientCommonPacketListener	net/minecraft/class_8705
CLASS	net/minecraft/network/protocol/common/ClientboundClearDialogPacket	net/minecraft/class_11406
CLASS	net/minecraft/network/protocol/common/ClientboundCustomPayloadPacket	net/minecraft/class_2658
CLASS	net/minecraft/network/protocol/common/ClientboundCustomReportDetailsPacket	net/minecraft/class_9814
CLASS	net/minecraft/network/protocol/common/ClientboundDisconnectPacket	net/minecraft/class_2661
CLASS	net/minecraft/network/protocol/common/ClientboundKeepAlivePacket	net/minecraft/class_2670
CLASS	net/minecraft/network/protocol/common/ClientboundPingPacket	net/minecraft/class_6373
CLASS	net/minecraft/network/protocol/common/ClientboundResourcePackPopPacket	net/minecraft/class_9053
CLASS	net/minecraft/network/protocol/common/ClientboundResourcePackPushPacket	net/minecraft/class_2720
CLASS	net/minecraft/network/protocol/common/ClientboundServerLinksPacket	net/minecraft/class_9815
CLASS	net/minecraft/network/protocol/common/ClientboundShowDialogPacket	net/minecraft/class_11407
CLASS	net/minecraft/network/protocol/common/ClientboundStoreCookiePacket	net/minecraft/class_9150
CLASS	net/minecraft/network/protocol/common/ClientboundTransferPacket	net/minecraft/class_9151
CLASS	net/minecraft/network/protocol/common/ClientboundUpdateTagsPacket	net/minecraft/class_2790
CLASS	net/minecraft/network/protocol/common/CommonPacketTypes	net/minecraft/class_9152
CLASS	net/minecraft/network/protocol/common/ServerCommonPacketListener	net/minecraft/class_8706
CLASS	net/minecraft/network/protocol/common/ServerboundClientInformationPacket	net/minecraft/class_2803
CLASS	net/minecraft/network/protocol/common/ServerboundCustomClickActionPacket	net/minecraft/class_11411
CLASS	net/minecraft/network/protocol/common/ServerboundCustomPayloadPacket	net/minecraft/class_2817
CLASS	net/minecraft/network/protocol/common/ServerboundKeepAlivePacket	net/minecraft/class_2827
CLASS	net/minecraft/network/protocol/common/ServerboundPongPacket	net/minecraft/class_6374
CLASS	net/minecraft/network/protocol/common/ServerboundResourcePackPacket	net/minecraft/class_2856
CLASS	net/minecraft/network/protocol/common/ServerboundResourcePackPacket$Action	net/minecraft/class_2856$class_2857
CLASS	net/minecraft/network/protocol/common/custom/BrandPayload	net/minecraft/class_8709
CLASS	net/minecraft/network/protocol/common/custom/CustomPacketPayload	net/minecraft/class_8710
CLASS	net/minecraft/network/protocol/common/custom/CustomPacketPayload$1	net/minecraft/class_8710$1
CLASS	net/minecraft/network/protocol/common/custom/CustomPacketPayload$FallbackProvider	net/minecraft/class_8710$class_9153
CLASS	net/minecraft/network/protocol/common/custom/CustomPacketPayload$Type	net/minecraft/class_8710$class_9154
CLASS	net/minecraft/network/protocol/common/custom/CustomPacketPayload$TypeAndCodec	net/minecraft/class_8710$class_9155
CLASS	net/minecraft/network/protocol/common/custom/DiscardedPayload	net/minecraft/class_8711
CLASS	net/minecraft/network/protocol/common/custom/package-info	net/minecraft/class_8730
CLASS	net/minecraft/network/protocol/common/package-info	net/minecraft/class_8731
CLASS	net/minecraft/network/protocol/configuration/ClientConfigurationPacketListener	net/minecraft/class_8732
CLASS	net/minecraft/network/protocol/configuration/ClientboundCodeOfConductPacket	net/minecraft/class_11751
CLASS	net/minecraft/network/protocol/configuration/ClientboundFinishConfigurationPacket	net/minecraft/class_8733
CLASS	net/minecraft/network/protocol/configuration/ClientboundRegistryDataPacket	net/minecraft/class_8734
CLASS	net/minecraft/network/protocol/configuration/ClientboundResetChatPacket	net/minecraft/class_9448
CLASS	net/minecraft/network/protocol/configuration/ClientboundSelectKnownPacks	net/minecraft/class_9250
CLASS	net/minecraft/network/protocol/configuration/ClientboundUpdateEnabledFeaturesPacket	net/minecraft/class_7832
CLASS	net/minecraft/network/protocol/configuration/ConfigurationPacketTypes	net/minecraft/class_9156
CLASS	net/minecraft/network/protocol/configuration/ConfigurationProtocols	net/minecraft/class_9157
CLASS	net/minecraft/network/protocol/configuration/ServerConfigurationPacketListener	net/minecraft/class_8735
CLASS	net/minecraft/network/protocol/configuration/ServerboundAcceptCodeOfConductPacket	net/minecraft/class_11752
CLASS	net/minecraft/network/protocol/configuration/ServerboundFinishConfigurationPacket	net/minecraft/class_8736
CLASS	net/minecraft/network/protocol/configuration/ServerboundSelectKnownPacks	net/minecraft/class_9220
CLASS	net/minecraft/network/protocol/configuration/package-info	net/minecraft/class_8737
CLASS	net/minecraft/network/protocol/cookie/ClientCookiePacketListener	net/minecraft/class_9087
CLASS	net/minecraft/network/protocol/cookie/ClientboundCookieRequestPacket	net/minecraft/class_9088
CLASS	net/minecraft/network/protocol/cookie/CookiePacketTypes	net/minecraft/class_9089
CLASS	net/minecraft/network/protocol/cookie/ServerCookiePacketListener	net/minecraft/class_9090
CLASS	net/minecraft/network/protocol/cookie/ServerboundCookieResponsePacket	net/minecraft/class_9091
CLASS	net/minecraft/network/protocol/cookie/package-info	net/minecraft/class_9092
CLASS	net/minecraft/network/protocol/game/ClientGamePacketListener	net/minecraft/class_2602
CLASS	net/minecraft/network/protocol/game/ClientboundAddEntityPacket	net/minecraft/class_2604
CLASS	net/minecraft/network/protocol/game/ClientboundAnimatePacket	net/minecraft/class_2616
CLASS	net/minecraft/network/protocol/game/ClientboundAwardStatsPacket	net/minecraft/class_2617
CLASS	net/minecraft/network/protocol/game/ClientboundBlockChangedAckPacket	net/minecraft/class_4463
CLASS	net/minecraft/network/protocol/game/ClientboundBlockDestructionPacket	net/minecraft/class_2620
CLASS	net/minecraft/network/protocol/game/ClientboundBlockEntityDataPacket	net/minecraft/class_2622
CLASS	net/minecraft/network/protocol/game/ClientboundBlockEventPacket	net/minecraft/class_2623
CLASS	net/minecraft/network/protocol/game/ClientboundBlockUpdatePacket	net/minecraft/class_2626
CLASS	net/minecraft/network/protocol/game/ClientboundBossEventPacket	net/minecraft/class_2629
CLASS	net/minecraft/network/protocol/game/ClientboundBossEventPacket$1	net/minecraft/class_2629$1
CLASS	net/minecraft/network/protocol/game/ClientboundBossEventPacket$AddOperation	net/minecraft/class_2629$class_5880
CLASS	net/minecraft/network/protocol/game/ClientboundBossEventPacket$Handler	net/minecraft/class_2629$class_5881
CLASS	net/minecraft/network/protocol/game/ClientboundBossEventPacket$Operation	net/minecraft/class_2629$class_5882
CLASS	net/minecraft/network/protocol/game/ClientboundBossEventPacket$OperationType	net/minecraft/class_2629$class_5883
CLASS	net/minecraft/network/protocol/game/ClientboundBossEventPacket$UpdateNameOperation	net/minecraft/class_2629$class_5884
CLASS	net/minecraft/network/protocol/game/ClientboundBossEventPacket$UpdateProgressOperation	net/minecraft/class_2629$class_5885
CLASS	net/minecraft/network/protocol/game/ClientboundBossEventPacket$UpdatePropertiesOperation	net/minecraft/class_2629$class_5886
CLASS	net/minecraft/network/protocol/game/ClientboundBossEventPacket$UpdateStyleOperation	net/minecraft/class_2629$class_5887
CLASS	net/minecraft/network/protocol/game/ClientboundBundleDelimiterPacket	net/minecraft/class_9093
CLASS	net/minecraft/network/protocol/game/ClientboundBundlePacket	net/minecraft/class_8042
CLASS	net/minecraft/network/protocol/game/ClientboundChangeDifficultyPacket	net/minecraft/class_2632
CLASS	net/minecraft/network/protocol/game/ClientboundChunkBatchFinishedPacket	net/minecraft/class_8738
CLASS	net/minecraft/network/protocol/game/ClientboundChunkBatchStartPacket	net/minecraft/class_8739
CLASS	net/minecraft/network/protocol/game/ClientboundChunksBiomesPacket	net/minecraft/class_8212
CLASS	net/minecraft/network/protocol/game/ClientboundChunksBiomesPacket$ChunkBiomeData	net/minecraft/class_8212$class_8213
CLASS	net/minecraft/network/protocol/game/ClientboundClearTitlesPacket	net/minecraft/class_5888
CLASS	net/minecraft/network/protocol/game/ClientboundCommandSuggestionsPacket	net/minecraft/class_2639
CLASS	net/minecraft/network/protocol/game/ClientboundCommandSuggestionsPacket$Entry	net/minecraft/class_2639$class_9177
CLASS	net/minecraft/network/protocol/game/ClientboundCommandsPacket	net/minecraft/class_2641
CLASS	net/minecraft/network/protocol/game/ClientboundCommandsPacket$ArgumentNodeStub	net/minecraft/class_2641$class_7232
CLASS	net/minecraft/network/protocol/game/ClientboundCommandsPacket$Entry	net/minecraft/class_2641$class_2642
CLASS	net/minecraft/network/protocol/game/ClientboundCommandsPacket$LiteralNodeStub	net/minecraft/class_2641$class_7233
CLASS	net/minecraft/network/protocol/game/ClientboundCommandsPacket$NodeBuilder	net/minecraft/class_2641$class_11408
CLASS	net/minecraft/network/protocol/game/ClientboundCommandsPacket$NodeInspector	net/minecraft/class_2641$class_11409
CLASS	net/minecraft/network/protocol/game/ClientboundCommandsPacket$NodeResolver	net/minecraft/class_2641$class_7234
CLASS	net/minecraft/network/protocol/game/ClientboundCommandsPacket$NodeStub	net/minecraft/class_2641$class_7235
CLASS	net/minecraft/network/protocol/game/ClientboundContainerClosePacket	net/minecraft/class_2645
CLASS	net/minecraft/network/protocol/game/ClientboundContainerSetContentPacket	net/minecraft/class_2649
CLASS	net/minecraft/network/protocol/game/ClientboundContainerSetDataPacket	net/minecraft/class_2651
CLASS	net/minecraft/network/protocol/game/ClientboundContainerSetSlotPacket	net/minecraft/class_2653
CLASS	net/minecraft/network/protocol/game/ClientboundCooldownPacket	net/minecraft/class_2656
CLASS	net/minecraft/network/protocol/game/ClientboundCustomChatCompletionsPacket	net/minecraft/class_7597
CLASS	net/minecraft/network/protocol/game/ClientboundCustomChatCompletionsPacket$Action	net/minecraft/class_7597$class_7598
CLASS	net/minecraft/network/protocol/game/ClientboundDamageEventPacket	net/minecraft/class_8143
CLASS	net/minecraft/network/protocol/game/ClientboundDebugBlockValuePacket	net/minecraft/class_11982
CLASS	net/minecraft/network/protocol/game/ClientboundDebugChunkValuePacket	net/minecraft/class_11983
CLASS	net/minecraft/network/protocol/game/ClientboundDebugEntityValuePacket	net/minecraft/class_11984
CLASS	net/minecraft/network/protocol/game/ClientboundDebugEventPacket	net/minecraft/class_11985
CLASS	net/minecraft/network/protocol/game/ClientboundDebugSamplePacket	net/minecraft/class_9178
CLASS	net/minecraft/network/protocol/game/ClientboundDeleteChatPacket	net/minecraft/class_7617
CLASS	net/minecraft/network/protocol/game/ClientboundDisguisedChatPacket	net/minecraft/class_7827
CLASS	net/minecraft/network/protocol/game/ClientboundEntityEventPacket	net/minecraft/class_2663
CLASS	net/minecraft/network/protocol/game/ClientboundEntityPositionSyncPacket	net/minecraft/class_10264
CLASS	net/minecraft/network/protocol/game/ClientboundExplodePacket	net/minecraft/class_2664
CLASS	net/minecraft/network/protocol/game/ClientboundForgetLevelChunkPacket	net/minecraft/class_2666
CLASS	net/minecraft/network/protocol/game/ClientboundGameEventPacket	net/minecraft/class_2668
CLASS	net/minecraft/network/protocol/game/ClientboundGameEventPacket$Type	net/minecraft/class_2668$class_5402
CLASS	net/minecraft/network/protocol/game/ClientboundGameTestHighlightPosPacket	net/minecraft/class_11986
CLASS	net/minecraft/network/protocol/game/ClientboundHurtAnimationPacket	net/minecraft/class_8043
CLASS	net/minecraft/network/protocol/game/ClientboundInitializeBorderPacket	net/minecraft/class_5889
CLASS	net/minecraft/network/protocol/game/ClientboundLevelChunkPacketData	net/minecraft/class_6603
CLASS	net/minecraft/network/protocol/game/ClientboundLevelChunkPacketData$BlockEntityInfo	net/minecraft/class_6603$class_6604
CLASS	net/minecraft/network/protocol/game/ClientboundLevelChunkPacketData$BlockEntityTagOutput	net/minecraft/class_6603$class_6605
CLASS	net/minecraft/network/protocol/game/ClientboundLevelChunkWithLightPacket	net/minecraft/class_2672
CLASS	net/minecraft/network/protocol/game/ClientboundLevelEventPacket	net/minecraft/class_2673
CLASS	net/minecraft/network/protocol/game/ClientboundLevelParticlesPacket	net/minecraft/class_2675
CLASS	net/minecraft/network/protocol/game/ClientboundLightUpdatePacket	net/minecraft/class_2676
CLASS	net/minecraft/network/protocol/game/ClientboundLightUpdatePacketData	net/minecraft/class_6606
CLASS	net/minecraft/network/protocol/game/ClientboundLoginPacket	net/minecraft/class_2678
CLASS	net/minecraft/network/protocol/game/ClientboundMapItemDataPacket	net/minecraft/class_2683
CLASS	net/minecraft/network/protocol/game/ClientboundMerchantOffersPacket	net/minecraft/class_3943
CLASS	net/minecraft/network/protocol/game/ClientboundMountScreenOpenPacket	net/minecraft/class_2648
CLASS	net/minecraft/network/protocol/game/ClientboundMoveEntityPacket	net/minecraft/class_2684
CLASS	net/minecraft/network/protocol/game/ClientboundMoveEntityPacket$Pos	net/minecraft/class_2684$class_2685
CLASS	net/minecraft/network/protocol/game/ClientboundMoveEntityPacket$PosRot	net/minecraft/class_2684$class_2686
CLASS	net/minecraft/network/protocol/game/ClientboundMoveEntityPacket$Rot	net/minecraft/class_2684$class_2687
CLASS	net/minecraft/network/protocol/game/ClientboundMoveMinecartPacket	net/minecraft/class_9833
CLASS	net/minecraft/network/protocol/game/ClientboundMoveVehiclePacket	net/minecraft/class_2692
CLASS	net/minecraft/network/protocol/game/ClientboundOpenBookPacket	net/minecraft/class_3895
CLASS	net/minecraft/network/protocol/game/ClientboundOpenScreenPacket	net/minecraft/class_3944
CLASS	net/minecraft/network/protocol/game/ClientboundOpenSignEditorPacket	net/minecraft/class_2693
CLASS	net/minecraft/network/protocol/game/ClientboundPlaceGhostRecipePacket	net/minecraft/class_2695
CLASS	net/minecraft/network/protocol/game/ClientboundPlayerAbilitiesPacket	net/minecraft/class_2696
CLASS	net/minecraft/network/protocol/game/ClientboundPlayerChatPacket	net/minecraft/class_7438
CLASS	net/minecraft/network/protocol/game/ClientboundPlayerCombatEndPacket	net/minecraft/class_5890
CLASS	net/minecraft/network/protocol/game/ClientboundPlayerCombatEnterPacket	net/minecraft/class_5891
CLASS	net/minecraft/network/protocol/game/ClientboundPlayerCombatKillPacket	net/minecraft/class_5892
CLASS	net/minecraft/network/protocol/game/ClientboundPlayerInfoRemovePacket	net/minecraft/class_7828
CLASS	net/minecraft/network/protocol/game/ClientboundPlayerInfoUpdatePacket	net/minecraft/class_2703
CLASS	net/minecraft/network/protocol/game/ClientboundPlayerInfoUpdatePacket$Action	net/minecraft/class_2703$class_5893
CLASS	net/minecraft/network/protocol/game/ClientboundPlayerInfoUpdatePacket$Action$Reader	net/minecraft/class_2703$class_5893$class_7829
CLASS	net/minecraft/network/protocol/game/ClientboundPlayerInfoUpdatePacket$Action$Writer	net/minecraft/class_2703$class_5893$class_7830
CLASS	net/minecraft/network/protocol/game/ClientboundPlayerInfoUpdatePacket$Entry	net/minecraft/class_2703$class_2705
CLASS	net/minecraft/network/protocol/game/ClientboundPlayerInfoUpdatePacket$EntryBuilder	net/minecraft/class_2703$class_7831
CLASS	net/minecraft/network/protocol/game/ClientboundPlayerLookAtPacket	net/minecraft/class_2707
CLASS	net/minecraft/network/protocol/game/ClientboundPlayerPositionPacket	net/minecraft/class_2708
CLASS	net/minecraft/network/protocol/game/ClientboundPlayerRotationPacket	net/minecraft/class_10265
CLASS	net/minecraft/network/protocol/game/ClientboundProjectilePowerPacket	net/minecraft/class_9632
CLASS	net/minecraft/network/protocol/game/ClientboundRecipeBookAddPacket	net/minecraft/class_10266
CLASS	net/minecraft/network/protocol/game/ClientboundRecipeBookAddPacket$Entry	net/minecraft/class_10266$class_10267
CLASS	net/minecraft/network/protocol/game/ClientboundRecipeBookRemovePacket	net/minecraft/class_10268
CLASS	net/minecraft/network/protocol/game/ClientboundRecipeBookSettingsPacket	net/minecraft/class_10269
CLASS	net/minecraft/network/protocol/game/ClientboundRemoveEntitiesPacket	net/minecraft/class_2716
CLASS	net/minecraft/network/protocol/game/ClientboundRemoveMobEffectPacket	net/minecraft/class_2718
CLASS	net/minecraft/network/protocol/game/ClientboundResetScorePacket	net/minecraft/class_9006
CLASS	net/minecraft/network/protocol/game/ClientboundRespawnPacket	net/minecraft/class_2724
CLASS	net/minecraft/network/protocol/game/ClientboundRotateHeadPacket	net/minecraft/class_2726
CLASS	net/minecraft/network/protocol/game/ClientboundSectionBlocksUpdatePacket	net/minecraft/class_2637
CLASS	net/minecraft/network/protocol/game/ClientboundSelectAdvancementsTabPacket	net/minecraft/class_2729
CLASS	net/minecraft/network/protocol/game/ClientboundServerDataPacket	net/minecraft/class_7495
CLASS	net/minecraft/network/protocol/game/ClientboundSetActionBarTextPacket	net/minecraft/class_5894
CLASS	net/minecraft/network/protocol/game/ClientboundSetBorderCenterPacket	net/minecraft/class_5895
CLASS	net/minecraft/network/protocol/game/ClientboundSetBorderLerpSizePacket	net/minecraft/class_5896
CLASS	net/minecraft/network/protocol/game/ClientboundSetBorderSizePacket	net/minecraft/class_5897
CLASS	net/minecraft/network/protocol/game/ClientboundSetBorderWarningDelayPacket	net/minecraft/class_5898
CLASS	net/minecraft/network/protocol/game/ClientboundSetBorderWarningDistancePacket	net/minecraft/class_5899
CLASS	net/minecraft/network/protocol/game/ClientboundSetCameraPacket	net/minecraft/class_2734
CLASS	net/minecraft/network/protocol/game/ClientboundSetChunkCacheCenterPacket	net/minecraft/class_4282
CLASS	net/minecraft/network/protocol/game/ClientboundSetChunkCacheRadiusPacket	net/minecraft/class_4273
CLASS	net/minecraft/network/protocol/game/ClientboundSetCursorItemPacket	net/minecraft/class_9834
CLASS	net/minecraft/network/protocol/game/ClientboundSetDefaultSpawnPositionPacket	net/minecraft/class_2759
CLASS	net/minecraft/network/protocol/game/ClientboundSetDisplayObjectivePacket	net/minecraft/class_2736
CLASS	net/minecraft/network/protocol/game/ClientboundSetEntityDataPacket	net/minecraft/class_2739
CLASS	net/minecraft/network/protocol/game/ClientboundSetEntityLinkPacket	net/minecraft/class_2740
CLASS	net/minecraft/network/protocol/game/ClientboundSetEntityMotionPacket	net/minecraft/class_2743
CLASS	net/minecraft/network/protocol/game/ClientboundSetEquipmentPacket	net/minecraft/class_2744
CLASS	net/minecraft/network/protocol/game/ClientboundSetExperiencePacket	net/minecraft/class_2748
CLASS	net/minecraft/network/protocol/game/ClientboundSetHealthPacket	net/minecraft/class_2749
CLASS	net/minecraft/network/protocol/game/ClientboundSetHeldSlotPacket	net/minecraft/class_2735
CLASS	net/minecraft/network/protocol/game/ClientboundSetObjectivePacket	net/minecraft/class_2751
CLASS	net/minecraft/network/protocol/game/ClientboundSetPassengersPacket	net/minecraft/class_2752
CLASS	net/minecraft/network/protocol/game/ClientboundSetPlayerInventoryPacket	net/minecraft/class_9835
CLASS	net/minecraft/network/protocol/game/ClientboundSetPlayerTeamPacket	net/minecraft/class_5900
CLASS	net/minecraft/network/protocol/game/ClientboundSetPlayerTeamPacket$Action	net/minecraft/class_5900$class_5901
CLASS	net/minecraft/network/protocol/game/ClientboundSetPlayerTeamPacket$Parameters	net/minecraft/class_5900$class_5902
CLASS	net/minecraft/network/protocol/game/ClientboundSetScorePacket	net/minecraft/class_2757
CLASS	net/minecraft/network/protocol/game/ClientboundSetSimulationDistancePacket	net/minecraft/class_6682
CLASS	net/minecraft/network/protocol/game/ClientboundSetSubtitleTextPacket	net/minecraft/class_5903
CLASS	net/minecraft/network/protocol/game/ClientboundSetTimePacket	net/minecraft/class_2761
CLASS	net/minecraft/network/protocol/game/ClientboundSetTitleTextPacket	net/minecraft/class_5904
CLASS	net/minecraft/network/protocol/game/ClientboundSetTitlesAnimationPacket	net/minecraft/class_5905
CLASS	net/minecraft/network/protocol/game/ClientboundSoundEntityPacket	net/minecraft/class_2765
CLASS	net/minecraft/network/protocol/game/ClientboundSoundPacket	net/minecraft/class_2767
CLASS	net/minecraft/network/protocol/game/ClientboundStartConfigurationPacket	net/minecraft/class_8588
CLASS	net/minecraft/network/protocol/game/ClientboundStopSoundPacket	net/minecraft/class_2770
CLASS	net/minecraft/network/protocol/game/ClientboundSystemChatPacket	net/minecraft/class_7439
CLASS	net/minecraft/network/protocol/game/ClientboundTabListPacket	net/minecraft/class_2772
CLASS	net/minecraft/network/protocol/game/ClientboundTagQueryPacket	net/minecraft/class_2774
CLASS	net/minecraft/network/protocol/game/ClientboundTakeItemEntityPacket	net/minecraft/class_2775
CLASS	net/minecraft/network/protocol/game/ClientboundTeleportEntityPacket	net/minecraft/class_2777
CLASS	net/minecraft/network/protocol/game/ClientboundTestInstanceBlockStatus	net/minecraft/class_10614
CLASS	net/minecraft/network/protocol/game/ClientboundTickingStatePacket	net/minecraft/class_8913
CLASS	net/minecraft/network/protocol/game/ClientboundTickingStepPacket	net/minecraft/class_8914
CLASS	net/minecraft/network/protocol/game/ClientboundTrackedWaypointPacket	net/minecraft/class_11173
CLASS	net/minecraft/network/protocol/game/ClientboundTrackedWaypointPacket$Operation	net/minecraft/class_11173$class_11174
CLASS	net/minecraft/network/protocol/game/ClientboundUpdateAdvancementsPacket	net/minecraft/class_2779
CLASS	net/minecraft/network/protocol/game/ClientboundUpdateAttributesPacket	net/minecraft/class_2781
CLASS	net/minecraft/network/protocol/game/ClientboundUpdateAttributesPacket$AttributeSnapshot	net/minecraft/class_2781$class_2782
CLASS	net/minecraft/network/protocol/game/ClientboundUpdateMobEffectPacket	net/minecraft/class_2783
CLASS	net/minecraft/network/protocol/game/ClientboundUpdateRecipesPacket	net/minecraft/class_2788
CLASS	net/minecraft/network/protocol/game/CommonPlayerSpawnInfo	net/minecraft/class_8589
CLASS	net/minecraft/network/protocol/game/DebugEntityNameGenerator	net/minecraft/class_4617
CLASS	net/minecraft/network/protocol/game/GamePacketTypes	net/minecraft/class_9094
CLASS	net/minecraft/network/protocol/game/GameProtocols	net/minecraft/class_9095
CLASS	net/minecraft/network/protocol/game/GameProtocols$1	net/minecraft/class_9095$1
CLASS	net/minecraft/network/protocol/game/GameProtocols$Context	net/minecraft/class_9095$class_10919
CLASS	net/minecraft/network/protocol/game/ServerGamePacketListener	net/minecraft/class_2792
CLASS	net/minecraft/network/protocol/game/ServerPacketListener	net/minecraft/class_6857
CLASS	net/minecraft/network/protocol/game/ServerboundAcceptTeleportationPacket	net/minecraft/class_2793
CLASS	net/minecraft/network/protocol/game/ServerboundBlockEntityTagQueryPacket	net/minecraft/class_2795
CLASS	net/minecraft/network/protocol/game/ServerboundChangeDifficultyPacket	net/minecraft/class_4210
CLASS	net/minecraft/network/protocol/game/ServerboundChangeGameModePacket	net/minecraft/class_11410
CLASS	net/minecraft/network/protocol/game/ServerboundChatAckPacket	net/minecraft/class_7640
CLASS	net/minecraft/network/protocol/game/ServerboundChatCommandPacket	net/minecraft/class_7472
CLASS	net/minecraft/network/protocol/game/ServerboundChatCommandSignedPacket	net/minecraft/class_9449
CLASS	net/minecraft/network/protocol/game/ServerboundChatPacket	net/minecraft/class_2797
CLASS	net/minecraft/network/protocol/game/ServerboundChatSessionUpdatePacket	net/minecraft/class_7861
CLASS	net/minecraft/network/protocol/game/ServerboundChunkBatchReceivedPacket	net/minecraft/class_8590
CLASS	net/minecraft/network/protocol/game/ServerboundClientCommandPacket	net/minecraft/class_2799
CLASS	net/minecraft/network/protocol/game/ServerboundClientCommandPacket$Action	net/minecraft/class_2799$class_2800
CLASS	net/minecraft/network/protocol/game/ServerboundClientTickEndPacket	net/minecraft/class_9836
CLASS	net/minecraft/network/protocol/game/ServerboundCommandSuggestionPacket	net/minecraft/class_2805
CLASS	net/minecraft/network/protocol/game/ServerboundConfigurationAcknowledgedPacket	net/minecraft/class_8591
CLASS	net/minecraft/network/protocol/game/ServerboundContainerButtonClickPacket	net/minecraft/class_2811
CLASS	net/minecraft/network/protocol/game/ServerboundContainerClickPacket	net/minecraft/class_2813
CLASS	net/minecraft/network/protocol/game/ServerboundContainerClosePacket	net/minecraft/class_2815
CLASS	net/minecraft/network/protocol/game/ServerboundContainerSlotStateChangedPacket	net/minecraft/class_8875
CLASS	net/minecraft/network/protocol/game/ServerboundDebugSubscriptionRequestPacket	net/minecraft/class_9179
CLASS	net/minecraft/network/protocol/game/ServerboundEditBookPacket	net/minecraft/class_2820
CLASS	net/minecraft/network/protocol/game/ServerboundEntityTagQueryPacket	net/minecraft/class_2822
CLASS	net/minecraft/network/protocol/game/ServerboundInteractPacket	net/minecraft/class_2824
CLASS	net/minecraft/network/protocol/game/ServerboundInteractPacket$1	net/minecraft/class_2824$1
CLASS	net/minecraft/network/protocol/game/ServerboundInteractPacket$Action	net/minecraft/class_2824$class_5906
CLASS	net/minecraft/network/protocol/game/ServerboundInteractPacket$ActionType	net/minecraft/class_2824$class_5907
CLASS	net/minecraft/network/protocol/game/ServerboundInteractPacket$Handler	net/minecraft/class_2824$class_5908
CLASS	net/minecraft/network/protocol/game/ServerboundInteractPacket$InteractionAction	net/minecraft/class_2824$class_5909
CLASS	net/minecraft/network/protocol/game/ServerboundInteractPacket$InteractionAtLocationAction	net/minecraft/class_2824$class_5910
CLASS	net/minecraft/network/protocol/game/ServerboundJigsawGeneratePacket	net/minecraft/class_5194
CLASS	net/minecraft/network/protocol/game/ServerboundLockDifficultyPacket	net/minecraft/class_4211
CLASS	net/minecraft/network/protocol/game/ServerboundMovePlayerPacket	net/minecraft/class_2828
CLASS	net/minecraft/network/protocol/game/ServerboundMovePlayerPacket$Pos	net/minecraft/class_2828$class_2829
CLASS	net/minecraft/network/protocol/game/ServerboundMovePlayerPacket$PosRot	net/minecraft/class_2828$class_2830
CLASS	net/minecraft/network/protocol/game/ServerboundMovePlayerPacket$Rot	net/minecraft/class_2828$class_2831
CLASS	net/minecraft/network/protocol/game/ServerboundMovePlayerPacket$StatusOnly	net/minecraft/class_2828$class_5911
CLASS	net/minecraft/network/protocol/game/ServerboundMoveVehiclePacket	net/minecraft/class_2833
CLASS	net/minecraft/network/protocol/game/ServerboundPaddleBoatPacket	net/minecraft/class_2836
CLASS	net/minecraft/network/protocol/game/ServerboundPickItemFromBlockPacket	net/minecraft/class_10370
CLASS	net/minecraft/network/protocol/game/ServerboundPickItemFromEntityPacket	net/minecraft/class_10371
CLASS	net/minecraft/network/protocol/game/ServerboundPlaceRecipePacket	net/minecraft/class_2840
CLASS	net/minecraft/network/protocol/game/ServerboundPlayerAbilitiesPacket	net/minecraft/class_2842
CLASS	net/minecraft/network/protocol/game/ServerboundPlayerActionPacket	net/minecraft/class_2846
CLASS	net/minecraft/network/protocol/game/ServerboundPlayerActionPacket$Action	net/minecraft/class_2846$class_2847
CLASS	net/minecraft/network/protocol/game/ServerboundPlayerCommandPacket	net/minecraft/class_2848
CLASS	net/minecraft/network/protocol/game/ServerboundPlayerCommandPacket$Action	net/minecraft/class_2848$class_2849
CLASS	net/minecraft/network/protocol/game/ServerboundPlayerInputPacket	net/minecraft/class_2851
CLASS	net/minecraft/network/protocol/game/ServerboundPlayerLoadedPacket	net/minecraft/class_10387
CLASS	net/minecraft/network/protocol/game/ServerboundRecipeBookChangeSettingsPacket	net/minecraft/class_5427
CLASS	net/minecraft/network/protocol/game/ServerboundRecipeBookSeenRecipePacket	net/minecraft/class_2853
CLASS	net/minecraft/network/protocol/game/ServerboundRenameItemPacket	net/minecraft/class_2855
CLASS	net/minecraft/network/protocol/game/ServerboundSeenAdvancementsPacket	net/minecraft/class_2859
CLASS	net/minecraft/network/protocol/game/ServerboundSeenAdvancementsPacket$Action	net/minecraft/class_2859$class_2860
CLASS	net/minecraft/network/protocol/game/ServerboundSelectBundleItemPacket	net/minecraft/class_9837
CLASS	net/minecraft/network/protocol/game/ServerboundSelectTradePacket	net/minecraft/class_2863
CLASS	net/minecraft/network/protocol/game/ServerboundSetBeaconPacket	net/minecraft/class_2866
CLASS	net/minecraft/network/protocol/game/ServerboundSetCarriedItemPacket	net/minecraft/class_2868
CLASS	net/minecraft/network/protocol/game/ServerboundSetCommandBlockPacket	net/minecraft/class_2870
CLASS	net/minecraft/network/protocol/game/ServerboundSetCommandMinecartPacket	net/minecraft/class_2871
CLASS	net/minecraft/network/protocol/game/ServerboundSetCreativeModeSlotPacket	net/minecraft/class_2873
CLASS	net/minecraft/network/protocol/game/ServerboundSetJigsawBlockPacket	net/minecraft/class_3753
CLASS	net/minecraft/network/protocol/game/ServerboundSetStructureBlockPacket	net/minecraft/class_2875
CLASS	net/minecraft/network/protocol/game/ServerboundSetTestBlockPacket	net/minecraft/class_10615
CLASS	net/minecraft/network/protocol/game/ServerboundSignUpdatePacket	net/minecraft/class_2877
CLASS	net/minecraft/network/protocol/game/ServerboundSwingPacket	net/minecraft/class_2879
CLASS	net/minecraft/network/protocol/game/ServerboundTeleportToEntityPacket	net/minecraft/class_2884
CLASS	net/minecraft/network/protocol/game/ServerboundTestInstanceBlockActionPacket	net/minecraft/class_10616
CLASS	net/minecraft/network/protocol/game/ServerboundTestInstanceBlockActionPacket$Action	net/minecraft/class_10616$class_10617
CLASS	net/minecraft/network/protocol/game/ServerboundUseItemOnPacket	net/minecraft/class_2885
CLASS	net/minecraft/network/protocol/game/ServerboundUseItemPacket	net/minecraft/class_2886
CLASS	net/minecraft/network/protocol/game/VecDeltaCodec	net/minecraft/class_7422
CLASS	net/minecraft/network/protocol/game/package-info	net/minecraft/class_6314
CLASS	net/minecraft/network/protocol/handshake/ClientIntent	net/minecraft/class_8592
CLASS	net/minecraft/network/protocol/handshake/ClientIntentionPacket	net/minecraft/class_2889
CLASS	net/minecraft/network/protocol/handshake/HandshakePacketTypes	net/minecraft/class_9096
CLASS	net/minecraft/network/protocol/handshake/HandshakeProtocols	net/minecraft/class_9097
CLASS	net/minecraft/network/protocol/handshake/ServerHandshakePacketListener	net/minecraft/class_2890
CLASS	net/minecraft/network/protocol/handshake/package-info	net/minecraft/class_6315
CLASS	net/minecraft/network/protocol/login/ClientLoginPacketListener	net/minecraft/class_2896
CLASS	net/minecraft/network/protocol/login/ClientboundCustomQueryPacket	net/minecraft/class_2899
CLASS	net/minecraft/network/protocol/login/ClientboundHelloPacket	net/minecraft/class_2905
CLASS	net/minecraft/network/protocol/login/ClientboundLoginCompressionPacket	net/minecraft/class_2907
CLASS	net/minecraft/network/protocol/login/ClientboundLoginDisconnectPacket	net/minecraft/class_2909
CLASS	net/minecraft/network/protocol/login/ClientboundLoginFinishedPacket	net/minecraft/class_2901
CLASS	net/minecraft/network/protocol/login/LoginPacketTypes	net/minecraft/class_9098
CLASS	net/minecraft/network/protocol/login/LoginProtocols	net/minecraft/class_9099
CLASS	net/minecraft/network/protocol/login/ServerLoginPacketListener	net/minecraft/class_2911
CLASS	net/minecraft/network/protocol/login/ServerboundCustomQueryAnswerPacket	net/minecraft/class_2913
CLASS	net/minecraft/network/protocol/login/ServerboundHelloPacket	net/minecraft/class_2915
CLASS	net/minecraft/network/protocol/login/ServerboundKeyPacket	net/minecraft/class_2917
CLASS	net/minecraft/network/protocol/login/ServerboundLoginAcknowledgedPacket	net/minecraft/class_8593
CLASS	net/minecraft/network/protocol/login/custom/CustomQueryAnswerPayload	net/minecraft/class_8594
CLASS	net/minecraft/network/protocol/login/custom/CustomQueryPayload	net/minecraft/class_8595
CLASS	net/minecraft/network/protocol/login/custom/DiscardedQueryAnswerPayload	net/minecraft/class_8596
CLASS	net/minecraft/network/protocol/login/custom/DiscardedQueryPayload	net/minecraft/class_8597
CLASS	net/minecraft/network/protocol/login/custom/package-info	net/minecraft/class_8598
CLASS	net/minecraft/network/protocol/login/package-info	net/minecraft/class_6316
CLASS	net/minecraft/network/protocol/package-info	net/minecraft/class_6317
CLASS	net/minecraft/network/protocol/ping/ClientPongPacketListener	net/minecraft/class_8763
CLASS	net/minecraft/network/protocol/ping/ClientboundPongResponsePacket	net/minecraft/class_2923
CLASS	net/minecraft/network/protocol/ping/PingPacketTypes	net/minecraft/class_9100
CLASS	net/minecraft/network/protocol/ping/ServerPingPacketListener	net/minecraft/class_8740
CLASS	net/minecraft/network/protocol/ping/ServerboundPingRequestPacket	net/minecraft/class_2935
CLASS	net/minecraft/network/protocol/ping/package-info	net/minecraft/class_9101
CLASS	net/minecraft/network/protocol/status/ClientStatusPacketListener	net/minecraft/class_2921
CLASS	net/minecraft/network/protocol/status/ClientboundStatusResponsePacket	net/minecraft/class_2924
CLASS	net/minecraft/network/protocol/status/ServerStatus	net/minecraft/class_2926
CLASS	net/minecraft/network/protocol/status/ServerStatus$Favicon	net/minecraft/class_2926$class_8145
CLASS	net/minecraft/network/protocol/status/ServerStatus$Players	net/minecraft/class_2926$class_2927
CLASS	net/minecraft/network/protocol/status/ServerStatus$Version	net/minecraft/class_2926$class_2930
CLASS	net/minecraft/network/protocol/status/ServerStatusPacketListener	net/minecraft/class_2933
CLASS	net/minecraft/network/protocol/status/ServerboundStatusRequestPacket	net/minecraft/class_2937
CLASS	net/minecraft/network/protocol/status/StatusPacketTypes	net/minecraft/class_9102
CLASS	net/minecraft/network/protocol/status/StatusProtocols	net/minecraft/class_9103
CLASS	net/minecraft/network/protocol/status/package-info	net/minecraft/class_6318
CLASS	net/minecraft/network/syncher/EntityDataAccessor	net/minecraft/class_2940
CLASS	net/minecraft/network/syncher/EntityDataSerializer	net/minecraft/class_2941
CLASS	net/minecraft/network/syncher/EntityDataSerializer$ForValueType	net/minecraft/class_2941$class_7394
CLASS	net/minecraft/network/syncher/EntityDataSerializers	net/minecraft/class_2943
CLASS	net/minecraft/network/syncher/EntityDataSerializers$1	net/minecraft/class_2943$1
CLASS	net/minecraft/network/syncher/EntityDataSerializers$2	net/minecraft/class_2943$2
CLASS	net/minecraft/network/syncher/EntityDataSerializers$3	net/minecraft/class_2943$3
CLASS	net/minecraft/network/syncher/SyncedDataHolder	net/minecraft/class_9221
CLASS	net/minecraft/network/syncher/SynchedEntityData	net/minecraft/class_2945
CLASS	net/minecraft/network/syncher/SynchedEntityData$Builder	net/minecraft/class_2945$class_9222
CLASS	net/minecraft/network/syncher/SynchedEntityData$DataItem	net/minecraft/class_2945$class_2946
CLASS	net/minecraft/network/syncher/SynchedEntityData$DataValue	net/minecraft/class_2945$class_7834
CLASS	net/minecraft/network/syncher/package-info	net/minecraft/class_6320
CLASS	net/minecraft/obfuscate/package-info	net/minecraft/class_6321
CLASS	net/minecraft/package-info	net/minecraft/class_6322
CLASS	net/minecraft/realms/RealmsConnect	net/minecraft/class_4902
CLASS	net/minecraft/realms/RealmsConnect$1	net/minecraft/class_4902$1
CLASS	net/minecraft/realms/RealmsLabel	net/minecraft/class_4903
CLASS	net/minecraft/realms/RealmsScreen	net/minecraft/class_4905
CLASS	net/minecraft/realms/RepeatedNarrator	net/minecraft/class_4907
CLASS	net/minecraft/realms/RepeatedNarrator$Params	net/minecraft/class_4907$class_4908
CLASS	net/minecraft/realms/package-info	net/minecraft/class_6276
CLASS	net/minecraft/recipebook/PlaceRecipeHelper	net/minecraft/class_9838
CLASS	net/minecraft/recipebook/PlaceRecipeHelper$Output	net/minecraft/class_9838$class_9839
CLASS	net/minecraft/recipebook/ServerPlaceRecipe	net/minecraft/class_2955
CLASS	net/minecraft/recipebook/ServerPlaceRecipe$CraftingMenuAccess	net/minecraft/class_2955$class_9840
CLASS	net/minecraft/recipebook/package-info	net/minecraft/class_6323
CLASS	net/minecraft/references/Blocks	net/minecraft/class_8803
CLASS	net/minecraft/references/Items	net/minecraft/class_8804
CLASS	net/minecraft/references/package-info	net/minecraft/class_10118
CLASS	net/minecraft/resources/DelegatingOps	net/minecraft/class_5379
CLASS	net/minecraft/resources/DelegatingOps$DelegateListBuilder	net/minecraft/class_5379$class_10920
CLASS	net/minecraft/resources/DelegatingOps$DelegateRecordBuilder	net/minecraft/class_5379$class_10921
CLASS	net/minecraft/resources/DependantName	net/minecraft/class_10162
CLASS	net/minecraft/resources/FileToIdConverter	net/minecraft/class_7654
CLASS	net/minecraft/resources/HolderSetCodec	net/minecraft/class_6898
CLASS	net/minecraft/resources/Identifier	net/minecraft/class_2960
CLASS	net/minecraft/resources/RegistryDataLoader	net/minecraft/class_7655
CLASS	net/minecraft/resources/RegistryDataLoader$1	net/minecraft/class_7655$1
CLASS	net/minecraft/resources/RegistryDataLoader$Loader	net/minecraft/class_7655$class_9158
CLASS	net/minecraft/resources/RegistryDataLoader$LoadingFunction	net/minecraft/class_7655$class_7656
CLASS	net/minecraft/resources/RegistryDataLoader$NetworkedRegistryData	net/minecraft/class_7655$class_9841
CLASS	net/minecraft/resources/RegistryDataLoader$RegistryData	net/minecraft/class_7655$class_7657
CLASS	net/minecraft/resources/RegistryFileCodec	net/minecraft/class_5381
CLASS	net/minecraft/resources/RegistryFixedCodec	net/minecraft/class_6899
CLASS	net/minecraft/resources/RegistryOps	net/minecraft/class_6903
CLASS	net/minecraft/resources/RegistryOps$HolderLookupAdapter	net/minecraft/class_6903$class_9683
CLASS	net/minecraft/resources/RegistryOps$RegistryInfo	net/minecraft/class_6903$class_7862
CLASS	net/minecraft/resources/RegistryOps$RegistryInfoLookup	net/minecraft/class_6903$class_7863
CLASS	net/minecraft/resources/ResourceKey	net/minecraft/class_5321
CLASS	net/minecraft/resources/ResourceKey$InternKey	net/minecraft/class_5321$class_7892
CLASS	net/minecraft/resources/package-info	net/minecraft/class_6324
CLASS	net/minecraft/server/Bootstrap	net/minecraft/class_2966
CLASS	net/minecraft/server/Bootstrap$1	net/minecraft/class_2966$1
CLASS	net/minecraft/server/ChainedJsonException	net/minecraft/class_2973
CLASS	net/minecraft/server/ChainedJsonException$Entry	net/minecraft/class_2973$class_2974
CLASS	net/minecraft/server/ConsoleInput	net/minecraft/class_2976
CLASS	net/minecraft/server/DebugLoggedPrintStream	net/minecraft/class_2980
CLASS	net/minecraft/server/Eula	net/minecraft/class_2981
CLASS	net/minecraft/server/LoggedPrintStream	net/minecraft/class_2983
CLASS	net/minecraft/server/PlayerAdvancements	net/minecraft/class_2985
CLASS	net/minecraft/server/PlayerAdvancements$Data	net/minecraft/class_2985$class_8780
CLASS	net/minecraft/server/RegistryLayer	net/minecraft/class_7659
CLASS	net/minecraft/server/ReloadableServerRegistries	net/minecraft/class_9383
CLASS	net/minecraft/server/ReloadableServerRegistries$Holder	net/minecraft/class_9383$class_9385
CLASS	net/minecraft/server/ReloadableServerRegistries$LoadResult	net/minecraft/class_9383$class_9842
CLASS	net/minecraft/server/ReloadableServerResources	net/minecraft/class_5350
CLASS	net/minecraft/server/RunningOnDifferentThreadException	net/minecraft/class_2987
CLASS	net/minecraft/server/ServerAdvancementManager	net/minecraft/class_2989
CLASS	net/minecraft/server/ServerFunctionLibrary	net/minecraft/class_5349
CLASS	net/minecraft/server/ServerFunctionManager	net/minecraft/class_2991
CLASS	net/minecraft/server/ServerInfo	net/minecraft/class_8599
CLASS	net/minecraft/server/ServerInterface	net/minecraft/class_2994
CLASS	net/minecraft/server/ServerLinks	net/minecraft/class_9782
CLASS	net/minecraft/server/ServerLinks$Entry	net/minecraft/class_9782$class_9783
CLASS	net/minecraft/server/ServerLinks$KnownLinkType	net/minecraft/class_9782$class_9784
CLASS	net/minecraft/server/ServerLinks$UntrustedEntry	net/minecraft/class_9782$class_9816
CLASS	net/minecraft/server/ServerScoreboard	net/minecraft/class_2995
CLASS	net/minecraft/server/ServerTickRateManager	net/minecraft/class_8915
CLASS	net/minecraft/server/Services	net/minecraft/class_7497
CLASS	net/minecraft/server/SuppressedExceptionCollector	net/minecraft/class_9843
CLASS	net/minecraft/server/SuppressedExceptionCollector$LongEntry	net/minecraft/class_9843$class_9844
CLASS	net/minecraft/server/SuppressedExceptionCollector$ShortEntry	net/minecraft/class_9843$class_9845
CLASS	net/minecraft/server/TickTask	net/minecraft/class_3738
CLASS	net/minecraft/server/WorldLoader	net/minecraft/class_7237
CLASS	net/minecraft/server/WorldLoader$DataLoadContext	net/minecraft/class_7237$class_7660
CLASS	net/minecraft/server/WorldLoader$DataLoadOutput	net/minecraft/class_7237$class_7661
CLASS	net/minecraft/server/WorldLoader$InitConfig	net/minecraft/class_7237$class_6906
CLASS	net/minecraft/server/WorldLoader$PackConfig	net/minecraft/class_7237$class_7238
CLASS	net/minecraft/server/WorldLoader$ResultFactory	net/minecraft/class_7237$class_7239
CLASS	net/minecraft/server/WorldLoader$WorldDataSupplier	net/minecraft/class_7237$class_6907
CLASS	net/minecraft/server/WorldStem	net/minecraft/class_6904
CLASS	net/minecraft/server/advancements/AdvancementVisibilityEvaluator	net/minecraft/class_8005
CLASS	net/minecraft/server/advancements/AdvancementVisibilityEvaluator$Output	net/minecraft/class_8005$class_8006
CLASS	net/minecraft/server/advancements/AdvancementVisibilityEvaluator$VisibilityRule	net/minecraft/class_8005$class_8007
CLASS	net/minecraft/server/advancements/package-info	net/minecraft/class_8008
CLASS	net/minecraft/server/bossevents/CustomBossEvent	net/minecraft/class_3002
CLASS	net/minecraft/server/bossevents/CustomBossEvent$Packed	net/minecraft/class_3002$class_10765
CLASS	net/minecraft/server/bossevents/CustomBossEvents	net/minecraft/class_3004
CLASS	net/minecraft/server/bossevents/package-info	net/minecraft/class_6325
CLASS	net/minecraft/server/chase/ChaseClient	net/minecraft/class_6630
CLASS	net/minecraft/server/chase/ChaseClient$TeleportTarget	net/minecraft/class_6630$class_6631
CLASS	net/minecraft/server/chase/ChaseServer	net/minecraft/class_6632
CLASS	net/minecraft/server/chase/ChaseServer$PlayerPosition	net/minecraft/class_6632$class_6668
CLASS	net/minecraft/server/chase/package-info	net/minecraft/class_6633
CLASS	net/minecraft/server/commands/AdvancementCommands	net/minecraft/class_3008
CLASS	net/minecraft/server/commands/AdvancementCommands$Action	net/minecraft/class_3008$class_3009
CLASS	net/minecraft/server/commands/AdvancementCommands$Action$1	net/minecraft/class_3008$class_3009$1
CLASS	net/minecraft/server/commands/AdvancementCommands$Action$2	net/minecraft/class_3008$class_3009$2
CLASS	net/minecraft/server/commands/AdvancementCommands$Mode	net/minecraft/class_3008$class_3010
CLASS	net/minecraft/server/commands/AttributeCommand	net/minecraft/class_5252
CLASS	net/minecraft/server/commands/BanIpCommands	net/minecraft/class_3012
CLASS	net/minecraft/server/commands/BanListCommands	net/minecraft/class_3014
CLASS	net/minecraft/server/commands/BanPlayerCommands	net/minecraft/class_3016
CLASS	net/minecraft/server/commands/BossBarCommands	net/minecraft/class_3019
CLASS	net/minecraft/server/commands/ChaseCommand	net/minecraft/class_6634
CLASS	net/minecraft/server/commands/ClearInventoryCommands	net/minecraft/class_3020
CLASS	net/minecraft/server/commands/CloneCommands	net/minecraft/class_3023
CLASS	net/minecraft/server/commands/CloneCommands$CloneBlockEntityInfo	net/minecraft/class_3023$class_9450
CLASS	net/minecraft/server/commands/CloneCommands$CloneBlockInfo	net/minecraft/class_3023$class_3024
CLASS	net/minecraft/server/commands/CloneCommands$DimensionAndPosition	net/minecraft/class_3023$class_8010
CLASS	net/minecraft/server/commands/CloneCommands$Mode	net/minecraft/class_3023$class_3025
CLASS	net/minecraft/server/commands/DamageCommand	net/minecraft/class_8102
CLASS	net/minecraft/server/commands/DataPackCommand	net/minecraft/class_3027
CLASS	net/minecraft/server/commands/DataPackCommand$Inserter	net/minecraft/class_3027$class_3028
CLASS	net/minecraft/server/commands/DeOpCommands	net/minecraft/class_3030
CLASS	net/minecraft/server/commands/DebugCommand	net/minecraft/class_3032
CLASS	net/minecraft/server/commands/DebugCommand$TraceCustomExecutor	net/minecraft/class_3032$class_8829
CLASS	net/minecraft/server/commands/DebugCommand$TraceCustomExecutor$1	net/minecraft/class_3032$class_8829$1
CLASS	net/minecraft/server/commands/DebugCommand$Tracer	net/minecraft/class_3032$class_6347
CLASS	net/minecraft/server/commands/DebugConfigCommand	net/minecraft/class_8600
CLASS	net/minecraft/server/commands/DebugMobSpawningCommand	net/minecraft/class_6326
CLASS	net/minecraft/server/commands/DebugPathCommand	net/minecraft/class_6327
CLASS	net/minecraft/server/commands/DefaultGameModeCommands	net/minecraft/class_3035
CLASS	net/minecraft/server/commands/DialogCommand	net/minecraft/class_11412
CLASS	net/minecraft/server/commands/DifficultyCommand	net/minecraft/class_3036
CLASS	net/minecraft/server/commands/EffectCommands	net/minecraft/class_3043
CLASS	net/minecraft/server/commands/EmoteCommands	net/minecraft/class_3045
CLASS	net/minecraft/server/commands/EnchantCommand	net/minecraft/class_3048
CLASS	net/minecraft/server/commands/ExecuteCommand	net/minecraft/class_3050
CLASS	net/minecraft/server/commands/ExecuteCommand$CommandNumericPredicate	net/minecraft/class_3050$class_3051
CLASS	net/minecraft/server/commands/ExecuteCommand$CommandPredicate	net/minecraft/class_3050$class_3052
CLASS	net/minecraft/server/commands/ExecuteCommand$ExecuteIfFunctionCustomModifier	net/minecraft/class_3050$class_8831
CLASS	net/minecraft/server/commands/ExecuteCommand$IntBiPredicate	net/minecraft/class_3050$class_9007
CLASS	net/minecraft/server/commands/ExperienceCommand	net/minecraft/class_3054
CLASS	net/minecraft/server/commands/ExperienceCommand$Type	net/minecraft/class_3054$class_3055
CLASS	net/minecraft/server/commands/FetchProfileCommand	net/minecraft/class_11753
CLASS	net/minecraft/server/commands/FillBiomeCommand	net/minecraft/class_7926
CLASS	net/minecraft/server/commands/FillCommand	net/minecraft/class_3057
CLASS	net/minecraft/server/commands/FillCommand$1UpdatedPosition	net/minecraft/class_3057$class_11176
CLASS	net/minecraft/server/commands/FillCommand$Affector	net/minecraft/class_3057$class_10555
CLASS	net/minecraft/server/commands/FillCommand$Filter	net/minecraft/class_3057$class_3120
CLASS	net/minecraft/server/commands/FillCommand$Mode	net/minecraft/class_3057$class_3058
CLASS	net/minecraft/server/commands/FillCommand$NullableCommandFunction	net/minecraft/class_3057$class_10557
CLASS	net/minecraft/server/commands/ForceLoadCommand	net/minecraft/class_3060
CLASS	net/minecraft/server/commands/FunctionCommand	net/minecraft/class_3062
CLASS	net/minecraft/server/commands/FunctionCommand$1	net/minecraft/class_3062$1
CLASS	net/minecraft/server/commands/FunctionCommand$1Accumulator	net/minecraft/class_3062$class_8932
CLASS	net/minecraft/server/commands/FunctionCommand$2	net/minecraft/class_3062$2
CLASS	net/minecraft/server/commands/FunctionCommand$3	net/minecraft/class_3062$3
CLASS	net/minecraft/server/commands/FunctionCommand$4	net/minecraft/class_3062$4
CLASS	net/minecraft/server/commands/FunctionCommand$5	net/minecraft/class_3062$5
CLASS	net/minecraft/server/commands/FunctionCommand$Callbacks	net/minecraft/class_3062$class_8832
CLASS	net/minecraft/server/commands/FunctionCommand$FunctionCustomExecutor	net/minecraft/class_3062$class_8833
CLASS	net/minecraft/server/commands/GameModeCommand	net/minecraft/class_3064
CLASS	net/minecraft/server/commands/GameRuleCommand	net/minecraft/class_3065
CLASS	net/minecraft/server/commands/GameRuleCommand$1	net/minecraft/class_3065$1
CLASS	net/minecraft/server/commands/GiveCommand	net/minecraft/class_3068
CLASS	net/minecraft/server/commands/HelpCommand	net/minecraft/class_3069
CLASS	net/minecraft/server/commands/InCommandFunction	net/minecraft/class_10618
CLASS	net/minecraft/server/commands/ItemCommands	net/minecraft/class_5687
CLASS	net/minecraft/server/commands/JfrCommand	net/minecraft/class_6607
CLASS	net/minecraft/server/commands/KickCommand	net/minecraft/class_3073
CLASS	net/minecraft/server/commands/KillCommand	net/minecraft/class_3075
CLASS	net/minecraft/server/commands/ListPlayersCommand	net/minecraft/class_3078
CLASS	net/minecraft/server/commands/LocateCommand	net/minecraft/class_3079
CLASS	net/minecraft/server/commands/LookAt	net/minecraft/class_3144
CLASS	net/minecraft/server/commands/LookAt$LookAtEntity	net/minecraft/class_3144$class_9251
CLASS	net/minecraft/server/commands/LookAt$LookAtPosition	net/minecraft/class_3144$class_9252
CLASS	net/minecraft/server/commands/LootCommand	net/minecraft/class_3039
CLASS	net/minecraft/server/commands/LootCommand$Callback	net/minecraft/class_3039$class_3040
CLASS	net/minecraft/server/commands/LootCommand$DropConsumer	net/minecraft/class_3039$class_3041
CLASS	net/minecraft/server/commands/LootCommand$TailProvider	net/minecraft/class_3039$class_3042
CLASS	net/minecraft/server/commands/MsgCommand	net/minecraft/class_3082
CLASS	net/minecraft/server/commands/OpCommand	net/minecraft/class_3083
CLASS	net/minecraft/server/commands/PardonCommand	net/minecraft/class_3086
CLASS	net/minecraft/server/commands/PardonIpCommand	net/minecraft/class_3088
CLASS	net/minecraft/server/commands/ParticleCommand	net/minecraft/class_3089
CLASS	net/minecraft/server/commands/PerfCommand	net/minecraft/class_6413
CLASS	net/minecraft/server/commands/PlaceCommand	net/minecraft/class_6852
CLASS	net/minecraft/server/commands/PlaySoundCommand	net/minecraft/class_3091
CLASS	net/minecraft/server/commands/PublishCommand	net/minecraft/class_3093
CLASS	net/minecraft/server/commands/RaidCommand	net/minecraft/class_6329
CLASS	net/minecraft/server/commands/RandomCommand	net/minecraft/class_8602
CLASS	net/minecraft/server/commands/RecipeCommand	net/minecraft/class_3095
CLASS	net/minecraft/server/commands/ReloadCommand	net/minecraft/class_3097
CLASS	net/minecraft/server/commands/ReturnCommand	net/minecraft/class_8503
CLASS	net/minecraft/server/commands/ReturnCommand$ReturnFailCustomExecutor	net/minecraft/class_8503$class_8933
CLASS	net/minecraft/server/commands/ReturnCommand$ReturnFromCommandCustomModifier	net/minecraft/class_8503$class_8834
CLASS	net/minecraft/server/commands/ReturnCommand$ReturnValueCustomExecutor	net/minecraft/class_8503$class_8835
CLASS	net/minecraft/server/commands/RideCommand	net/minecraft/class_8011
CLASS	net/minecraft/server/commands/RotateCommand	net/minecraft/class_10270
CLASS	net/minecraft/server/commands/SaveAllCommand	net/minecraft/class_3104
CLASS	net/minecraft/server/commands/SaveOffCommand	net/minecraft/class_3106
CLASS	net/minecraft/server/commands/SaveOnCommand	net/minecraft/class_3107
CLASS	net/minecraft/server/commands/SayCommand	net/minecraft/class_3110
CLASS	net/minecraft/server/commands/ScheduleCommand	net/minecraft/class_3112
CLASS	net/minecraft/server/commands/ScoreboardCommand	net/minecraft/class_3115
CLASS	net/minecraft/server/commands/ScoreboardCommand$NumberFormatCommandExecutor	net/minecraft/class_3115$class_9008
CLASS	net/minecraft/server/commands/SeedCommand	net/minecraft/class_3118
CLASS	net/minecraft/server/commands/ServerPackCommand	net/minecraft/class_9027
CLASS	net/minecraft/server/commands/SetBlockCommand	net/minecraft/class_3119
CLASS	net/minecraft/server/commands/SetBlockCommand$Mode	net/minecraft/class_3119$class_3121
CLASS	net/minecraft/server/commands/SetPlayerIdleTimeoutCommand	net/minecraft/class_3123
CLASS	net/minecraft/server/commands/SetSpawnCommand	net/minecraft/class_3127
CLASS	net/minecraft/server/commands/SetWorldSpawnCommand	net/minecraft/class_3128
CLASS	net/minecraft/server/commands/SpawnArmorTrimsCommand	net/minecraft/class_8044
CLASS	net/minecraft/server/commands/SpectateCommand	net/minecraft/class_4694
CLASS	net/minecraft/server/commands/SpreadPlayersCommand	net/minecraft/class_3131
CLASS	net/minecraft/server/commands/SpreadPlayersCommand$Position	net/minecraft/class_3131$class_3132
CLASS	net/minecraft/server/commands/StopCommand	net/minecraft/class_3134
CLASS	net/minecraft/server/commands/StopSoundCommand	net/minecraft/class_3136
CLASS	net/minecraft/server/commands/StopwatchCommand	net/minecraft/class_12083
CLASS	net/minecraft/server/commands/SummonCommand	net/minecraft/class_3138
CLASS	net/minecraft/server/commands/TagCommand	net/minecraft/class_3140
CLASS	net/minecraft/server/commands/TeamCommand	net/minecraft/class_3142
CLASS	net/minecraft/server/commands/TeamMsgCommand	net/minecraft/class_3945
CLASS	net/minecraft/server/commands/TeleportCommand	net/minecraft/class_3143
CLASS	net/minecraft/server/commands/TellRawCommand	net/minecraft/class_3146
CLASS	net/minecraft/server/commands/TickCommand	net/minecraft/class_8916
CLASS	net/minecraft/server/commands/TimeCommand	net/minecraft/class_3149
CLASS	net/minecraft/server/commands/TitleCommand	net/minecraft/class_3151
CLASS	net/minecraft/server/commands/TransferCommand	net/minecraft/class_9159
CLASS	net/minecraft/server/commands/TriggerCommand	net/minecraft/class_3153
CLASS	net/minecraft/server/commands/VersionCommand	net/minecraft/class_11177
CLASS	net/minecraft/server/commands/WardenSpawnTrackerCommand	net/minecraft/class_7240
CLASS	net/minecraft/server/commands/WaypointCommand	net/minecraft/class_11178
CLASS	net/minecraft/server/commands/WeatherCommand	net/minecraft/class_3155
CLASS	net/minecraft/server/commands/WhitelistCommand	net/minecraft/class_3156
CLASS	net/minecraft/server/commands/WorldBorderCommand	net/minecraft/class_3158
CLASS	net/minecraft/server/commands/data/BlockDataAccessor	net/minecraft/class_3161
CLASS	net/minecraft/server/commands/data/BlockDataAccessor$1	net/minecraft/class_3161$1
CLASS	net/minecraft/server/commands/data/DataAccessor	net/minecraft/class_3162
CLASS	net/minecraft/server/commands/data/DataCommands	net/minecraft/class_3164
CLASS	net/minecraft/server/commands/data/DataCommands$DataManipulator	net/minecraft/class_3164$class_3165
CLASS	net/minecraft/server/commands/data/DataCommands$DataManipulatorDecorator	net/minecraft/class_3164$class_3166
CLASS	net/minecraft/server/commands/data/DataCommands$DataProvider	net/minecraft/class_3164$class_3167
CLASS	net/minecraft/server/commands/data/DataCommands$StringProcessor	net/minecraft/class_3164$class_8569
CLASS	net/minecraft/server/commands/data/EntityDataAccessor	net/minecraft/class_3169
CLASS	net/minecraft/server/commands/data/EntityDataAccessor$1	net/minecraft/class_3169$1
CLASS	net/minecraft/server/commands/data/StorageDataAccessor	net/minecraft/class_4580
CLASS	net/minecraft/server/commands/data/StorageDataAccessor$1	net/minecraft/class_4580$1
CLASS	net/minecraft/server/commands/data/package-info	net/minecraft/class_5974
CLASS	net/minecraft/server/commands/package-info	net/minecraft/class_5975
CLASS	net/minecraft/server/dedicated/DedicatedPlayerList	net/minecraft/class_3174
CLASS	net/minecraft/server/dedicated/DedicatedServer	net/minecraft/class_3176
CLASS	net/minecraft/server/dedicated/DedicatedServer$1	net/minecraft/class_3176$1
CLASS	net/minecraft/server/dedicated/DedicatedServerProperties	net/minecraft/class_3806
CLASS	net/minecraft/server/dedicated/DedicatedServerProperties$WorldDimensionData	net/minecraft/class_3806$class_7044
CLASS	net/minecraft/server/dedicated/DedicatedServerSettings	net/minecraft/class_3807
CLASS	net/minecraft/server/dedicated/ServerWatchdog	net/minecraft/class_3178
CLASS	net/minecraft/server/dedicated/ServerWatchdog$1	net/minecraft/class_3178$1
CLASS	net/minecraft/server/dedicated/Settings	net/minecraft/class_3808
CLASS	net/minecraft/server/dedicated/Settings$MutableValue	net/minecraft/class_3808$class_3809
CLASS	net/minecraft/server/dedicated/package-info	net/minecraft/class_5976
CLASS	net/minecraft/server/dialog/ActionButton	net/minecraft/class_11519
CLASS	net/minecraft/server/dialog/ButtonListDialog	net/minecraft/class_11414
CLASS	net/minecraft/server/dialog/CommonButtonData	net/minecraft/class_11416
CLASS	net/minecraft/server/dialog/CommonDialogData	net/minecraft/class_11417
CLASS	net/minecraft/server/dialog/ConfirmationDialog	net/minecraft/class_11418
CLASS	net/minecraft/server/dialog/Dialog	net/minecraft/class_11419
CLASS	net/minecraft/server/dialog/DialogAction	net/minecraft/class_11520
CLASS	net/minecraft/server/dialog/DialogListDialog	net/minecraft/class_11420
CLASS	net/minecraft/server/dialog/DialogTypes	net/minecraft/class_11421
CLASS	net/minecraft/server/dialog/Dialogs	net/minecraft/class_11422
CLASS	net/minecraft/server/dialog/Input	net/minecraft/class_11424
CLASS	net/minecraft/server/dialog/MultiActionDialog	net/minecraft/class_11426
CLASS	net/minecraft/server/dialog/NoticeDialog	net/minecraft/class_11428
CLASS	net/minecraft/server/dialog/ServerLinksDialog	net/minecraft/class_11429
CLASS	net/minecraft/server/dialog/SimpleDialog	net/minecraft/class_11430
CLASS	net/minecraft/server/dialog/action/Action	net/minecraft/class_11521
CLASS	net/minecraft/server/dialog/action/Action$ValueGetter	net/minecraft/class_11521$class_11522
CLASS	net/minecraft/server/dialog/action/Action$ValueGetter$1	net/minecraft/class_11521$class_11522$1
CLASS	net/minecraft/server/dialog/action/Action$ValueGetter$2	net/minecraft/class_11521$class_11522$2
CLASS	net/minecraft/server/dialog/action/ActionTypes	net/minecraft/class_11523
CLASS	net/minecraft/server/dialog/action/CommandTemplate	net/minecraft/class_11447
CLASS	net/minecraft/server/dialog/action/CustomAll	net/minecraft/class_11524
CLASS	net/minecraft/server/dialog/action/ParsedTemplate	net/minecraft/class_11451
CLASS	net/minecraft/server/dialog/action/StaticAction	net/minecraft/class_11525
CLASS	net/minecraft/server/dialog/action/package-info	net/minecraft/class_11526
CLASS	net/minecraft/server/dialog/body/DialogBody	net/minecraft/class_11432
CLASS	net/minecraft/server/dialog/body/DialogBodyTypes	net/minecraft/class_11433
CLASS	net/minecraft/server/dialog/body/ItemBody	net/minecraft/class_11434
CLASS	net/minecraft/server/dialog/body/PlainMessage	net/minecraft/class_11435
CLASS	net/minecraft/server/dialog/body/package-info	net/minecraft/class_11436
CLASS	net/minecraft/server/dialog/input/BooleanInput	net/minecraft/class_11437
CLASS	net/minecraft/server/dialog/input/InputControl	net/minecraft/class_11438
CLASS	net/minecraft/server/dialog/input/InputControlTypes	net/minecraft/class_11439
CLASS	net/minecraft/server/dialog/input/NumberRangeInput	net/minecraft/class_11440
CLASS	net/minecraft/server/dialog/input/NumberRangeInput$RangeInfo	net/minecraft/class_11440$class_11441
CLASS	net/minecraft/server/dialog/input/SingleOptionInput	net/minecraft/class_11442
CLASS	net/minecraft/server/dialog/input/SingleOptionInput$Entry	net/minecraft/class_11442$class_11443
CLASS	net/minecraft/server/dialog/input/TextInput	net/minecraft/class_11444
CLASS	net/minecraft/server/dialog/input/TextInput$MultilineOptions	net/minecraft/class_11444$class_11508
CLASS	net/minecraft/server/dialog/input/package-info	net/minecraft/class_11445
CLASS	net/minecraft/server/dialog/package-info	net/minecraft/class_11446
CLASS	net/minecraft/server/gui/MinecraftServerGui	net/minecraft/class_3182
CLASS	net/minecraft/server/gui/MinecraftServerGui$1	net/minecraft/class_3182$1
CLASS	net/minecraft/server/gui/MinecraftServerGui$2	net/minecraft/class_3182$2
CLASS	net/minecraft/server/gui/PlayerListComponent	net/minecraft/class_3184
CLASS	net/minecraft/server/gui/StatsComponent	net/minecraft/class_3186
CLASS	net/minecraft/server/gui/package-info	net/minecraft/class_5977
CLASS	net/minecraft/server/jsonrpc/Connection	net/minecraft/class_11795
CLASS	net/minecraft/server/jsonrpc/IncomingRpcMethod	net/minecraft/class_11796
CLASS	net/minecraft/server/jsonrpc/IncomingRpcMethod$Attributes	net/minecraft/class_11796$class_12053
CLASS	net/minecraft/server/jsonrpc/IncomingRpcMethod$IncomingRpcMethodBuilder	net/minecraft/class_11796$class_11797
CLASS	net/minecraft/server/jsonrpc/IncomingRpcMethod$Method	net/minecraft/class_11796$class_11798
CLASS	net/minecraft/server/jsonrpc/IncomingRpcMethod$ParameterlessMethod	net/minecraft/class_11796$class_11799
CLASS	net/minecraft/server/jsonrpc/IncomingRpcMethod$ParameterlessRpcMethodFunction	net/minecraft/class_11796$class_11800
CLASS	net/minecraft/server/jsonrpc/IncomingRpcMethod$RpcMethodFunction	net/minecraft/class_11796$class_11801
CLASS	net/minecraft/server/jsonrpc/IncomingRpcMethods	net/minecraft/class_11802
CLASS	net/minecraft/server/jsonrpc/JsonRPCErrors	net/minecraft/class_11803
CLASS	net/minecraft/server/jsonrpc/JsonRPCUtils	net/minecraft/class_11804
CLASS	net/minecraft/server/jsonrpc/JsonRpcLogger	net/minecraft/class_11805
CLASS	net/minecraft/server/jsonrpc/JsonRpcNotificationService	net/minecraft/class_11806
CLASS	net/minecraft/server/jsonrpc/ManagementServer	net/minecraft/class_11807
CLASS	net/minecraft/server/jsonrpc/ManagementServer$1	net/minecraft/class_11807$1
CLASS	net/minecraft/server/jsonrpc/OutgoingRpcMethod	net/minecraft/class_11808
CLASS	net/minecraft/server/jsonrpc/OutgoingRpcMethod$Attributes	net/minecraft/class_11808$class_12055
CLASS	net/minecraft/server/jsonrpc/OutgoingRpcMethod$Factory	net/minecraft/class_11808$class_12056
CLASS	net/minecraft/server/jsonrpc/OutgoingRpcMethod$Method	net/minecraft/class_11808$class_11809
CLASS	net/minecraft/server/jsonrpc/OutgoingRpcMethod$Notification	net/minecraft/class_11808$class_11810
CLASS	net/minecraft/server/jsonrpc/OutgoingRpcMethod$OutgoingRpcMethodBuilder	net/minecraft/class_11808$class_11811
CLASS	net/minecraft/server/jsonrpc/OutgoingRpcMethod$ParameterlessMethod	net/minecraft/class_11808$class_11812
CLASS	net/minecraft/server/jsonrpc/OutgoingRpcMethod$ParmeterlessNotification	net/minecraft/class_11808$class_11813
CLASS	net/minecraft/server/jsonrpc/OutgoingRpcMethods	net/minecraft/class_11814
CLASS	net/minecraft/server/jsonrpc/PendingRpcRequest	net/minecraft/class_11815
CLASS	net/minecraft/server/jsonrpc/api/MethodInfo	net/minecraft/class_11817
CLASS	net/minecraft/server/jsonrpc/api/MethodInfo$Named	net/minecraft/class_11817$class_12057
CLASS	net/minecraft/server/jsonrpc/api/ParamInfo	net/minecraft/class_11818
CLASS	net/minecraft/server/jsonrpc/api/PlayerDto	net/minecraft/class_11819
CLASS	net/minecraft/server/jsonrpc/api/ReferenceUtil	net/minecraft/class_12058
CLASS	net/minecraft/server/jsonrpc/api/ResultInfo	net/minecraft/class_11820
CLASS	net/minecraft/server/jsonrpc/api/Schema	net/minecraft/class_11821
CLASS	net/minecraft/server/jsonrpc/api/SchemaComponent	net/minecraft/class_11822
CLASS	net/minecraft/server/jsonrpc/api/package-info	net/minecraft/class_11824
CLASS	net/minecraft/server/jsonrpc/dataprovider/JsonRpcApiSchema	net/minecraft/class_11825
CLASS	net/minecraft/server/jsonrpc/dataprovider/package-info	net/minecraft/class_12059
CLASS	net/minecraft/server/jsonrpc/internalapi/MinecraftAllowListService	net/minecraft/class_11826
CLASS	net/minecraft/server/jsonrpc/internalapi/MinecraftAllowListServiceImpl	net/minecraft/class_11988
CLASS	net/minecraft/server/jsonrpc/internalapi/MinecraftApi	net/minecraft/class_11827
CLASS	net/minecraft/server/jsonrpc/internalapi/MinecraftBanListService	net/minecraft/class_11828
CLASS	net/minecraft/server/jsonrpc/internalapi/MinecraftBanListServiceImpl	net/minecraft/class_11990
CLASS	net/minecraft/server/jsonrpc/internalapi/MinecraftExecutorService	net/minecraft/class_11991
CLASS	net/minecraft/server/jsonrpc/internalapi/MinecraftExecutorServiceImpl	net/minecraft/class_11992
CLASS	net/minecraft/server/jsonrpc/internalapi/MinecraftGameRuleService	net/minecraft/class_11829
CLASS	net/minecraft/server/jsonrpc/internalapi/MinecraftGameRuleServiceImpl	net/minecraft/class_11993
CLASS	net/minecraft/server/jsonrpc/internalapi/MinecraftOperatorListService	net/minecraft/class_11830
CLASS	net/minecraft/server/jsonrpc/internalapi/MinecraftOperatorListServiceImpl	net/minecraft/class_11994
CLASS	net/minecraft/server/jsonrpc/internalapi/MinecraftPlayerListService	net/minecraft/class_11831
CLASS	net/minecraft/server/jsonrpc/internalapi/MinecraftPlayerListServiceImpl	net/minecraft/class_11995
CLASS	net/minecraft/server/jsonrpc/internalapi/MinecraftServerSettingsService	net/minecraft/class_11832
CLASS	net/minecraft/server/jsonrpc/internalapi/MinecraftServerSettingsServiceImpl	net/minecraft/class_11996
CLASS	net/minecraft/server/jsonrpc/internalapi/MinecraftServerStateService	net/minecraft/class_11833
CLASS	net/minecraft/server/jsonrpc/internalapi/MinecraftServerStateServiceImpl	net/minecraft/class_11997
CLASS	net/minecraft/server/jsonrpc/internalapi/package-info	net/minecraft/class_12060
CLASS	net/minecraft/server/jsonrpc/methods/AllowlistService	net/minecraft/class_11834
CLASS	net/minecraft/server/jsonrpc/methods/BanlistService	net/minecraft/class_11835
CLASS	net/minecraft/server/jsonrpc/methods/BanlistService$UserBan	net/minecraft/class_11835$class_11836
CLASS	net/minecraft/server/jsonrpc/methods/BanlistService$UserBanDto	net/minecraft/class_11835$class_11837
CLASS	net/minecraft/server/jsonrpc/methods/ClientInfo	net/minecraft/class_11838
CLASS	net/minecraft/server/jsonrpc/methods/DiscoveryService	net/minecraft/class_11839
CLASS	net/minecraft/server/jsonrpc/methods/DiscoveryService$DiscoverComponents	net/minecraft/class_11839$class_11840
CLASS	net/minecraft/server/jsonrpc/methods/DiscoveryService$DiscoverInfo	net/minecraft/class_11839$class_11841
CLASS	net/minecraft/server/jsonrpc/methods/DiscoveryService$DiscoverResponse	net/minecraft/class_11839$class_11842
CLASS	net/minecraft/server/jsonrpc/methods/EncodeJsonRpcException	net/minecraft/class_11843
CLASS	net/minecraft/server/jsonrpc/methods/GameRulesService	net/minecraft/class_11844
CLASS	net/minecraft/server/jsonrpc/methods/GameRulesService$GameRuleUpdate	net/minecraft/class_11844$class_12254
CLASS	net/minecraft/server/jsonrpc/methods/InvalidParameterJsonRpcException	net/minecraft/class_11848
CLASS	net/minecraft/server/jsonrpc/methods/InvalidRequestJsonRpcException	net/minecraft/class_11998
CLASS	net/minecraft/server/jsonrpc/methods/IpBanlistService	net/minecraft/class_11849
CLASS	net/minecraft/server/jsonrpc/methods/IpBanlistService$IncomingIpBanDto	net/minecraft/class_11849$class_11850
CLASS	net/minecraft/server/jsonrpc/methods/IpBanlistService$IpBan	net/minecraft/class_11849$class_11851
CLASS	net/minecraft/server/jsonrpc/methods/IpBanlistService$IpBanDto	net/minecraft/class_11849$class_11852
CLASS	net/minecraft/server/jsonrpc/methods/Message	net/minecraft/class_11853
CLASS	net/minecraft/server/jsonrpc/methods/MethodNotFoundJsonRpcException	net/minecraft/class_11999
CLASS	net/minecraft/server/jsonrpc/methods/OperatorService	net/minecraft/class_11854
CLASS	net/minecraft/server/jsonrpc/methods/OperatorService$Op	net/minecraft/class_11854$class_11855
CLASS	net/minecraft/server/jsonrpc/methods/OperatorService$OperatorDto	net/minecraft/class_11854$class_11856
CLASS	net/minecraft/server/jsonrpc/methods/PlayerService	net/minecraft/class_11857
CLASS	net/minecraft/server/jsonrpc/methods/PlayerService$KickDto	net/minecraft/class_11857$class_11858
CLASS	net/minecraft/server/jsonrpc/methods/RemoteRpcErrorException	net/minecraft/class_11859
CLASS	net/minecraft/server/jsonrpc/methods/ServerSettingsService	net/minecraft/class_11860
CLASS	net/minecraft/server/jsonrpc/methods/ServerStateService	net/minecraft/class_11861
CLASS	net/minecraft/server/jsonrpc/methods/ServerStateService$ServerState	net/minecraft/class_11861$class_11862
CLASS	net/minecraft/server/jsonrpc/methods/ServerStateService$SystemMessage	net/minecraft/class_11861$class_11863
CLASS	net/minecraft/server/jsonrpc/methods/package-info	net/minecraft/class_11864
CLASS	net/minecraft/server/jsonrpc/package-info	net/minecraft/class_11865
CLASS	net/minecraft/server/jsonrpc/security/AuthenticationHandler	net/minecraft/class_12000
CLASS	net/minecraft/server/jsonrpc/security/AuthenticationHandler$SecurityCheckResult	net/minecraft/class_12000$class_12001
CLASS	net/minecraft/server/jsonrpc/security/JsonRpcSslContextProvider	net/minecraft/class_12002
CLASS	net/minecraft/server/jsonrpc/security/SecurityConfig	net/minecraft/class_12003
CLASS	net/minecraft/server/jsonrpc/security/package-info	net/minecraft/class_12061
CLASS	net/minecraft/server/jsonrpc/websocket/JsonToWebSocketEncoder	net/minecraft/class_11866
CLASS	net/minecraft/server/jsonrpc/websocket/WebSocketToJsonCodec	net/minecraft/class_11867
CLASS	net/minecraft/server/jsonrpc/websocket/package-info	net/minecraft/class_11868
CLASS	net/minecraft/server/level/BlockDestructionProgress	net/minecraft/class_3191
CLASS	net/minecraft/server/level/ChunkGenerationTask	net/minecraft/class_9759
CLASS	net/minecraft/server/level/ChunkHolder	net/minecraft/class_3193
CLASS	net/minecraft/server/level/ChunkHolder$LevelChangeListener	net/minecraft/class_3193$class_3896
CLASS	net/minecraft/server/level/ChunkHolder$PlayerProvider	net/minecraft/class_3193$class_3897
CLASS	net/minecraft/server/level/ChunkLevel	net/minecraft/class_8563
CLASS	net/minecraft/server/level/ChunkLevel$1	net/minecraft/class_8563$1
CLASS	net/minecraft/server/level/ChunkLoadCounter	net/minecraft/class_11542
CLASS	net/minecraft/server/level/ChunkMap	net/minecraft/class_3898
CLASS	net/minecraft/server/level/ChunkMap$DistanceManager	net/minecraft/class_3898$class_3216
CLASS	net/minecraft/server/level/ChunkMap$TrackedEntity	net/minecraft/class_3898$class_3208
CLASS	net/minecraft/server/level/ChunkResult	net/minecraft/class_9259
CLASS	net/minecraft/server/level/ChunkResult$Fail	net/minecraft/class_9259$class_9260
CLASS	net/minecraft/server/level/ChunkResult$Success	net/minecraft/class_9259$class_9261
CLASS	net/minecraft/server/level/ChunkTaskDispatcher	net/minecraft/class_10171
CLASS	net/minecraft/server/level/ChunkTaskPriorityQueue	net/minecraft/class_3899
CLASS	net/minecraft/server/level/ChunkTaskPriorityQueue$TasksForChunk	net/minecraft/class_3899$class_10172
CLASS	net/minecraft/server/level/ChunkTracker	net/minecraft/class_3196
CLASS	net/minecraft/server/level/ChunkTrackingView	net/minecraft/class_8603
CLASS	net/minecraft/server/level/ChunkTrackingView$1	net/minecraft/class_8603$1
CLASS	net/minecraft/server/level/ChunkTrackingView$Positioned	net/minecraft/class_8603$class_8604
CLASS	net/minecraft/server/level/ClientInformation	net/minecraft/class_8791
CLASS	net/minecraft/server/level/ColumnPos	net/minecraft/class_2265
CLASS	net/minecraft/server/level/DemoMode	net/minecraft/class_3201
CLASS	net/minecraft/server/level/DistanceManager	net/minecraft/class_3204
CLASS	net/minecraft/server/level/DistanceManager$FixedPlayerDistanceChunkTracker	net/minecraft/class_3204$class_3205
CLASS	net/minecraft/server/level/DistanceManager$PlayerTicketTracker	net/minecraft/class_3204$class_3948
CLASS	net/minecraft/server/level/FullChunkStatus	net/minecraft/class_3194
CLASS	net/minecraft/server/level/GeneratingChunkMap	net/minecraft/class_9760
CLASS	net/minecraft/server/level/GenerationChunkHolder	net/minecraft/class_9761
CLASS	net/minecraft/server/level/LoadingChunkTracker	net/minecraft/class_4077
CLASS	net/minecraft/server/level/ParticleStatus	net/minecraft/class_4066
CLASS	net/minecraft/server/level/PlayerMap	net/minecraft/class_3210
CLASS	net/minecraft/server/level/PlayerSpawnFinder	net/minecraft/class_5322
CLASS	net/minecraft/server/level/SectionTracker	net/minecraft/class_4079
CLASS	net/minecraft/server/level/ServerBossEvent	net/minecraft/class_3213
CLASS	net/minecraft/server/level/ServerChunkCache	net/minecraft/class_3215
CLASS	net/minecraft/server/level/ServerChunkCache$MainThreadExecutor	net/minecraft/class_3215$class_4212
CLASS	net/minecraft/server/level/ServerEntity	net/minecraft/class_3231
CLASS	net/minecraft/server/level/ServerEntity$Synchronizer	net/minecraft/class_3231$class_12004
CLASS	net/minecraft/server/level/ServerEntityGetter	net/minecraft/class_10245
CLASS	net/minecraft/server/level/ServerLevel	net/minecraft/class_3218
CLASS	net/minecraft/server/level/ServerLevel$1	net/minecraft/class_3218$1
CLASS	net/minecraft/server/level/ServerLevel$EntityCallbacks	net/minecraft/class_3218$class_5526
CLASS	net/minecraft/server/level/ServerPlayer	net/minecraft/class_3222
CLASS	net/minecraft/server/level/ServerPlayer$1	net/minecraft/class_3222$1
CLASS	net/minecraft/server/level/ServerPlayer$1$1	net/minecraft/class_3222$1$1
CLASS	net/minecraft/server/level/ServerPlayer$2	net/minecraft/class_3222$2
CLASS	net/minecraft/server/level/ServerPlayer$3	net/minecraft/class_3222$3
CLASS	net/minecraft/server/level/ServerPlayer$RespawnConfig	net/minecraft/class_3222$class_10766
CLASS	net/minecraft/server/level/ServerPlayer$RespawnPosAngle	net/minecraft/class_3222$class_9773
CLASS	net/minecraft/server/level/ServerPlayer$SavedPosition	net/minecraft/class_3222$class_11543
CLASS	net/minecraft/server/level/ServerPlayerGameMode	net/minecraft/class_3225
CLASS	net/minecraft/server/level/SimulationChunkTracker	net/minecraft/class_6609
CLASS	net/minecraft/server/level/ThreadedLevelLightEngine	net/minecraft/class_3227
CLASS	net/minecraft/server/level/ThreadedLevelLightEngine$TaskType	net/minecraft/class_3227$class_3901
CLASS	net/minecraft/server/level/ThrottlingChunkTaskDispatcher	net/minecraft/class_10173
CLASS	net/minecraft/server/level/Ticket	net/minecraft/class_3228
CLASS	net/minecraft/server/level/TicketType	net/minecraft/class_3230
CLASS	net/minecraft/server/level/TicketType$Flags	net/minecraft/class_3230$class_12084
CLASS	net/minecraft/server/level/WorldGenRegion	net/minecraft/class_3233
CLASS	net/minecraft/server/level/package-info	net/minecraft/class_5978
CLASS	net/minecraft/server/level/progress/ChunkLoadStatusView	net/minecraft/class_11544
CLASS	net/minecraft/server/level/progress/LevelLoadListener	net/minecraft/class_11545
CLASS	net/minecraft/server/level/progress/LevelLoadListener$1	net/minecraft/class_11545$1
CLASS	net/minecraft/server/level/progress/LevelLoadListener$Stage	net/minecraft/class_11545$class_11546
CLASS	net/minecraft/server/level/progress/LevelLoadProgressTracker	net/minecraft/class_11547
CLASS	net/minecraft/server/level/progress/LevelLoadProgressTracker$1	net/minecraft/class_11547$1
CLASS	net/minecraft/server/level/progress/LoggingLevelLoadListener	net/minecraft/class_11548
CLASS	net/minecraft/server/level/progress/LoggingLevelLoadListener$1	net/minecraft/class_11548$1
CLASS	net/minecraft/server/level/progress/package-info	net/minecraft/class_5979
CLASS	net/minecraft/server/network/CommonListenerCookie	net/minecraft/class_8792
CLASS	net/minecraft/server/network/ConfigurationTask	net/minecraft/class_8605
CLASS	net/minecraft/server/network/ConfigurationTask$Type	net/minecraft/class_8605$class_8606
CLASS	net/minecraft/server/network/EventLoopGroupHolder	net/minecraft/class_12239
CLASS	net/minecraft/server/network/EventLoopGroupHolder$1	net/minecraft/class_12239$1
CLASS	net/minecraft/server/network/EventLoopGroupHolder$2	net/minecraft/class_12239$2
CLASS	net/minecraft/server/network/EventLoopGroupHolder$3	net/minecraft/class_12239$3
CLASS	net/minecraft/server/network/EventLoopGroupHolder$4	net/minecraft/class_12239$4
CLASS	net/minecraft/server/network/Filterable	net/minecraft/class_9262
CLASS	net/minecraft/server/network/FilteredText	net/minecraft/class_5837
CLASS	net/minecraft/server/network/LegacyProtocolUtils	net/minecraft/class_8607
CLASS	net/minecraft/server/network/LegacyQueryHandler	net/minecraft/class_3238
CLASS	net/minecraft/server/network/LegacyTextFilter	net/minecraft/class_5514
CLASS	net/minecraft/server/network/LegacyTextFilter$1	net/minecraft/class_5514$1
CLASS	net/minecraft/server/network/LegacyTextFilter$JoinOrLeaveEncoder	net/minecraft/class_5514$class_7241
CLASS	net/minecraft/server/network/MemoryServerHandshakePacketListenerImpl	net/minecraft/class_3240
CLASS	net/minecraft/server/network/PlayerChunkSender	net/minecraft/class_8608
CLASS	net/minecraft/server/network/PlayerSafetyServiceTextFilter	net/minecraft/class_9846
CLASS	net/minecraft/server/network/ServerCommonPacketListenerImpl	net/minecraft/class_8609
CLASS	net/minecraft/server/network/ServerConfigurationPacketListenerImpl	net/minecraft/class_8610
CLASS	net/minecraft/server/network/ServerConnectionListener	net/minecraft/class_3242
CLASS	net/minecraft/server/network/ServerConnectionListener$1	net/minecraft/class_3242$1
CLASS	net/minecraft/server/network/ServerConnectionListener$2	net/minecraft/class_3242$2
CLASS	net/minecraft/server/network/ServerConnectionListener$LatencySimulator	net/minecraft/class_3242$class_5980
CLASS	net/minecraft/server/network/ServerConnectionListener$LatencySimulator$DelayedMessage	net/minecraft/class_3242$class_5980$class_5981
CLASS	net/minecraft/server/network/ServerGamePacketListenerImpl	net/minecraft/class_3244
CLASS	net/minecraft/server/network/ServerGamePacketListenerImpl$1	net/minecraft/class_3244$1
CLASS	net/minecraft/server/network/ServerGamePacketListenerImpl$2	net/minecraft/class_3244$2
CLASS	net/minecraft/server/network/ServerGamePacketListenerImpl$EntityInteraction	net/minecraft/class_3244$class_5860
CLASS	net/minecraft/server/network/ServerHandshakePacketListenerImpl	net/minecraft/class_3246
CLASS	net/minecraft/server/network/ServerHandshakePacketListenerImpl$1	net/minecraft/class_3246$1
CLASS	net/minecraft/server/network/ServerLoginPacketListenerImpl	net/minecraft/class_3248
CLASS	net/minecraft/server/network/ServerLoginPacketListenerImpl$1	net/minecraft/class_3248$1
CLASS	net/minecraft/server/network/ServerLoginPacketListenerImpl$State	net/minecraft/class_3248$class_3249
CLASS	net/minecraft/server/network/ServerPlayerConnection	net/minecraft/class_5629
CLASS	net/minecraft/server/network/ServerStatusPacketListenerImpl	net/minecraft/class_3251
CLASS	net/minecraft/server/network/ServerTextFilter	net/minecraft/class_9847
CLASS	net/minecraft/server/network/ServerTextFilter$IgnoreStrategy	net/minecraft/class_9847$class_5515
CLASS	net/minecraft/server/network/ServerTextFilter$MessageEncoder	net/minecraft/class_9847$class_7242
CLASS	net/minecraft/server/network/ServerTextFilter$PlayerContext	net/minecraft/class_9847$class_5516
CLASS	net/minecraft/server/network/ServerTextFilter$RequestFailedException	net/minecraft/class_9847$class_5517
CLASS	net/minecraft/server/network/TextFilter	net/minecraft/class_5513
CLASS	net/minecraft/server/network/TextFilter$1	net/minecraft/class_5513$1
CLASS	net/minecraft/server/network/config/JoinWorldTask	net/minecraft/class_8611
CLASS	net/minecraft/server/network/config/PrepareSpawnTask	net/minecraft/class_11549
CLASS	net/minecraft/server/network/config/PrepareSpawnTask$Preparing	net/minecraft/class_11549$class_11550
CLASS	net/minecraft/server/network/config/PrepareSpawnTask$Ready	net/minecraft/class_11549$class_11551
CLASS	net/minecraft/server/network/config/PrepareSpawnTask$State	net/minecraft/class_11549$class_11552
CLASS	net/minecraft/server/network/config/ServerCodeOfConductConfigurationTask	net/minecraft/class_11754
CLASS	net/minecraft/server/network/config/ServerResourcePackConfigurationTask	net/minecraft/class_8612
CLASS	net/minecraft/server/network/config/SynchronizeRegistriesTask	net/minecraft/class_9223
CLASS	net/minecraft/server/network/config/package-info	net/minecraft/class_8613
CLASS	net/minecraft/server/network/package-info	net/minecraft/class_5982
CLASS	net/minecraft/server/notifications/EmptyNotificationService	net/minecraft/class_11869
CLASS	net/minecraft/server/notifications/NotificationManager	net/minecraft/class_11870
CLASS	net/minecraft/server/notifications/NotificationService	net/minecraft/class_11871
CLASS	net/minecraft/server/notifications/ServerActivityMonitor	net/minecraft/class_12085
CLASS	net/minecraft/server/notifications/package-info	net/minecraft/class_11872
CLASS	net/minecraft/server/package-info	net/minecraft/class_5983
CLASS	net/minecraft/server/packs/AbstractPackResources	net/minecraft/class_3255
CLASS	net/minecraft/server/packs/BuiltInMetadata	net/minecraft/class_7662
CLASS	net/minecraft/server/packs/CompositePackResources	net/minecraft/class_8614
CLASS	net/minecraft/server/packs/DownloadCacheCleaner	net/minecraft/class_9055
CLASS	net/minecraft/server/packs/DownloadCacheCleaner$1	net/minecraft/class_9055$1
CLASS	net/minecraft/server/packs/DownloadCacheCleaner$PathAndPriority	net/minecraft/class_9055$class_9056
CLASS	net/minecraft/server/packs/DownloadCacheCleaner$PathAndTime	net/minecraft/class_9055$class_9057
CLASS	net/minecraft/server/packs/DownloadQueue	net/minecraft/class_9028
CLASS	net/minecraft/server/packs/DownloadQueue$BatchConfig	net/minecraft/class_9028$class_9029
CLASS	net/minecraft/server/packs/DownloadQueue$BatchResult	net/minecraft/class_9028$class_9030
CLASS	net/minecraft/server/packs/DownloadQueue$DownloadRequest	net/minecraft/class_9028$class_9031
CLASS	net/minecraft/server/packs/DownloadQueue$FileInfoEntry	net/minecraft/class_9028$class_9032
CLASS	net/minecraft/server/packs/DownloadQueue$LogEntry	net/minecraft/class_9028$class_9033
CLASS	net/minecraft/server/packs/FeatureFlagsMetadataSection	net/minecraft/class_7663
CLASS	net/minecraft/server/packs/FilePackResources	net/minecraft/class_3258
CLASS	net/minecraft/server/packs/FilePackResources$FileResourcesSupplier	net/minecraft/class_3258$class_8615
CLASS	net/minecraft/server/packs/FilePackResources$SharedZipFileAccess	net/minecraft/class_3258$class_8616
CLASS	net/minecraft/server/packs/OverlayMetadataSection	net/minecraft/class_8617
CLASS	net/minecraft/server/packs/OverlayMetadataSection$1	net/minecraft/class_8617$1
CLASS	net/minecraft/server/packs/OverlayMetadataSection$OverlayEntry	net/minecraft/class_8617$class_8618
CLASS	net/minecraft/server/packs/OverlayMetadataSection$OverlayEntry$IntermediateEntry	net/minecraft/class_8617$class_8618$class_11553
CLASS	net/minecraft/server/packs/PackLocationInfo	net/minecraft/class_9224
CLASS	net/minecraft/server/packs/PackResources	net/minecraft/class_3262
CLASS	net/minecraft/server/packs/PackResources$ResourceOutput	net/minecraft/class_3262$class_7664
CLASS	net/minecraft/server/packs/PackSelectionConfig	net/minecraft/class_9225
CLASS	net/minecraft/server/packs/PackType	net/minecraft/class_3264
CLASS	net/minecraft/server/packs/PathPackResources	net/minecraft/class_3259
CLASS	net/minecraft/server/packs/PathPackResources$PathResourcesSupplier	net/minecraft/class_3259$class_8619
CLASS	net/minecraft/server/packs/VanillaPackResources	net/minecraft/class_3268
CLASS	net/minecraft/server/packs/VanillaPackResourcesBuilder	net/minecraft/class_7665
CLASS	net/minecraft/server/packs/linkfs/DummyFileAttributes	net/minecraft/class_7666
CLASS	net/minecraft/server/packs/linkfs/LinkFSFileStore	net/minecraft/class_7667
CLASS	net/minecraft/server/packs/linkfs/LinkFSPath	net/minecraft/class_7668
CLASS	net/minecraft/server/packs/linkfs/LinkFSPath$1	net/minecraft/class_7668$1
CLASS	net/minecraft/server/packs/linkfs/LinkFSPath$2	net/minecraft/class_7668$2
CLASS	net/minecraft/server/packs/linkfs/LinkFSPath$3	net/minecraft/class_7668$3
CLASS	net/minecraft/server/packs/linkfs/LinkFSProvider	net/minecraft/class_7669
CLASS	net/minecraft/server/packs/linkfs/LinkFSProvider$1	net/minecraft/class_7669$1
CLASS	net/minecraft/server/packs/linkfs/LinkFSProvider$2	net/minecraft/class_7669$2
CLASS	net/minecraft/server/packs/linkfs/LinkFileSystem	net/minecraft/class_7670
CLASS	net/minecraft/server/packs/linkfs/LinkFileSystem$Builder	net/minecraft/class_7670$class_7671
CLASS	net/minecraft/server/packs/linkfs/LinkFileSystem$DirectoryEntry	net/minecraft/class_7670$class_7672
CLASS	net/minecraft/server/packs/linkfs/PathContents	net/minecraft/class_7673
CLASS	net/minecraft/server/packs/linkfs/PathContents$1	net/minecraft/class_7673$1
CLASS	net/minecraft/server/packs/linkfs/PathContents$2	net/minecraft/class_7673$2
CLASS	net/minecraft/server/packs/linkfs/PathContents$DirectoryContents	net/minecraft/class_7673$class_7674
CLASS	net/minecraft/server/packs/linkfs/PathContents$FileContents	net/minecraft/class_7673$class_7675
CLASS	net/minecraft/server/packs/linkfs/package-info	net/minecraft/class_7676
CLASS	net/minecraft/server/packs/metadata/MetadataSectionType	net/minecraft/class_7677
CLASS	net/minecraft/server/packs/metadata/MetadataSectionType$WithValue	net/minecraft/class_7677$class_11554
CLASS	net/minecraft/server/packs/metadata/pack/PackFormat	net/minecraft/class_11555
CLASS	net/minecraft/server/packs/metadata/pack/PackFormat$1	net/minecraft/class_11555$1
CLASS	net/minecraft/server/packs/metadata/pack/PackFormat$IntermediaryFormat	net/minecraft/class_11555$class_11556
CLASS	net/minecraft/server/packs/metadata/pack/PackFormat$IntermediaryFormatHolder	net/minecraft/class_11555$class_11557
CLASS	net/minecraft/server/packs/metadata/pack/PackMetadataSection	net/minecraft/class_3272
CLASS	net/minecraft/server/packs/metadata/pack/PackMetadataSection$1	net/minecraft/class_3272$1
CLASS	net/minecraft/server/packs/metadata/pack/package-info	net/minecraft/class_5984
CLASS	net/minecraft/server/packs/metadata/package-info	net/minecraft/class_5985
CLASS	net/minecraft/server/packs/package-info	net/minecraft/class_5986
CLASS	net/minecraft/server/packs/repository/BuiltInPackSource	net/minecraft/class_7678
CLASS	net/minecraft/server/packs/repository/BuiltInPackSource$1	net/minecraft/class_7678$1
CLASS	net/minecraft/server/packs/repository/FolderRepositorySource	net/minecraft/class_3279
CLASS	net/minecraft/server/packs/repository/FolderRepositorySource$FolderPackDetector	net/minecraft/class_3279$class_8620
CLASS	net/minecraft/server/packs/repository/KnownPack	net/minecraft/class_9226
CLASS	net/minecraft/server/packs/repository/Pack	net/minecraft/class_3288
CLASS	net/minecraft/server/packs/repository/Pack$Metadata	net/minecraft/class_3288$class_7679
CLASS	net/minecraft/server/packs/repository/Pack$Position	net/minecraft/class_3288$class_3289
CLASS	net/minecraft/server/packs/repository/Pack$ResourcesSupplier	net/minecraft/class_3288$class_7680
CLASS	net/minecraft/server/packs/repository/PackCompatibility	net/minecraft/class_3281
CLASS	net/minecraft/server/packs/repository/PackDetector	net/minecraft/class_8621
CLASS	net/minecraft/server/packs/repository/PackRepository	net/minecraft/class_3283
CLASS	net/minecraft/server/packs/repository/PackSource	net/minecraft/class_5352
CLASS	net/minecraft/server/packs/repository/PackSource$1	net/minecraft/class_5352$1
CLASS	net/minecraft/server/packs/repository/RepositorySource	net/minecraft/class_3285
CLASS	net/minecraft/server/packs/repository/ServerPacksSource	net/minecraft/class_3286
CLASS	net/minecraft/server/packs/repository/package-info	net/minecraft/class_5987
CLASS	net/minecraft/server/packs/resources/CloseableResourceManager	net/minecraft/class_6860
CLASS	net/minecraft/server/packs/resources/FallbackResourceManager	net/minecraft/class_3294
CLASS	net/minecraft/server/packs/resources/FallbackResourceManager$1ResourceWithSourceAndIndex	net/minecraft/class_3294$class_7681
CLASS	net/minecraft/server/packs/resources/FallbackResourceManager$EntryStack	net/minecraft/class_3294$class_7081
CLASS	net/minecraft/server/packs/resources/FallbackResourceManager$LeakedResourceWarningInputStream	net/minecraft/class_3294$class_3295
CLASS	net/minecraft/server/packs/resources/FallbackResourceManager$PackEntry	net/minecraft/class_3294$class_7082
CLASS	net/minecraft/server/packs/resources/FallbackResourceManager$ResourceWithSource	net/minecraft/class_3294$class_7682
CLASS	net/minecraft/server/packs/resources/IoSupplier	net/minecraft/class_7367
CLASS	net/minecraft/server/packs/resources/MultiPackResourceManager	net/minecraft/class_6861
CLASS	net/minecraft/server/packs/resources/PreparableReloadListener	net/minecraft/class_3302
CLASS	net/minecraft/server/packs/resources/PreparableReloadListener$PreparationBarrier	net/minecraft/class_3302$class_4045
CLASS	net/minecraft/server/packs/resources/PreparableReloadListener$SharedState	net/minecraft/class_3302$class_11558
CLASS	net/minecraft/server/packs/resources/PreparableReloadListener$StateKey	net/minecraft/class_3302$class_11559
CLASS	net/minecraft/server/packs/resources/ProfiledReloadInstance	net/minecraft/class_4010
CLASS	net/minecraft/server/packs/resources/ProfiledReloadInstance$State	net/minecraft/class_4010$class_4046
CLASS	net/minecraft/server/packs/resources/ReloadInstance	net/minecraft/class_4011
CLASS	net/minecraft/server/packs/resources/ReloadableResourceManager	net/minecraft/class_3304
CLASS	net/minecraft/server/packs/resources/Resource	net/minecraft/class_3298
CLASS	net/minecraft/server/packs/resources/ResourceFilterSection	net/minecraft/class_7084
CLASS	net/minecraft/server/packs/resources/ResourceManager	net/minecraft/class_3300
CLASS	net/minecraft/server/packs/resources/ResourceManager$Empty	net/minecraft/class_3300$class_5353
CLASS	net/minecraft/server/packs/resources/ResourceManagerReloadListener	net/minecraft/class_4013
CLASS	net/minecraft/server/packs/resources/ResourceMetadata	net/minecraft/class_7368
CLASS	net/minecraft/server/packs/resources/ResourceMetadata$1	net/minecraft/class_7368$1
CLASS	net/minecraft/server/packs/resources/ResourceMetadata$2	net/minecraft/class_7368$2
CLASS	net/minecraft/server/packs/resources/ResourceProvider	net/minecraft/class_5912
CLASS	net/minecraft/server/packs/resources/SimpleJsonResourceReloadListener	net/minecraft/class_4309
CLASS	net/minecraft/server/packs/resources/SimplePreparableReloadListener	net/minecraft/class_4080
CLASS	net/minecraft/server/packs/resources/SimpleReloadInstance	net/minecraft/class_4014
CLASS	net/minecraft/server/packs/resources/SimpleReloadInstance$1	net/minecraft/class_4014$1
CLASS	net/minecraft/server/packs/resources/SimpleReloadInstance$StateFactory	net/minecraft/class_4014$class_4047
CLASS	net/minecraft/server/packs/resources/package-info	net/minecraft/class_5988
CLASS	net/minecraft/server/permissions/LevelBasedPermissionSet	net/minecraft/class_12086
CLASS	net/minecraft/server/permissions/LevelBasedPermissionSet$1	net/minecraft/class_12086$1
CLASS	net/minecraft/server/permissions/LevelBasedPermissionSet$2	net/minecraft/class_12086$2
CLASS	net/minecraft/server/permissions/Permission	net/minecraft/class_12087
CLASS	net/minecraft/server/permissions/Permission$Atom	net/minecraft/class_12087$class_12088
CLASS	net/minecraft/server/permissions/Permission$HasCommandLevel	net/minecraft/class_12087$class_12089
CLASS	net/minecraft/server/permissions/PermissionCheck	net/minecraft/class_12090
CLASS	net/minecraft/server/permissions/PermissionCheck$AlwaysPass	net/minecraft/class_12090$class_12091
CLASS	net/minecraft/server/permissions/PermissionCheck$Require	net/minecraft/class_12090$class_12092
CLASS	net/minecraft/server/permissions/PermissionCheckTypes	net/minecraft/class_12093
CLASS	net/minecraft/server/permissions/PermissionLevel	net/minecraft/class_12094
CLASS	net/minecraft/server/permissions/PermissionProviderCheck	net/minecraft/class_12095
CLASS	net/minecraft/server/permissions/PermissionSet	net/minecraft/class_12096
CLASS	net/minecraft/server/permissions/PermissionSetSupplier	net/minecraft/class_12097
CLASS	net/minecraft/server/permissions/PermissionSetUnion	net/minecraft/class_12340
CLASS	net/minecraft/server/permissions/PermissionTypes	net/minecraft/class_12098
CLASS	net/minecraft/server/permissions/Permissions	net/minecraft/class_12099
CLASS	net/minecraft/server/permissions/package-info	net/minecraft/class_12100
CLASS	net/minecraft/server/players/BanListEntry	net/minecraft/class_3309
CLASS	net/minecraft/server/players/CachedUserNameToIdResolver	net/minecraft/class_3312
CLASS	net/minecraft/server/players/CachedUserNameToIdResolver$GameProfileInfo	net/minecraft/class_3312$class_3313
CLASS	net/minecraft/server/players/IpBanList	net/minecraft/class_3317
CLASS	net/minecraft/server/players/IpBanListEntry	net/minecraft/class_3320
CLASS	net/minecraft/server/players/NameAndId	net/minecraft/class_11560
CLASS	net/minecraft/server/players/OldUsersConverter	net/minecraft/class_3321
CLASS	net/minecraft/server/players/OldUsersConverter$1	net/minecraft/class_3321$1
CLASS	net/minecraft/server/players/OldUsersConverter$2	net/minecraft/class_3321$2
CLASS	net/minecraft/server/players/OldUsersConverter$3	net/minecraft/class_3321$3
CLASS	net/minecraft/server/players/OldUsersConverter$4	net/minecraft/class_3321$4
CLASS	net/minecraft/server/players/OldUsersConverter$5	net/minecraft/class_3321$5
CLASS	net/minecraft/server/players/OldUsersConverter$ConversionError	net/minecraft/class_3321$class_3322
CLASS	net/minecraft/server/players/PlayerList	net/minecraft/class_3324
CLASS	net/minecraft/server/players/PlayerList$1	net/minecraft/class_3324$1
CLASS	net/minecraft/server/players/PlayerList$2	net/minecraft/class_3324$2
CLASS	net/minecraft/server/players/ProfileResolver	net/minecraft/class_11755
CLASS	net/minecraft/server/players/ProfileResolver$Cached	net/minecraft/class_11755$class_11579
CLASS	net/minecraft/server/players/ProfileResolver$Cached$1	net/minecraft/class_11755$class_11579$1
CLASS	net/minecraft/server/players/ProfileResolver$Cached$2	net/minecraft/class_11755$class_11579$2
CLASS	net/minecraft/server/players/ServerOpList	net/minecraft/class_3326
CLASS	net/minecraft/server/players/ServerOpListEntry	net/minecraft/class_3327
CLASS	net/minecraft/server/players/SleepStatus	net/minecraft/class_5838
CLASS	net/minecraft/server/players/StoredUserEntry	net/minecraft/class_3330
CLASS	net/minecraft/server/players/StoredUserList	net/minecraft/class_3331
CLASS	net/minecraft/server/players/UserBanList	net/minecraft/class_3335
CLASS	net/minecraft/server/players/UserBanListEntry	net/minecraft/class_3336
CLASS	net/minecraft/server/players/UserNameToIdResolver	net/minecraft/class_11561
CLASS	net/minecraft/server/players/UserWhiteList	net/minecraft/class_3337
CLASS	net/minecraft/server/players/UserWhiteListEntry	net/minecraft/class_3340
CLASS	net/minecraft/server/players/package-info	net/minecraft/class_5989
CLASS	net/minecraft/server/rcon/NetworkDataOutputStream	net/minecraft/class_3345
CLASS	net/minecraft/server/rcon/PktUtils	net/minecraft/class_3347
CLASS	net/minecraft/server/rcon/RconConsoleSource	net/minecraft/class_3350
CLASS	net/minecraft/server/rcon/package-info	net/minecraft/class_5990
CLASS	net/minecraft/server/rcon/thread/GenericThread	net/minecraft/class_3359
CLASS	net/minecraft/server/rcon/thread/QueryThreadGs4	net/minecraft/class_3364
CLASS	net/minecraft/server/rcon/thread/QueryThreadGs4$RequestChallenge	net/minecraft/class_3364$class_3365
CLASS	net/minecraft/server/rcon/thread/RconClient	net/minecraft/class_3389
CLASS	net/minecraft/server/rcon/thread/RconThread	net/minecraft/class_3408
CLASS	net/minecraft/server/rcon/thread/package-info	net/minecraft/class_5991
CLASS	net/minecraft/server/waypoints/ServerWaypointManager	net/minecraft/class_11179
CLASS	net/minecraft/server/waypoints/package-info	net/minecraft/class_11725
CLASS	net/minecraft/sounds/Music	net/minecraft/class_5195
CLASS	net/minecraft/sounds/Musics	net/minecraft/class_1143
CLASS	net/minecraft/sounds/SoundEvent	net/minecraft/class_3414
CLASS	net/minecraft/sounds/SoundEvents	net/minecraft/class_3417
CLASS	net/minecraft/sounds/SoundSource	net/minecraft/class_3419
CLASS	net/minecraft/sounds/package-info	net/minecraft/class_5992
CLASS	net/minecraft/stats/RecipeBook	net/minecraft/class_3439
CLASS	net/minecraft/stats/RecipeBookSettings	net/minecraft/class_5411
CLASS	net/minecraft/stats/RecipeBookSettings$1	net/minecraft/class_5411$1
CLASS	net/minecraft/stats/RecipeBookSettings$TypeSettings	net/minecraft/class_5411$class_5412
CLASS	net/minecraft/stats/ServerRecipeBook	net/minecraft/class_3441
CLASS	net/minecraft/stats/ServerRecipeBook$DisplayResolver	net/minecraft/class_3441$class_10271
CLASS	net/minecraft/stats/ServerRecipeBook$Packed	net/minecraft/class_3441$class_11328
CLASS	net/minecraft/stats/ServerStatsCounter	net/minecraft/class_3442
CLASS	net/minecraft/stats/Stat	net/minecraft/class_3445
CLASS	net/minecraft/stats/StatFormatter	net/minecraft/class_3446
CLASS	net/minecraft/stats/StatType	net/minecraft/class_3448
CLASS	net/minecraft/stats/Stats	net/minecraft/class_3468
CLASS	net/minecraft/stats/StatsCounter	net/minecraft/class_3469
CLASS	net/minecraft/stats/package-info	net/minecraft/class_5993
CLASS	net/minecraft/tags/BannerPatternTags	net/minecraft/class_7440
CLASS	net/minecraft/tags/BiomeTags	net/minecraft/class_6908
CLASS	net/minecraft/tags/BlockTags	net/minecraft/class_3481
CLASS	net/minecraft/tags/DamageTypeTags	net/minecraft/class_8103
CLASS	net/minecraft/tags/DialogTags	net/minecraft/class_11455
CLASS	net/minecraft/tags/EnchantmentTags	net/minecraft/class_9636
CLASS	net/minecraft/tags/EntityTypeTags	net/minecraft/class_3483
CLASS	net/minecraft/tags/FlatLevelGeneratorPresetTags	net/minecraft/class_7088
CLASS	net/minecraft/tags/FluidTags	net/minecraft/class_3486
CLASS	net/minecraft/tags/GameEventTags	net/minecraft/class_5698
CLASS	net/minecraft/tags/InstrumentTags	net/minecraft/class_7441
CLASS	net/minecraft/tags/ItemTags	net/minecraft/class_3489
CLASS	net/minecraft/tags/PaintingVariantTags	net/minecraft/class_7406
CLASS	net/minecraft/tags/PoiTypeTags	net/minecraft/class_7473
CLASS	net/minecraft/tags/StructureTags	net/minecraft/class_7045
CLASS	net/minecraft/tags/TagBuilder	net/minecraft/class_3495
CLASS	net/minecraft/tags/TagEntry	net/minecraft/class_3497
CLASS	net/minecraft/tags/TagEntry$Lookup	net/minecraft/class_3497$class_7474
CLASS	net/minecraft/tags/TagFile	net/minecraft/class_7475
CLASS	net/minecraft/tags/TagKey	net/minecraft/class_6862
CLASS	net/minecraft/tags/TagLoader	net/minecraft/class_3503
CLASS	net/minecraft/tags/TagLoader$1	net/minecraft/class_3503$1
CLASS	net/minecraft/tags/TagLoader$ElementLookup	net/minecraft/class_3503$class_10272
CLASS	net/minecraft/tags/TagLoader$EntryWithSource	net/minecraft/class_3503$class_5145
CLASS	net/minecraft/tags/TagLoader$LoadResult	net/minecraft/class_3503$class_6863
CLASS	net/minecraft/tags/TagLoader$SortingEntry	net/minecraft/class_3503$class_8522
CLASS	net/minecraft/tags/TagNetworkSerialization	net/minecraft/class_6864
CLASS	net/minecraft/tags/TagNetworkSerialization$NetworkPayload	net/minecraft/class_6864$class_5748
CLASS	net/minecraft/tags/TimelineTags	net/minecraft/class_12300
CLASS	net/minecraft/tags/WorldPresetTags	net/minecraft/class_7089
CLASS	net/minecraft/tags/package-info	net/minecraft/class_5994
CLASS	net/minecraft/util/ARGB	net/minecraft/class_9848
CLASS	net/minecraft/util/AbortableIterationConsumer	net/minecraft/class_7927
CLASS	net/minecraft/util/AbortableIterationConsumer$Continuation	net/minecraft/class_7927$class_7928
CLASS	net/minecraft/util/AbstractListBuilder	net/minecraft/class_10922
CLASS	net/minecraft/util/ArrayListDeque	net/minecraft/class_8623
CLASS	net/minecraft/util/ArrayListDeque$DescendingIterator	net/minecraft/class_8623$class_8624
CLASS	net/minecraft/util/ArrayListDeque$ReversedView	net/minecraft/class_8623$class_9633
CLASS	net/minecraft/util/BinaryAnimator	net/minecraft/class_9849
CLASS	net/minecraft/util/BitStorage	net/minecraft/class_6490
CLASS	net/minecraft/util/BlockUtil	net/minecraft/class_5459
CLASS	net/minecraft/util/BlockUtil$FoundRectangle	net/minecraft/class_5459$class_5460
CLASS	net/minecraft/util/BlockUtil$IntBounds	net/minecraft/class_5459$class_5461
CLASS	net/minecraft/util/BoundedFloatFunction	net/minecraft/class_6501
CLASS	net/minecraft/util/BoundedFloatFunction$1	net/minecraft/class_6501$1
CLASS	net/minecraft/util/BoundedFloatFunction$2	net/minecraft/class_6501$2
CLASS	net/minecraft/util/Brightness	net/minecraft/class_8104
CLASS	net/minecraft/util/ByIdMap	net/minecraft/class_7995
CLASS	net/minecraft/util/ByIdMap$OutOfBoundsStrategy	net/minecraft/class_7995$class_7996
CLASS	net/minecraft/util/ClassInstanceMultiMap	net/minecraft/class_3509
CLASS	net/minecraft/util/ClassTreeIdRegistry	net/minecraft/class_9227
CLASS	net/minecraft/util/ColorRGBA	net/minecraft/class_8805
CLASS	net/minecraft/util/CommonColors	net/minecraft/class_8012
CLASS	net/minecraft/util/CommonLinks	net/minecraft/class_8216
CLASS	net/minecraft/util/CrudeIncrementalIntIdentityHashBiMap	net/minecraft/class_3513
CLASS	net/minecraft/util/Crypt	net/minecraft/class_3515
CLASS	net/minecraft/util/Crypt$ByteArrayToKeyFunction	net/minecraft/class_3515$class_7424
CLASS	net/minecraft/util/Crypt$SaltSignaturePair	net/minecraft/class_3515$class_7425
CLASS	net/minecraft/util/Crypt$SaltSupplier	net/minecraft/class_3515$class_7426
CLASS	net/minecraft/util/CryptException	net/minecraft/class_5525
CLASS	net/minecraft/util/CsvOutput	net/minecraft/class_4456
CLASS	net/minecraft/util/CsvOutput$Builder	net/minecraft/class_4456$class_4457
CLASS	net/minecraft/util/CubicSpline	net/minecraft/class_6492
CLASS	net/minecraft/util/CubicSpline$1Point	net/minecraft/class_6492$class_6737
CLASS	net/minecraft/util/CubicSpline$Builder	net/minecraft/class_6492$class_6493
CLASS	net/minecraft/util/CubicSpline$Constant	net/minecraft/class_6492$class_6494
CLASS	net/minecraft/util/CubicSpline$CoordinateVisitor	net/minecraft/class_6492$class_7073
CLASS	net/minecraft/util/CubicSpline$Multipoint	net/minecraft/class_6492$class_6738
CLASS	net/minecraft/util/DelegateDataOutput	net/minecraft/class_8941
CLASS	net/minecraft/util/DependencySorter	net/minecraft/class_8523
CLASS	net/minecraft/util/DependencySorter$Entry	net/minecraft/class_8523$class_8524
CLASS	net/minecraft/util/DirectoryLock	net/minecraft/class_5125
CLASS	net/minecraft/util/DirectoryLock$LockException	net/minecraft/class_5125$class_5126
CLASS	net/minecraft/util/Ease	net/minecraft/class_12101
CLASS	net/minecraft/util/EasingType	net/minecraft/class_12301
CLASS	net/minecraft/util/EasingType$CubicBezier	net/minecraft/class_12301$class_12302
CLASS	net/minecraft/util/EasingType$CubicBezier$CubicCurve	net/minecraft/class_12301$class_12302$class_12303
CLASS	net/minecraft/util/EasingType$CubicBezierControls	net/minecraft/class_12301$class_12304
CLASS	net/minecraft/util/EncoderCache	net/minecraft/class_9684
CLASS	net/minecraft/util/EncoderCache$1	net/minecraft/class_9684$1
CLASS	net/minecraft/util/EncoderCache$2	net/minecraft/class_9684$2
CLASS	net/minecraft/util/EncoderCache$Key	net/minecraft/class_9684$class_9685
CLASS	net/minecraft/util/ExceptionCollector	net/minecraft/class_5127
CLASS	net/minecraft/util/ExtraCodecs	net/minecraft/class_5699
CLASS	net/minecraft/util/ExtraCodecs$1	net/minecraft/class_5699$1
CLASS	net/minecraft/util/ExtraCodecs$1ContextRetrievalCodec	net/minecraft/class_5699$class_6866
CLASS	net/minecraft/util/ExtraCodecs$2	net/minecraft/class_5699$2
CLASS	net/minecraft/util/ExtraCodecs$3	net/minecraft/class_5699$3
CLASS	net/minecraft/util/ExtraCodecs$4	net/minecraft/class_5699$4
CLASS	net/minecraft/util/ExtraCodecs$5	net/minecraft/class_5699$5
CLASS	net/minecraft/util/ExtraCodecs$6	net/minecraft/class_5699$6
CLASS	net/minecraft/util/ExtraCodecs$7	net/minecraft/class_5699$7
CLASS	net/minecraft/util/ExtraCodecs$LateBoundIdMapper	net/minecraft/class_5699$class_10388
CLASS	net/minecraft/util/ExtraCodecs$StrictUnboundedMapCodec	net/minecraft/class_5699$class_8783
CLASS	net/minecraft/util/ExtraCodecs$TagOrElementLocation	net/minecraft/class_5699$class_7476
CLASS	net/minecraft/util/FastBufferedInputStream	net/minecraft/class_6826
CLASS	net/minecraft/util/FileSystemUtil	net/minecraft/class_10619
CLASS	net/minecraft/util/FileUtil	net/minecraft/class_4239
CLASS	net/minecraft/util/FileZipper	net/minecraft/class_6397
CLASS	net/minecraft/util/FormattedCharSequence	net/minecraft/class_5481
CLASS	net/minecraft/util/FormattedCharSink	net/minecraft/class_5224
CLASS	net/minecraft/util/FutureChain	net/minecraft/class_7619
CLASS	net/minecraft/util/Graph	net/minecraft/class_6496
CLASS	net/minecraft/util/GsonHelper	net/minecraft/class_3518
CLASS	net/minecraft/util/GsonHelper$CountedAppendable	net/minecraft/class_3518$class_10559
CLASS	net/minecraft/util/HashOps	net/minecraft/class_10923
CLASS	net/minecraft/util/HashOps$ListHashBuilder	net/minecraft/class_10923$class_10924
CLASS	net/minecraft/util/HashOps$MapHashBuilder	net/minecraft/class_10923$class_10925
CLASS	net/minecraft/util/HttpUtil	net/minecraft/class_3521
CLASS	net/minecraft/util/HttpUtil$DownloadProgressListener	net/minecraft/class_3521$class_9034
CLASS	net/minecraft/util/IdentifierPattern	net/minecraft/class_7085
CLASS	net/minecraft/util/InclusiveRange	net/minecraft/class_6497
CLASS	net/minecraft/util/KeyDispatchDataCodec	net/minecraft/class_7243
CLASS	net/minecraft/util/Keyframe	net/minecraft/class_12305
CLASS	net/minecraft/util/KeyframeTrack	net/minecraft/class_12306
CLASS	net/minecraft/util/KeyframeTrack$Builder	net/minecraft/class_12306$class_12307
CLASS	net/minecraft/util/KeyframeTrackSampler	net/minecraft/class_12308
CLASS	net/minecraft/util/KeyframeTrackSampler$Segment	net/minecraft/class_12308$class_12309
CLASS	net/minecraft/util/LenientJsonParser	net/minecraft/class_11329
CLASS	net/minecraft/util/LinearCongruentialGenerator	net/minecraft/class_4540
CLASS	net/minecraft/util/ListAndDeque	net/minecraft/class_9634
CLASS	net/minecraft/util/MemoryReserve	net/minecraft/class_6416
CLASS	net/minecraft/util/ModCheck	net/minecraft/class_6683
CLASS	net/minecraft/util/ModCheck$Confidence	net/minecraft/class_6683$class_6684
CLASS	net/minecraft/util/Mth	net/minecraft/class_3532
CLASS	net/minecraft/util/NativeModuleLister	net/minecraft/class_6498
CLASS	net/minecraft/util/NativeModuleLister$NativeModuleInfo	net/minecraft/class_6498$class_6499
CLASS	net/minecraft/util/NativeModuleLister$NativeModuleVersion	net/minecraft/class_6498$class_6500
CLASS	net/minecraft/util/NullOps	net/minecraft/class_9637
CLASS	net/minecraft/util/NullOps$1	net/minecraft/class_9637$1
CLASS	net/minecraft/util/NullOps$NullListBuilder	net/minecraft/class_9637$class_10926
CLASS	net/minecraft/util/NullOps$NullMapBuilder	net/minecraft/class_9637$class_9638
CLASS	net/minecraft/util/ParticleUtils	net/minecraft/class_5945
CLASS	net/minecraft/util/PlaceholderLookupProvider	net/minecraft/class_10676
CLASS	net/minecraft/util/PlaceholderLookupProvider$1	net/minecraft/class_10676$1
CLASS	net/minecraft/util/PlaceholderLookupProvider$2	net/minecraft/class_10676$2
CLASS	net/minecraft/util/PlaceholderLookupProvider$UniversalLookup	net/minecraft/class_10676$class_10677
CLASS	net/minecraft/util/PngInfo	net/minecraft/class_8800
CLASS	net/minecraft/util/ProblemReporter	net/minecraft/class_8942
CLASS	net/minecraft/util/ProblemReporter$1	net/minecraft/class_8942$1
CLASS	net/minecraft/util/ProblemReporter$Collector	net/minecraft/class_8942$class_8943
CLASS	net/minecraft/util/ProblemReporter$Collector$Entry	net/minecraft/class_8942$class_8943$class_11330
CLASS	net/minecraft/util/ProblemReporter$Collector$ProblemTreeNode	net/minecraft/class_8942$class_8943$class_11331
CLASS	net/minecraft/util/ProblemReporter$ElementReferencePathElement	net/minecraft/class_8942$class_11332
CLASS	net/minecraft/util/ProblemReporter$FieldPathElement	net/minecraft/class_8942$class_11333
CLASS	net/minecraft/util/ProblemReporter$IndexedFieldPathElement	net/minecraft/class_8942$class_11334
CLASS	net/minecraft/util/ProblemReporter$IndexedPathElement	net/minecraft/class_8942$class_11335
CLASS	net/minecraft/util/ProblemReporter$PathElement	net/minecraft/class_8942$class_11336
CLASS	net/minecraft/util/ProblemReporter$Problem	net/minecraft/class_8942$class_11337
CLASS	net/minecraft/util/ProblemReporter$RootElementPathElement	net/minecraft/class_8942$class_11338
CLASS	net/minecraft/util/ProblemReporter$RootFieldPathElement	net/minecraft/class_8942$class_11339
CLASS	net/minecraft/util/ProblemReporter$ScopedCollector	net/minecraft/class_8942$class_11340
CLASS	net/minecraft/util/ProgressListener	net/minecraft/class_3536
CLASS	net/minecraft/util/RandomSource	net/minecraft/class_5819
CLASS	net/minecraft/util/RegistryContextSwapper	net/minecraft/class_10678
CLASS	net/minecraft/util/SegmentedAnglePrecision	net/minecraft/class_8013
CLASS	net/minecraft/util/SequencedPriorityIterator	net/minecraft/class_8917
CLASS	net/minecraft/util/SignatureUpdater	net/minecraft/class_7498
CLASS	net/minecraft/util/SignatureUpdater$Output	net/minecraft/class_7498$class_7499
CLASS	net/minecraft/util/SignatureValidator	net/minecraft/class_7500
CLASS	net/minecraft/util/Signer	net/minecraft/class_7501
CLASS	net/minecraft/util/SimpleBitStorage	net/minecraft/class_3508
CLASS	net/minecraft/util/SimpleBitStorage$InitializationException	net/minecraft/class_3508$class_6685
CLASS	net/minecraft/util/SingleKeyCache	net/minecraft/class_8105
CLASS	net/minecraft/util/SmoothDouble	net/minecraft/class_3540
CLASS	net/minecraft/util/SortedArraySet	net/minecraft/class_4706
CLASS	net/minecraft/util/SortedArraySet$ArrayIterator	net/minecraft/class_4706$class_4707
CLASS	net/minecraft/util/SpawnUtil	net/minecraft/class_7244
CLASS	net/minecraft/util/SpawnUtil$Strategy	net/minecraft/class_7244$class_7502
CLASS	net/minecraft/util/SpecialDates	net/minecraft/class_12240
CLASS	net/minecraft/util/StaticCache2D	net/minecraft/class_9762
CLASS	net/minecraft/util/StaticCache2D$Initializer	net/minecraft/class_9762$class_9763
CLASS	net/minecraft/util/StrictJsonParser	net/minecraft/class_11341
CLASS	net/minecraft/util/StringDecomposer	net/minecraft/class_5223
CLASS	net/minecraft/util/StringRepresentable	net/minecraft/class_3542
CLASS	net/minecraft/util/StringRepresentable$1	net/minecraft/class_3542$1
CLASS	net/minecraft/util/StringRepresentable$EnumCodec	net/minecraft/class_3542$class_7292
CLASS	net/minecraft/util/StringRepresentable$StringRepresentableCodec	net/minecraft/class_3542$class_8808
CLASS	net/minecraft/util/StringUtil	net/minecraft/class_3544
CLASS	net/minecraft/util/TaskChainer	net/minecraft/class_7620
CLASS	net/minecraft/util/TaskChainer$1	net/minecraft/class_7620$1
CLASS	net/minecraft/util/ThreadingDetector	net/minecraft/class_5798
CLASS	net/minecraft/util/TickThrottler	net/minecraft/class_10222
CLASS	net/minecraft/util/TimeSource	net/minecraft/class_7576
CLASS	net/minecraft/util/TimeSource$NanoTimeSource	net/minecraft/class_7576$class_7577
CLASS	net/minecraft/util/TimeUtil	net/minecraft/class_4802
CLASS	net/minecraft/util/ToFloatFunction	net/minecraft/class_11887
CLASS	net/minecraft/util/TriState	net/minecraft/class_9851
CLASS	net/minecraft/util/Tuple	net/minecraft/class_3545
CLASS	net/minecraft/util/Unit	net/minecraft/class_3902
CLASS	net/minecraft/util/Util	net/minecraft/class_156
CLASS	net/minecraft/util/Util$1	net/minecraft/class_156$1
CLASS	net/minecraft/util/Util$10	net/minecraft/class_156$2
CLASS	net/minecraft/util/Util$11	net/minecraft/class_156$3
CLASS	net/minecraft/util/Util$2	net/minecraft/class_156$4
CLASS	net/minecraft/util/Util$3	net/minecraft/class_156$5
CLASS	net/minecraft/util/Util$4	net/minecraft/class_156$6
CLASS	net/minecraft/util/Util$5	net/minecraft/class_156$7
CLASS	net/minecraft/util/Util$6	net/minecraft/class_156$8
CLASS	net/minecraft/util/Util$7	net/minecraft/class_156$9
CLASS	net/minecraft/util/Util$8	net/minecraft/class_156$10
CLASS	net/minecraft/util/Util$9	net/minecraft/class_156$11
CLASS	net/minecraft/util/Util$OS	net/minecraft/class_156$class_158
CLASS	net/minecraft/util/Util$OS$1	net/minecraft/class_156$class_158$1
CLASS	net/minecraft/util/Util$OS$2	net/minecraft/class_156$class_158$2
CLASS	net/minecraft/util/VisibleForDebug	net/minecraft/class_5996
CLASS	net/minecraft/util/ZeroBitStorage	net/minecraft/class_6502
CLASS	net/minecraft/util/context/ContextKey	net/minecraft/class_169
CLASS	net/minecraft/util/context/ContextKeySet	net/minecraft/class_176
CLASS	net/minecraft/util/context/ContextKeySet$Builder	net/minecraft/class_176$class_177
CLASS	net/minecraft/util/context/ContextMap	net/minecraft/class_10352
CLASS	net/minecraft/util/context/ContextMap$Builder	net/minecraft/class_10352$class_10353
CLASS	net/minecraft/util/context/package-info	net/minecraft/class_10354
CLASS	net/minecraft/util/datafix/DataFixTypes	net/minecraft/class_4284
CLASS	net/minecraft/util/datafix/DataFixTypes$1	net/minecraft/class_4284$1
CLASS	net/minecraft/util/datafix/DataFixers	net/minecraft/class_3551
CLASS	net/minecraft/util/datafix/DataFixers$1	net/minecraft/class_3551$1
CLASS	net/minecraft/util/datafix/DataFixers$2	net/minecraft/class_3551$2
CLASS	net/minecraft/util/datafix/ExtraDataFixUtils	net/minecraft/class_9228
CLASS	net/minecraft/util/datafix/LegacyComponentDataFixUtils	net/minecraft/class_8809
CLASS	net/minecraft/util/datafix/PackedBitStorage	net/minecraft/class_5298
CLASS	net/minecraft/util/datafix/fixes/AbstractArrowPickupFix	net/minecraft/class_5946
CLASS	net/minecraft/util/datafix/fixes/AbstractBlockPropertyFix	net/minecraft/class_10560
CLASS	net/minecraft/util/datafix/fixes/AbstractPoiSectionFix	net/minecraft/class_4620
CLASS	net/minecraft/util/datafix/fixes/AbstractUUIDFix	net/minecraft/class_4958
CLASS	net/minecraft/util/datafix/fixes/AddFieldFix	net/minecraft/class_11873
CLASS	net/minecraft/util/datafix/fixes/AddFlagIfNotPresentFix	net/minecraft/class_6636
CLASS	net/minecraft/util/datafix/fixes/AddNewChoices	net/minecraft/class_3553
CLASS	net/minecraft/util/datafix/fixes/AdvancementsFix	net/minecraft/class_3555
CLASS	net/minecraft/util/datafix/fixes/AdvancementsRenameFix	net/minecraft/class_4744
CLASS	net/minecraft/util/datafix/fixes/AreaEffectCloudDurationScaleFix	net/minecraft/class_10561
CLASS	net/minecraft/util/datafix/fixes/AreaEffectCloudPotionFix	net/minecraft/class_9263
CLASS	net/minecraft/util/datafix/fixes/AttributeIdPrefixFix	net/minecraft/class_9852
CLASS	net/minecraft/util/datafix/fixes/AttributeModifierIdFix	net/minecraft/class_9785
CLASS	net/minecraft/util/datafix/fixes/AttributesRenameFix	net/minecraft/class_9853
CLASS	net/minecraft/util/datafix/fixes/AttributesRenameLegacy	net/minecraft/class_5129
CLASS	net/minecraft/util/datafix/fixes/BannerEntityCustomNameToOverrideComponentFix	net/minecraft/class_9451
CLASS	net/minecraft/util/datafix/fixes/BannerPatternFormatFix	net/minecraft/class_9264
CLASS	net/minecraft/util/datafix/fixes/BedItemColorFix	net/minecraft/class_3559
CLASS	net/minecraft/util/datafix/fixes/BeehiveFieldRenameFix	net/minecraft/class_9265
CLASS	net/minecraft/util/datafix/fixes/BiomeFix	net/minecraft/class_3561
CLASS	net/minecraft/util/datafix/fixes/BitStorageAlignFix	net/minecraft/class_5196
CLASS	net/minecraft/util/datafix/fixes/BlendingDataFix	net/minecraft/class_7090
CLASS	net/minecraft/util/datafix/fixes/BlendingDataRemoveFromNetherEndFix	net/minecraft/class_7589
CLASS	net/minecraft/util/datafix/fixes/BlockEntityBannerColorFix	net/minecraft/class_3564
CLASS	net/minecraft/util/datafix/fixes/BlockEntityBlockStateFix	net/minecraft/class_3566
CLASS	net/minecraft/util/datafix/fixes/BlockEntityCustomNameToComponentFix	net/minecraft/class_3567
CLASS	net/minecraft/util/datafix/fixes/BlockEntityFurnaceBurnTimeFix	net/minecraft/class_10553
CLASS	net/minecraft/util/datafix/fixes/BlockEntityIdFix	net/minecraft/class_3571
CLASS	net/minecraft/util/datafix/fixes/BlockEntityJukeboxFix	net/minecraft/class_3573
CLASS	net/minecraft/util/datafix/fixes/BlockEntityKeepPacked	net/minecraft/class_3574
CLASS	net/minecraft/util/datafix/fixes/BlockEntityRenameFix	net/minecraft/class_8220
CLASS	net/minecraft/util/datafix/fixes/BlockEntityShulkerBoxColorFix	net/minecraft/class_3575
CLASS	net/minecraft/util/datafix/fixes/BlockEntitySignDoubleSidedEditableTextFix	net/minecraft/class_8221
CLASS	net/minecraft/util/datafix/fixes/BlockEntityUUIDFix	net/minecraft/class_4959
CLASS	net/minecraft/util/datafix/fixes/BlockNameFlatteningFix	net/minecraft/class_3578
CLASS	net/minecraft/util/datafix/fixes/BlockPosFormatAndRenamesFix	net/minecraft/class_9230
CLASS	net/minecraft/util/datafix/fixes/BlockPropertyRenameAndFix	net/minecraft/class_10562
CLASS	net/minecraft/util/datafix/fixes/BlockRenameFix	net/minecraft/class_3579
CLASS	net/minecraft/util/datafix/fixes/BlockRenameFix$1	net/minecraft/class_3579$1
CLASS	net/minecraft/util/datafix/fixes/BlockStateData	net/minecraft/class_3580
CLASS	net/minecraft/util/datafix/fixes/BlockStateStructureTemplateFix	net/minecraft/class_3581
CLASS	net/minecraft/util/datafix/fixes/BoatSplitFix	net/minecraft/class_10246
CLASS	net/minecraft/util/datafix/fixes/CarvingStepRemoveFix	net/minecraft/class_9854
CLASS	net/minecraft/util/datafix/fixes/CatTypeFix	net/minecraft/class_3903
CLASS	net/minecraft/util/datafix/fixes/CauldronRenameFix	net/minecraft/class_5528
CLASS	net/minecraft/util/datafix/fixes/CavesAndCliffsRenames	net/minecraft/class_6669
CLASS	net/minecraft/util/datafix/fixes/ChestedHorsesInventoryZeroIndexingFix	net/minecraft/class_9182
CLASS	net/minecraft/util/datafix/fixes/ChunkBedBlockEntityInjecterFix	net/minecraft/class_3557
CLASS	net/minecraft/util/datafix/fixes/ChunkBiomeFix	net/minecraft/class_4541
CLASS	net/minecraft/util/datafix/fixes/ChunkDeleteIgnoredLightDataFix	net/minecraft/class_7091
CLASS	net/minecraft/util/datafix/fixes/ChunkDeleteLightFix	net/minecraft/class_8525
CLASS	net/minecraft/util/datafix/fixes/ChunkHeightAndBiomeFix	net/minecraft/class_6637
CLASS	net/minecraft/util/datafix/fixes/ChunkLightRemoveFix	net/minecraft/class_3755
CLASS	net/minecraft/util/datafix/fixes/ChunkPalettedStorageFix	net/minecraft/class_3582
CLASS	net/minecraft/util/datafix/fixes/ChunkPalettedStorageFix$DataLayer	net/minecraft/class_3582$class_3583
CLASS	net/minecraft/util/datafix/fixes/ChunkPalettedStorageFix$Direction	net/minecraft/class_3582$class_3584
CLASS	net/minecraft/util/datafix/fixes/ChunkPalettedStorageFix$Direction$Axis	net/minecraft/class_3582$class_3584$class_3585
CLASS	net/minecraft/util/datafix/fixes/ChunkPalettedStorageFix$Direction$AxisDirection	net/minecraft/class_3582$class_3584$class_3586
CLASS	net/minecraft/util/datafix/fixes/ChunkPalettedStorageFix$MappingConstants	net/minecraft/class_3582$class_9855
CLASS	net/minecraft/util/datafix/fixes/ChunkPalettedStorageFix$Section	net/minecraft/class_3582$class_3587
CLASS	net/minecraft/util/datafix/fixes/ChunkPalettedStorageFix$UpgradeChunk	net/minecraft/class_3582$class_3588
CLASS	net/minecraft/util/datafix/fixes/ChunkProtoTickListFix	net/minecraft/class_6740
CLASS	net/minecraft/util/datafix/fixes/ChunkProtoTickListFix$PoorMansPalettedContainer	net/minecraft/class_6740$class_6741
CLASS	net/minecraft/util/datafix/fixes/ChunkRenamesFix	net/minecraft/class_6742
CLASS	net/minecraft/util/datafix/fixes/ChunkStatusFix	net/minecraft/class_3589
CLASS	net/minecraft/util/datafix/fixes/ChunkStatusFix2	net/minecraft/class_3788
CLASS	net/minecraft/util/datafix/fixes/ChunkStructuresTemplateRenameFix	net/minecraft/class_3590
CLASS	net/minecraft/util/datafix/fixes/ChunkTicketUnpackPosFix	net/minecraft/class_10767
CLASS	net/minecraft/util/datafix/fixes/ChunkToProtochunkFix	net/minecraft/class_3591
CLASS	net/minecraft/util/datafix/fixes/ColorlessShulkerEntityFix	net/minecraft/class_3592
CLASS	net/minecraft/util/datafix/fixes/ContainerBlockEntityLockPredicateFix	net/minecraft/class_10247
CLASS	net/minecraft/util/datafix/fixes/CopperGolemWeatherStateFix	net/minecraft/class_11707
CLASS	net/minecraft/util/datafix/fixes/CriteriaRenameFix	net/minecraft/class_7370
CLASS	net/minecraft/util/datafix/fixes/CustomModelDataExpandFix	net/minecraft/class_10389
CLASS	net/minecraft/util/datafix/fixes/DataComponentRemainderFix	net/minecraft/class_9342
CLASS	net/minecraft/util/datafix/fixes/DebugProfileOverlayReferenceFix	net/minecraft/class_12102
CLASS	net/minecraft/util/datafix/fixes/DecoratedPotFieldRenameFix	net/minecraft/class_8504
CLASS	net/minecraft/util/datafix/fixes/DropChancesFormatFix	net/minecraft/class_10563
CLASS	net/minecraft/util/datafix/fixes/DropInvalidSignDataFix	net/minecraft/class_8625
CLASS	net/minecraft/util/datafix/fixes/DyeItemRenameFix	net/minecraft/class_3593
CLASS	net/minecraft/util/datafix/fixes/EffectDurationFix	net/minecraft/class_8079
CLASS	net/minecraft/util/datafix/fixes/EmptyItemInHotbarFix	net/minecraft/class_9266
CLASS	net/minecraft/util/datafix/fixes/EmptyItemInVillagerTradeFix	net/minecraft/class_9649
CLASS	net/minecraft/util/datafix/fixes/EntityArmorStandSilentFix	net/minecraft/class_3594
CLASS	net/minecraft/util/datafix/fixes/EntityAttributeBaseValueFix	net/minecraft/class_10554
CLASS	net/minecraft/util/datafix/fixes/EntityBlockStateFix	net/minecraft/class_3595
CLASS	net/minecraft/util/datafix/fixes/EntityBrushableBlockFieldsRenameFix	net/minecraft/class_8222
CLASS	net/minecraft/util/datafix/fixes/EntityCatSplitFix	net/minecraft/class_3725
CLASS	net/minecraft/util/datafix/fixes/EntityCodSalmonFix	net/minecraft/class_3596
CLASS	net/minecraft/util/datafix/fixes/EntityCustomNameToComponentFix	net/minecraft/class_3597
CLASS	net/minecraft/util/datafix/fixes/EntityElderGuardianSplitFix	net/minecraft/class_3598
CLASS	net/minecraft/util/datafix/fixes/EntityEquipmentToArmorAndHandFix	net/minecraft/class_3599
CLASS	net/minecraft/util/datafix/fixes/EntityFallDistanceFloatToDoubleFix	net/minecraft/class_10620
CLASS	net/minecraft/util/datafix/fixes/EntityFieldsRenameFix	net/minecraft/class_10372
CLASS	net/minecraft/util/datafix/fixes/EntityGoatMissingStateFix	net/minecraft/class_7520
CLASS	net/minecraft/util/datafix/fixes/EntityHealthFix	net/minecraft/class_3600
CLASS	net/minecraft/util/datafix/fixes/EntityHorseSaddleFix	net/minecraft/class_3601
CLASS	net/minecraft/util/datafix/fixes/EntityHorseSplitFix	net/minecraft/class_3602
CLASS	net/minecraft/util/datafix/fixes/EntityIdFix	net/minecraft/class_3603
CLASS	net/minecraft/util/datafix/fixes/EntityItemFrameDirectionFix	net/minecraft/class_3604
CLASS	net/minecraft/util/datafix/fixes/EntityMinecartIdentifiersFix	net/minecraft/class_3605
CLASS	net/minecraft/util/datafix/fixes/EntityPaintingItemFrameDirectionFix	net/minecraft/class_3606
CLASS	net/minecraft/util/datafix/fixes/EntityPaintingMotiveFix	net/minecraft/class_3607
CLASS	net/minecraft/util/datafix/fixes/EntityProjectileOwnerFix	net/minecraft/class_4860
CLASS	net/minecraft/util/datafix/fixes/EntityPufferfishRenameFix	net/minecraft/class_3608
CLASS	net/minecraft/util/datafix/fixes/EntityRavagerRenameFix	net/minecraft/class_3983
CLASS	net/minecraft/util/datafix/fixes/EntityRedundantChanceTagsFix	net/minecraft/class_1165
CLASS	net/minecraft/util/datafix/fixes/EntityRenameFix	net/minecraft/class_1167
CLASS	net/minecraft/util/datafix/fixes/EntityRidingToPassengersFix	net/minecraft/class_1166
CLASS	net/minecraft/util/datafix/fixes/EntitySalmonSizeFix	net/minecraft/class_10369
CLASS	net/minecraft/util/datafix/fixes/EntityShulkerColorFix	net/minecraft/class_1169
CLASS	net/minecraft/util/datafix/fixes/EntityShulkerRotationFix	net/minecraft/class_5277
CLASS	net/minecraft/util/datafix/fixes/EntitySkeletonSplitFix	net/minecraft/class_1168
CLASS	net/minecraft/util/datafix/fixes/EntitySpawnerItemVariantComponentFix	net/minecraft/class_10621
CLASS	net/minecraft/util/datafix/fixes/EntitySpawnerItemVariantComponentFix$Fixer	net/minecraft/class_10621$class_10622
CLASS	net/minecraft/util/datafix/fixes/EntityStringUuidFix	net/minecraft/class_1171
CLASS	net/minecraft/util/datafix/fixes/EntityTheRenameningFix	net/minecraft/class_1170
CLASS	net/minecraft/util/datafix/fixes/EntityTippedArrowFix	net/minecraft/class_1173
CLASS	net/minecraft/util/datafix/fixes/EntityUUIDFix	net/minecraft/class_4960
CLASS	net/minecraft/util/datafix/fixes/EntityVariantFix	net/minecraft/class_7371
CLASS	net/minecraft/util/datafix/fixes/EntityWolfColorFix	net/minecraft/class_1172
CLASS	net/minecraft/util/datafix/fixes/EntityZombieSplitFix	net/minecraft/class_1175
CLASS	net/minecraft/util/datafix/fixes/EntityZombieVillagerTypeFix	net/minecraft/class_1174
CLASS	net/minecraft/util/datafix/fixes/EntityZombifiedPiglinRenameFix	net/minecraft/class_4846
CLASS	net/minecraft/util/datafix/fixes/EquipmentFormatFix	net/minecraft/class_10623
CLASS	net/minecraft/util/datafix/fixes/EquippableAssetRenameFix	net/minecraft/class_10390
CLASS	net/minecraft/util/datafix/fixes/FeatureFlagRemoveFix	net/minecraft/class_8223
CLASS	net/minecraft/util/datafix/fixes/FilteredBooksFix	net/minecraft/class_7503
CLASS	net/minecraft/util/datafix/fixes/FilteredSignsFix	net/minecraft/class_7504
CLASS	net/minecraft/util/datafix/fixes/FireResistantToDamageResistantComponentFix	net/minecraft/class_10208
CLASS	net/minecraft/util/datafix/fixes/FixProjectileStoredItem	net/minecraft/class_8918
CLASS	net/minecraft/util/datafix/fixes/FixProjectileStoredItem$SubFixer	net/minecraft/class_8918$class_8919
CLASS	net/minecraft/util/datafix/fixes/FixWolfHealth	net/minecraft/class_9229
CLASS	net/minecraft/util/datafix/fixes/FoodToConsumableFix	net/minecraft/class_10119
CLASS	net/minecraft/util/datafix/fixes/ForcePoiRebuild	net/minecraft/class_4731
CLASS	net/minecraft/util/datafix/fixes/ForcedChunkToTicketFix	net/minecraft/class_10564
CLASS	net/minecraft/util/datafix/fixes/FurnaceRecipeFix	net/minecraft/class_4752
CLASS	net/minecraft/util/datafix/fixes/GameRuleRegistryFix	net/minecraft/class_12255
CLASS	net/minecraft/util/datafix/fixes/GoatHornIdFix	net/minecraft/class_7442
CLASS	net/minecraft/util/datafix/fixes/GossipUUIDFix	net/minecraft/class_4976
CLASS	net/minecraft/util/datafix/fixes/HeightmapRenamingFix	net/minecraft/class_1177
CLASS	net/minecraft/util/datafix/fixes/HorseBodyArmorItemFix	net/minecraft/class_9183
CLASS	net/minecraft/util/datafix/fixes/IglooMetadataRemovalFix	net/minecraft/class_1176
CLASS	net/minecraft/util/datafix/fixes/InlineBlockPosFormatFix	net/minecraft/class_10768
CLASS	net/minecraft/util/datafix/fixes/InvalidBlockEntityLockFix	net/minecraft/class_10391
CLASS	net/minecraft/util/datafix/fixes/InvalidLockComponentFix	net/minecraft/class_10392
CLASS	net/minecraft/util/datafix/fixes/ItemBannerColorFix	net/minecraft/class_1179
CLASS	net/minecraft/util/datafix/fixes/ItemCustomNameToComponentFix	net/minecraft/class_1178
CLASS	net/minecraft/util/datafix/fixes/ItemIdFix	net/minecraft/class_1181
CLASS	net/minecraft/util/datafix/fixes/ItemLoreFix	net/minecraft/class_1180
CLASS	net/minecraft/util/datafix/fixes/ItemPotionFix	net/minecraft/class_1183
CLASS	net/minecraft/util/datafix/fixes/ItemRenameFix	net/minecraft/class_1182
CLASS	net/minecraft/util/datafix/fixes/ItemRenameFix$1	net/minecraft/class_1182$1
CLASS	net/minecraft/util/datafix/fixes/ItemShulkerBoxColorFix	net/minecraft/class_1185
CLASS	net/minecraft/util/datafix/fixes/ItemSpawnEggFix	net/minecraft/class_1184
CLASS	net/minecraft/util/datafix/fixes/ItemStackComponentizationFix	net/minecraft/class_9267
CLASS	net/minecraft/util/datafix/fixes/ItemStackComponentizationFix$ItemStackData	net/minecraft/class_9267$class_9268
CLASS	net/minecraft/util/datafix/fixes/ItemStackCustomNameToOverrideComponentFix	net/minecraft/class_9452
CLASS	net/minecraft/util/datafix/fixes/ItemStackEnchantmentNamesFix	net/minecraft/class_1187
CLASS	net/minecraft/util/datafix/fixes/ItemStackMapIdFix	net/minecraft/class_1186
CLASS	net/minecraft/util/datafix/fixes/ItemStackSpawnEggFix	net/minecraft/class_1189
CLASS	net/minecraft/util/datafix/fixes/ItemStackTagFix	net/minecraft/class_7505
CLASS	net/minecraft/util/datafix/fixes/ItemStackTagRemainderFix	net/minecraft/class_10565
CLASS	net/minecraft/util/datafix/fixes/ItemStackTheFlatteningFix	net/minecraft/class_1188
CLASS	net/minecraft/util/datafix/fixes/ItemStackUUIDFix	net/minecraft/class_4961
CLASS	net/minecraft/util/datafix/fixes/ItemWaterPotionFix	net/minecraft/class_1190
CLASS	net/minecraft/util/datafix/fixes/JigsawPropertiesFix	net/minecraft/class_4977
CLASS	net/minecraft/util/datafix/fixes/JigsawRotationFix	net/minecraft/class_4978
CLASS	net/minecraft/util/datafix/fixes/JukeboxTicksSinceSongStartedFix	net/minecraft/class_9786
CLASS	net/minecraft/util/datafix/fixes/LeavesFix	net/minecraft/class_1191
CLASS	net/minecraft/util/datafix/fixes/LeavesFix$LeavesSection	net/minecraft/class_1191$class_1192
CLASS	net/minecraft/util/datafix/fixes/LeavesFix$Section	net/minecraft/class_1191$class_1193
CLASS	net/minecraft/util/datafix/fixes/LegacyDimensionIdFix	net/minecraft/class_11342
CLASS	net/minecraft/util/datafix/fixes/LegacyDragonFightFix	net/minecraft/class_8575
CLASS	net/minecraft/util/datafix/fixes/LegacyHoverEventFix	net/minecraft/class_10566
CLASS	net/minecraft/util/datafix/fixes/LegacyWorldBorderFix	net/minecraft/class_11888
CLASS	net/minecraft/util/datafix/fixes/LevelDataGeneratorOptionsFix	net/minecraft/class_1196
CLASS	net/minecraft/util/datafix/fixes/LevelFlatGeneratorInfoFix	net/minecraft/class_1195
CLASS	net/minecraft/util/datafix/fixes/LevelLegacyWorldGenSettingsFix	net/minecraft/class_8876
CLASS	net/minecraft/util/datafix/fixes/LevelUUIDFix	net/minecraft/class_4962
CLASS	net/minecraft/util/datafix/fixes/LockComponentPredicateFix	net/minecraft/class_10248
CLASS	net/minecraft/util/datafix/fixes/LodestoneCompassComponentFix	net/minecraft/class_9343
CLASS	net/minecraft/util/datafix/fixes/MapBannerBlockPosFormatFix	net/minecraft/class_9231
CLASS	net/minecraft/util/datafix/fixes/MapIdFix	net/minecraft/class_3970
CLASS	net/minecraft/util/datafix/fixes/MemoryExpiryDataFix	net/minecraft/class_4803
CLASS	net/minecraft/util/datafix/fixes/MissingDimensionFix	net/minecraft/class_5396
CLASS	net/minecraft/util/datafix/fixes/MobEffectIdFix	net/minecraft/class_8744
CLASS	net/minecraft/util/datafix/fixes/MobSpawnerEntityIdentifiersFix	net/minecraft/class_1198
CLASS	net/minecraft/util/datafix/fixes/NamedEntityConvertUncheckedFix	net/minecraft/class_10679
CLASS	net/minecraft/util/datafix/fixes/NamedEntityFix	net/minecraft/class_1197
CLASS	net/minecraft/util/datafix/fixes/NamedEntityWriteReadFix	net/minecraft/class_8877
CLASS	net/minecraft/util/datafix/fixes/NamespacedTypeRenameFix	net/minecraft/class_7293
CLASS	net/minecraft/util/datafix/fixes/NewVillageFix	net/minecraft/class_3904
CLASS	net/minecraft/util/datafix/fixes/ObjectiveRenderTypeFix	net/minecraft/class_1199
CLASS	net/minecraft/util/datafix/fixes/OminousBannerBlockEntityRenameFix	net/minecraft/class_4299
CLASS	net/minecraft/util/datafix/fixes/OminousBannerRarityFix	net/minecraft/class_9856
CLASS	net/minecraft/util/datafix/fixes/OminousBannerRenameFix	net/minecraft/class_4294
CLASS	net/minecraft/util/datafix/fixes/OptionsAccessibilityOnboardFix	net/minecraft/class_8014
CLASS	net/minecraft/util/datafix/fixes/OptionsAddTextBackgroundFix	net/minecraft/class_4092
CLASS	net/minecraft/util/datafix/fixes/OptionsAmbientOcclusionFix	net/minecraft/class_8004
CLASS	net/minecraft/util/datafix/fixes/OptionsFancyGraphicsToGraphicsModeFix	net/minecraft/class_12103
CLASS	net/minecraft/util/datafix/fixes/OptionsForceVBOFix	net/minecraft/class_1202
CLASS	net/minecraft/util/datafix/fixes/OptionsGraphicsModeSplitFix	net/minecraft/class_12104
CLASS	net/minecraft/util/datafix/fixes/OptionsKeyLwjgl3Fix	net/minecraft/class_1201
CLASS	net/minecraft/util/datafix/fixes/OptionsKeyTranslationFix	net/minecraft/class_1204
CLASS	net/minecraft/util/datafix/fixes/OptionsLowerCaseLanguageFix	net/minecraft/class_1203
CLASS	net/minecraft/util/datafix/fixes/OptionsMenuBlurrinessFix	net/minecraft/class_9774
CLASS	net/minecraft/util/datafix/fixes/OptionsMusicToastFix	net/minecraft/class_12341
CLASS	net/minecraft/util/datafix/fixes/OptionsProgrammerArtFix	net/minecraft/class_7683
CLASS	net/minecraft/util/datafix/fixes/OptionsRenameFieldFix	net/minecraft/class_5404
CLASS	net/minecraft/util/datafix/fixes/OptionsSetGraphicsPresetToCustomFix	net/minecraft/class_12105
CLASS	net/minecraft/util/datafix/fixes/OverreachingTickFix	net/minecraft/class_6909
CLASS	net/minecraft/util/datafix/fixes/ParticleUnflatteningFix	net/minecraft/class_9650
CLASS	net/minecraft/util/datafix/fixes/PlayerEquipmentFix	net/minecraft/class_10753
CLASS	net/minecraft/util/datafix/fixes/PlayerHeadBlockProfileFix	net/minecraft/class_9344
CLASS	net/minecraft/util/datafix/fixes/PlayerRespawnDataFix	net/minecraft/class_12062
CLASS	net/minecraft/util/datafix/fixes/PlayerUUIDFix	net/minecraft/class_4963
CLASS	net/minecraft/util/datafix/fixes/PoiTypeRemoveFix	net/minecraft/class_7506
CLASS	net/minecraft/util/datafix/fixes/PoiTypeRenameFix	net/minecraft/class_7507
CLASS	net/minecraft/util/datafix/fixes/PrimedTntBlockStateFixer	net/minecraft/class_8878
CLASS	net/minecraft/util/datafix/fixes/ProjectileStoredWeaponFix	net/minecraft/class_9689
CLASS	net/minecraft/util/datafix/fixes/RaidRenamesDataFix	net/minecraft/class_10729
CLASS	net/minecraft/util/datafix/fixes/RandomSequenceSettingsFix	net/minecraft/class_8626
CLASS	net/minecraft/util/datafix/fixes/RecipesFix	net/minecraft/class_1206
CLASS	net/minecraft/util/datafix/fixes/RecipesRenameningFix	net/minecraft/class_1205
CLASS	net/minecraft/util/datafix/fixes/RedstoneWireConnectionsFix	net/minecraft/class_5255
CLASS	net/minecraft/util/datafix/fixes/References	net/minecraft/class_1208
CLASS	net/minecraft/util/datafix/fixes/References$1	net/minecraft/class_1208$1
CLASS	net/minecraft/util/datafix/fixes/RemapChunkStatusFix	net/minecraft/class_8505
CLASS	net/minecraft/util/datafix/fixes/RemoveBlockEntityTagFix	net/minecraft/class_7641
CLASS	net/minecraft/util/datafix/fixes/RemoveEmptyItemInBrushableBlockFix	net/minecraft/class_9687
CLASS	net/minecraft/util/datafix/fixes/RemoveGolemGossipFix	net/minecraft/class_5429
CLASS	net/minecraft/util/datafix/fixes/RenameEnchantmentsFix	net/minecraft/class_9106
CLASS	net/minecraft/util/datafix/fixes/RenamedCoralFansFix	net/minecraft/class_1207
CLASS	net/minecraft/util/datafix/fixes/RenamedCoralFix	net/minecraft/class_1210
CLASS	net/minecraft/util/datafix/fixes/ReorganizePoi	net/minecraft/class_4285
CLASS	net/minecraft/util/datafix/fixes/SaddleEquipmentSlotFix	net/minecraft/class_10624
CLASS	net/minecraft/util/datafix/fixes/SavedDataFeaturePoolElementFix	net/minecraft/class_5947
CLASS	net/minecraft/util/datafix/fixes/SavedDataUUIDFix	net/minecraft/class_4964
CLASS	net/minecraft/util/datafix/fixes/ScoreboardDisplayNameFix	net/minecraft/class_10567
CLASS	net/minecraft/util/datafix/fixes/ScoreboardDisplaySlotFix	net/minecraft/class_8627
CLASS	net/minecraft/util/datafix/fixes/SignTextStrictJsonFix	net/minecraft/class_11536
CLASS	net/minecraft/util/datafix/fixes/SimpleEntityRenameFix	net/minecraft/class_1212
CLASS	net/minecraft/util/datafix/fixes/SimplestEntityRenameFix	net/minecraft/class_1211
CLASS	net/minecraft/util/datafix/fixes/SpawnerDataFix	net/minecraft/class_6503
CLASS	net/minecraft/util/datafix/fixes/StatsCounterFix	net/minecraft/class_1214
CLASS	net/minecraft/util/datafix/fixes/StatsCounterFix$StatType	net/minecraft/class_1214$class_8628
CLASS	net/minecraft/util/datafix/fixes/StatsRenameFix	net/minecraft/class_1213
CLASS	net/minecraft/util/datafix/fixes/StriderGravityFix	net/minecraft/class_5256
CLASS	net/minecraft/util/datafix/fixes/StructureReferenceCountFix	net/minecraft/class_4695
CLASS	net/minecraft/util/datafix/fixes/StructureSettingsFlattenFix	net/minecraft/class_6867
CLASS	net/minecraft/util/datafix/fixes/StructuresBecomeConfiguredFix	net/minecraft/class_7046
CLASS	net/minecraft/util/datafix/fixes/StructuresBecomeConfiguredFix$Conversion	net/minecraft/class_7046$class_7047
CLASS	net/minecraft/util/datafix/fixes/TextComponentHoverAndClickEventFix	net/minecraft/class_10568
CLASS	net/minecraft/util/datafix/fixes/TextComponentStringifiedFlagsFix	net/minecraft/class_10570
CLASS	net/minecraft/util/datafix/fixes/ThrownPotionSplitFix	net/minecraft/class_10680
CLASS	net/minecraft/util/datafix/fixes/ThrownPotionSplitFix$ItemIdFinder	net/minecraft/class_10680$class_10681
CLASS	net/minecraft/util/datafix/fixes/TippedArrowPotionToItemFix	net/minecraft/class_9269
CLASS	net/minecraft/util/datafix/fixes/TooltipDisplayComponentFix	net/minecraft/class_10682
CLASS	net/minecraft/util/datafix/fixes/TrappedChestBlockEntityFix	net/minecraft/class_1215
CLASS	net/minecraft/util/datafix/fixes/TrappedChestBlockEntityFix$TrappedChestSection	net/minecraft/class_1215$class_1216
CLASS	net/minecraft/util/datafix/fixes/TrialSpawnerConfigFix	net/minecraft/class_9453
CLASS	net/minecraft/util/datafix/fixes/TrialSpawnerConfigInRegistryFix	net/minecraft/class_10163
CLASS	net/minecraft/util/datafix/fixes/TrialSpawnerConfigInRegistryFix$VanillaTrialChambers	net/minecraft/class_10163$class_10164
CLASS	net/minecraft/util/datafix/fixes/TridentAnimationFix	net/minecraft/class_12106
CLASS	net/minecraft/util/datafix/fixes/UnflattenTextComponentFix	net/minecraft/class_10571
CLASS	net/minecraft/util/datafix/fixes/VariantRenameFix	net/minecraft/class_7508
CLASS	net/minecraft/util/datafix/fixes/VillagerDataFix	net/minecraft/class_3845
CLASS	net/minecraft/util/datafix/fixes/VillagerFollowRangeFix	net/minecraft/class_5273
CLASS	net/minecraft/util/datafix/fixes/VillagerRebuildLevelAndXpFix	net/minecraft/class_4300
CLASS	net/minecraft/util/datafix/fixes/VillagerSetCanPickUpLootFix	net/minecraft/class_10120
CLASS	net/minecraft/util/datafix/fixes/VillagerTradeFix	net/minecraft/class_1219
CLASS	net/minecraft/util/datafix/fixes/WallPropertyFix	net/minecraft/class_4754
CLASS	net/minecraft/util/datafix/fixes/WeaponSmithChestLootTableFix	net/minecraft/class_6858
CLASS	net/minecraft/util/datafix/fixes/WorldBorderWarningTimeFix	net/minecraft/class_12256
CLASS	net/minecraft/util/datafix/fixes/WorldGenSettingsDisallowOldCustomWorldsFix	net/minecraft/class_6638
CLASS	net/minecraft/util/datafix/fixes/WorldGenSettingsFix	net/minecraft/class_5299
CLASS	net/minecraft/util/datafix/fixes/WorldGenSettingsFix$StructureFeatureConfiguration	net/minecraft/class_5299$class_5300
CLASS	net/minecraft/util/datafix/fixes/WorldGenSettingsHeightAndBiomeFix	net/minecraft/class_6639
CLASS	net/minecraft/util/datafix/fixes/WorldSpawnDataFix	net/minecraft/class_12063
CLASS	net/minecraft/util/datafix/fixes/WriteAndReadFix	net/minecraft/class_1218
CLASS	net/minecraft/util/datafix/fixes/WrittenBookPagesStrictJsonFix	net/minecraft/class_11537
CLASS	net/minecraft/util/datafix/fixes/ZombieVillagerRebuildXpFix	net/minecraft/class_4301
CLASS	net/minecraft/util/datafix/fixes/package-info	net/minecraft/class_5997
CLASS	net/minecraft/util/datafix/package-info	net/minecraft/class_5998
CLASS	net/minecraft/util/datafix/schemas/NamespacedSchema	net/minecraft/class_1220
CLASS	net/minecraft/util/datafix/schemas/NamespacedSchema$1	net/minecraft/class_1220$1
CLASS	net/minecraft/util/datafix/schemas/V100	net/minecraft/class_1222
CLASS	net/minecraft/util/datafix/schemas/V102	net/minecraft/class_1221
CLASS	net/minecraft/util/datafix/schemas/V1022	net/minecraft/class_1224
CLASS	net/minecraft/util/datafix/schemas/V106	net/minecraft/class_1223
CLASS	net/minecraft/util/datafix/schemas/V107	net/minecraft/class_1226
CLASS	net/minecraft/util/datafix/schemas/V1125	net/minecraft/class_1225
CLASS	net/minecraft/util/datafix/schemas/V135	net/minecraft/class_1228
CLASS	net/minecraft/util/datafix/schemas/V143	net/minecraft/class_1227
CLASS	net/minecraft/util/datafix/schemas/V1451	net/minecraft/class_1230
CLASS	net/minecraft/util/datafix/schemas/V1451_1	net/minecraft/class_1229
CLASS	net/minecraft/util/datafix/schemas/V1451_2	net/minecraft/class_1232
CLASS	net/minecraft/util/datafix/schemas/V1451_3	net/minecraft/class_1231
CLASS	net/minecraft/util/datafix/schemas/V1451_4	net/minecraft/class_1234
CLASS	net/minecraft/util/datafix/schemas/V1451_5	net/minecraft/class_1233
CLASS	net/minecraft/util/datafix/schemas/V1451_6	net/minecraft/class_1236
CLASS	net/minecraft/util/datafix/schemas/V1451_6$1	net/minecraft/class_1236$1
CLASS	net/minecraft/util/datafix/schemas/V1451_6$2	net/minecraft/class_1236$2
CLASS	net/minecraft/util/datafix/schemas/V1458	net/minecraft/class_10572
CLASS	net/minecraft/util/datafix/schemas/V1460	net/minecraft/class_1238
CLASS	net/minecraft/util/datafix/schemas/V1466	net/minecraft/class_1237
CLASS	net/minecraft/util/datafix/schemas/V1470	net/minecraft/class_1240
CLASS	net/minecraft/util/datafix/schemas/V1481	net/minecraft/class_1239
CLASS	net/minecraft/util/datafix/schemas/V1483	net/minecraft/class_1242
CLASS	net/minecraft/util/datafix/schemas/V1486	net/minecraft/class_1241
CLASS	net/minecraft/util/datafix/schemas/V1488	net/minecraft/class_10573
CLASS	net/minecraft/util/datafix/schemas/V1510	net/minecraft/class_1243
CLASS	net/minecraft/util/datafix/schemas/V1800	net/minecraft/class_1245
CLASS	net/minecraft/util/datafix/schemas/V1801	net/minecraft/class_1244
CLASS	net/minecraft/util/datafix/schemas/V1904	net/minecraft/class_3686
CLASS	net/minecraft/util/datafix/schemas/V1906	net/minecraft/class_3687
CLASS	net/minecraft/util/datafix/schemas/V1909	net/minecraft/class_3743
CLASS	net/minecraft/util/datafix/schemas/V1920	net/minecraft/class_3905
CLASS	net/minecraft/util/datafix/schemas/V1928	net/minecraft/class_3984
CLASS	net/minecraft/util/datafix/schemas/V1929	net/minecraft/class_3985
CLASS	net/minecraft/util/datafix/schemas/V1931	net/minecraft/class_4016
CLASS	net/minecraft/util/datafix/schemas/V2100	net/minecraft/class_4465
CLASS	net/minecraft/util/datafix/schemas/V2501	net/minecraft/class_4755
CLASS	net/minecraft/util/datafix/schemas/V2502	net/minecraft/class_4756
CLASS	net/minecraft/util/datafix/schemas/V2505	net/minecraft/class_4804
CLASS	net/minecraft/util/datafix/schemas/V2509	net/minecraft/class_4847
CLASS	net/minecraft/util/datafix/schemas/V2511_1	net/minecraft/class_10683
CLASS	net/minecraft/util/datafix/schemas/V2519	net/minecraft/class_4979
CLASS	net/minecraft/util/datafix/schemas/V2522	net/minecraft/class_5130
CLASS	net/minecraft/util/datafix/schemas/V2551	net/minecraft/class_5301
CLASS	net/minecraft/util/datafix/schemas/V2568	net/minecraft/class_5416
CLASS	net/minecraft/util/datafix/schemas/V2571	net/minecraft/class_5999
CLASS	net/minecraft/util/datafix/schemas/V2684	net/minecraft/class_5701
CLASS	net/minecraft/util/datafix/schemas/V2686	net/minecraft/class_5752
CLASS	net/minecraft/util/datafix/schemas/V2688	net/minecraft/class_5775
CLASS	net/minecraft/util/datafix/schemas/V2704	net/minecraft/class_6000
CLASS	net/minecraft/util/datafix/schemas/V2707	net/minecraft/class_6332
CLASS	net/minecraft/util/datafix/schemas/V2831	net/minecraft/class_6504
CLASS	net/minecraft/util/datafix/schemas/V2832	net/minecraft/class_6640
CLASS	net/minecraft/util/datafix/schemas/V2842	net/minecraft/class_6743
CLASS	net/minecraft/util/datafix/schemas/V3076	net/minecraft/class_7092
CLASS	net/minecraft/util/datafix/schemas/V3078	net/minecraft/class_7093
CLASS	net/minecraft/util/datafix/schemas/V3081	net/minecraft/class_7245
CLASS	net/minecraft/util/datafix/schemas/V3082	net/minecraft/class_7246
CLASS	net/minecraft/util/datafix/schemas/V3083	net/minecraft/class_7294
CLASS	net/minecraft/util/datafix/schemas/V3202	net/minecraft/class_7684
CLASS	net/minecraft/util/datafix/schemas/V3203	net/minecraft/class_7685
CLASS	net/minecraft/util/datafix/schemas/V3204	net/minecraft/class_7686
CLASS	net/minecraft/util/datafix/schemas/V3325	net/minecraft/class_8106
CLASS	net/minecraft/util/datafix/schemas/V3326	net/minecraft/class_8146
CLASS	net/minecraft/util/datafix/schemas/V3327	net/minecraft/class_8147
CLASS	net/minecraft/util/datafix/schemas/V3328	net/minecraft/class_8148
CLASS	net/minecraft/util/datafix/schemas/V3438	net/minecraft/class_8224
CLASS	net/minecraft/util/datafix/schemas/V3439	net/minecraft/class_10575
CLASS	net/minecraft/util/datafix/schemas/V3439_1	net/minecraft/class_11181
CLASS	net/minecraft/util/datafix/schemas/V3448	net/minecraft/class_8506
CLASS	net/minecraft/util/datafix/schemas/V3682	net/minecraft/class_8879
CLASS	net/minecraft/util/datafix/schemas/V3683	net/minecraft/class_8880
CLASS	net/minecraft/util/datafix/schemas/V3685	net/minecraft/class_8920
CLASS	net/minecraft/util/datafix/schemas/V3689	net/minecraft/class_8945
CLASS	net/minecraft/util/datafix/schemas/V3799	net/minecraft/class_9061
CLASS	net/minecraft/util/datafix/schemas/V3807	net/minecraft/class_9184
CLASS	net/minecraft/util/datafix/schemas/V3808	net/minecraft/class_9185
CLASS	net/minecraft/util/datafix/schemas/V3808_1	net/minecraft/class_9186
CLASS	net/minecraft/util/datafix/schemas/V3808_2	net/minecraft/class_9688
CLASS	net/minecraft/util/datafix/schemas/V3813	net/minecraft/class_10576
CLASS	net/minecraft/util/datafix/schemas/V3816	net/minecraft/class_9253
CLASS	net/minecraft/util/datafix/schemas/V3818	net/minecraft/class_9270
CLASS	net/minecraft/util/datafix/schemas/V3818_3	net/minecraft/class_9271
CLASS	net/minecraft/util/datafix/schemas/V3818_4	net/minecraft/class_9272
CLASS	net/minecraft/util/datafix/schemas/V3818_5	net/minecraft/class_9651
CLASS	net/minecraft/util/datafix/schemas/V3825	net/minecraft/class_9454
CLASS	net/minecraft/util/datafix/schemas/V3938	net/minecraft/class_9690
CLASS	net/minecraft/util/datafix/schemas/V4059	net/minecraft/class_10121
CLASS	net/minecraft/util/datafix/schemas/V4067	net/minecraft/class_10249
CLASS	net/minecraft/util/datafix/schemas/V4070	net/minecraft/class_10273
CLASS	net/minecraft/util/datafix/schemas/V4071	net/minecraft/class_10274
CLASS	net/minecraft/util/datafix/schemas/V4290	net/minecraft/class_10577
CLASS	net/minecraft/util/datafix/schemas/V4292	net/minecraft/class_10578
CLASS	net/minecraft/util/datafix/schemas/V4300	net/minecraft/class_10625
CLASS	net/minecraft/util/datafix/schemas/V4301	net/minecraft/class_10626
CLASS	net/minecraft/util/datafix/schemas/V4302	net/minecraft/class_10627
CLASS	net/minecraft/util/datafix/schemas/V4306	net/minecraft/class_10684
CLASS	net/minecraft/util/datafix/schemas/V4307	net/minecraft/class_10685
CLASS	net/minecraft/util/datafix/schemas/V4312	net/minecraft/class_10754
CLASS	net/minecraft/util/datafix/schemas/V4420	net/minecraft/class_11182
CLASS	net/minecraft/util/datafix/schemas/V4421	net/minecraft/class_11183
CLASS	net/minecraft/util/datafix/schemas/V4531	net/minecraft/class_11562
CLASS	net/minecraft/util/datafix/schemas/V4532	net/minecraft/class_11563
CLASS	net/minecraft/util/datafix/schemas/V4533	net/minecraft/class_11564
CLASS	net/minecraft/util/datafix/schemas/V4543	net/minecraft/class_11889
CLASS	net/minecraft/util/datafix/schemas/V4648	net/minecraft/class_12107
CLASS	net/minecraft/util/datafix/schemas/V4656	net/minecraft/class_12257
CLASS	net/minecraft/util/datafix/schemas/V501	net/minecraft/class_1247
CLASS	net/minecraft/util/datafix/schemas/V700	net/minecraft/class_1246
CLASS	net/minecraft/util/datafix/schemas/V701	net/minecraft/class_1249
CLASS	net/minecraft/util/datafix/schemas/V702	net/minecraft/class_1248
CLASS	net/minecraft/util/datafix/schemas/V703	net/minecraft/class_1251
CLASS	net/minecraft/util/datafix/schemas/V704	net/minecraft/class_1250
CLASS	net/minecraft/util/datafix/schemas/V704$1	net/minecraft/class_1250$1
CLASS	net/minecraft/util/datafix/schemas/V705	net/minecraft/class_1253
CLASS	net/minecraft/util/datafix/schemas/V705$1	net/minecraft/class_1253$1
CLASS	net/minecraft/util/datafix/schemas/V808	net/minecraft/class_1252
CLASS	net/minecraft/util/datafix/schemas/V99	net/minecraft/class_1254
CLASS	net/minecraft/util/datafix/schemas/V99$1	net/minecraft/class_1254$1
CLASS	net/minecraft/util/datafix/schemas/package-info	net/minecraft/class_6001
CLASS	net/minecraft/util/debug/DebugBeeInfo	net/minecraft/class_12005
CLASS	net/minecraft/util/debug/DebugBrainDump	net/minecraft/class_12006
CLASS	net/minecraft/util/debug/DebugBreezeInfo	net/minecraft/class_12007
CLASS	net/minecraft/util/debug/DebugEntityBlockIntersection	net/minecraft/class_12008
CLASS	net/minecraft/util/debug/DebugGameEventInfo	net/minecraft/class_12009
CLASS	net/minecraft/util/debug/DebugGameEventListenerInfo	net/minecraft/class_12010
CLASS	net/minecraft/util/debug/DebugGoalInfo	net/minecraft/class_12011
CLASS	net/minecraft/util/debug/DebugGoalInfo$DebugGoal	net/minecraft/class_12011$class_8717
CLASS	net/minecraft/util/debug/DebugHiveInfo	net/minecraft/class_12012
CLASS	net/minecraft/util/debug/DebugPathInfo	net/minecraft/class_12013
CLASS	net/minecraft/util/debug/DebugPoiInfo	net/minecraft/class_12014
CLASS	net/minecraft/util/debug/DebugStructureInfo	net/minecraft/class_12015
CLASS	net/minecraft/util/debug/DebugStructureInfo$Piece	net/minecraft/class_12015$class_12016
CLASS	net/minecraft/util/debug/DebugSubscription	net/minecraft/class_12017
CLASS	net/minecraft/util/debug/DebugSubscription$Event	net/minecraft/class_12017$class_12018
CLASS	net/minecraft/util/debug/DebugSubscription$Update	net/minecraft/class_12017$class_12019
CLASS	net/minecraft/util/debug/DebugSubscriptions	net/minecraft/class_12020
CLASS	net/minecraft/util/debug/DebugValueAccess	net/minecraft/class_12021
CLASS	net/minecraft/util/debug/DebugValueAccess$EventVisitor	net/minecraft/class_12021$class_12022
CLASS	net/minecraft/util/debug/DebugValueSource	net/minecraft/class_12023
CLASS	net/minecraft/util/debug/DebugValueSource$Registration	net/minecraft/class_12023$class_12024
CLASS	net/minecraft/util/debug/DebugValueSource$ValueGetter	net/minecraft/class_12023$class_12025
CLASS	net/minecraft/util/debug/LevelDebugSynchronizers	net/minecraft/class_12026
CLASS	net/minecraft/util/debug/LevelDebugSynchronizers$1	net/minecraft/class_12026$1
CLASS	net/minecraft/util/debug/LevelDebugSynchronizers$2	net/minecraft/class_12026$2
CLASS	net/minecraft/util/debug/LevelDebugSynchronizers$3	net/minecraft/class_12026$3
CLASS	net/minecraft/util/debug/ServerDebugSubscribers	net/minecraft/class_12027
CLASS	net/minecraft/util/debug/TrackingDebugSynchronizer	net/minecraft/class_12028
CLASS	net/minecraft/util/debug/TrackingDebugSynchronizer$PoiSynchronizer	net/minecraft/class_12028$class_12029
CLASS	net/minecraft/util/debug/TrackingDebugSynchronizer$SourceSynchronizer	net/minecraft/class_12028$class_12030
CLASS	net/minecraft/util/debug/TrackingDebugSynchronizer$ValueSource	net/minecraft/class_12028$class_12031
CLASS	net/minecraft/util/debug/TrackingDebugSynchronizer$VillageSectionSynchronizer	net/minecraft/class_12028$class_12032
CLASS	net/minecraft/util/debug/package-info	net/minecraft/class_12033
CLASS	net/minecraft/util/debugchart/AbstractSampleLogger	net/minecraft/class_9187
CLASS	net/minecraft/util/debugchart/LocalSampleLogger	net/minecraft/class_9191
CLASS	net/minecraft/util/debugchart/RemoteDebugSampleType	net/minecraft/class_9192
CLASS	net/minecraft/util/debugchart/RemoteSampleLogger	net/minecraft/class_9193
CLASS	net/minecraft/util/debugchart/SampleLogger	net/minecraft/class_8743
CLASS	net/minecraft/util/debugchart/SampleStorage	net/minecraft/class_9194
CLASS	net/minecraft/util/debugchart/TpsDebugDimensions	net/minecraft/class_9160
CLASS	net/minecraft/util/debugchart/package-info	net/minecraft/class_10122
CLASS	net/minecraft/util/eventlog/EventLogDirectory	net/minecraft/class_7929
CLASS	net/minecraft/util/eventlog/EventLogDirectory$CompressedFile	net/minecraft/class_7929$class_7930
CLASS	net/minecraft/util/eventlog/EventLogDirectory$File	net/minecraft/class_7929$class_7931
CLASS	net/minecraft/util/eventlog/EventLogDirectory$FileId	net/minecraft/class_7929$class_7932
CLASS	net/minecraft/util/eventlog/EventLogDirectory$FileList	net/minecraft/class_7929$class_7933
CLASS	net/minecraft/util/eventlog/EventLogDirectory$RawFile	net/minecraft/class_7929$class_7934
CLASS	net/minecraft/util/eventlog/JsonEventLog	net/minecraft/class_7935
CLASS	net/minecraft/util/eventlog/JsonEventLog$1	net/minecraft/class_7935$1
CLASS	net/minecraft/util/eventlog/JsonEventLogReader	net/minecraft/class_7936
CLASS	net/minecraft/util/eventlog/JsonEventLogReader$1	net/minecraft/class_7936$1
CLASS	net/minecraft/util/eventlog/package-info	net/minecraft/class_7937
CLASS	net/minecraft/util/monitoring/jmx/MinecraftServerStatistics	net/minecraft/class_5169
CLASS	net/minecraft/util/monitoring/jmx/MinecraftServerStatistics$AttributeDescription	net/minecraft/class_5169$class_5170
CLASS	net/minecraft/util/monitoring/jmx/package-info	net/minecraft/class_6641
CLASS	net/minecraft/util/package-info	net/minecraft/class_6002
CLASS	net/minecraft/util/parsing/package-info	net/minecraft/class_9386
CLASS	net/minecraft/util/parsing/packrat/Atom	net/minecraft/class_9387
CLASS	net/minecraft/util/parsing/packrat/CachedParseState	net/minecraft/class_10832
CLASS	net/minecraft/util/parsing/packrat/CachedParseState$CacheEntry	net/minecraft/class_10832$class_10833
CLASS	net/minecraft/util/parsing/packrat/CachedParseState$PositionCache	net/minecraft/class_10832$class_10834
CLASS	net/minecraft/util/parsing/packrat/CachedParseState$Silent	net/minecraft/class_10832$class_10835
CLASS	net/minecraft/util/parsing/packrat/CachedParseState$SimpleControl	net/minecraft/class_10832$class_10836
CLASS	net/minecraft/util/parsing/packrat/Control	net/minecraft/class_9388
CLASS	net/minecraft/util/parsing/packrat/Control$1	net/minecraft/class_9388$1
CLASS	net/minecraft/util/parsing/packrat/DelayedException	net/minecraft/class_10837
CLASS	net/minecraft/util/parsing/packrat/Dictionary	net/minecraft/class_9389
CLASS	net/minecraft/util/parsing/packrat/Dictionary$Entry	net/minecraft/class_9389$class_10838
CLASS	net/minecraft/util/parsing/packrat/Dictionary$Reference	net/minecraft/class_9389$class_10839
CLASS	net/minecraft/util/parsing/packrat/ErrorCollector	net/minecraft/class_9390
CLASS	net/minecraft/util/parsing/packrat/ErrorCollector$LongestOnly	net/minecraft/class_9390$class_9391
CLASS	net/minecraft/util/parsing/packrat/ErrorCollector$LongestOnly$MutableErrorEntry	net/minecraft/class_9390$class_9391$class_10840
CLASS	net/minecraft/util/parsing/packrat/ErrorCollector$Nop	net/minecraft/class_9390$class_10841
CLASS	net/minecraft/util/parsing/packrat/ErrorEntry	net/minecraft/class_9392
CLASS	net/minecraft/util/parsing/packrat/NamedRule	net/minecraft/class_10842
CLASS	net/minecraft/util/parsing/packrat/ParseState	net/minecraft/class_9393
CLASS	net/minecraft/util/parsing/packrat/Rule	net/minecraft/class_9396
CLASS	net/minecraft/util/parsing/packrat/Rule$RuleAction	net/minecraft/class_9396$class_9397
CLASS	net/minecraft/util/parsing/packrat/Rule$SimpleRuleAction	net/minecraft/class_9396$class_9398
CLASS	net/minecraft/util/parsing/packrat/Rule$WrappedTerm	net/minecraft/class_9396$class_9399
CLASS	net/minecraft/util/parsing/packrat/Scope	net/minecraft/class_9400
CLASS	net/minecraft/util/parsing/packrat/Scope$1	net/minecraft/class_9400$1
CLASS	net/minecraft/util/parsing/packrat/SuggestionSupplier	net/minecraft/class_9401
CLASS	net/minecraft/util/parsing/packrat/Term	net/minecraft/class_9402
CLASS	net/minecraft/util/parsing/packrat/Term$1	net/minecraft/class_9402$1
CLASS	net/minecraft/util/parsing/packrat/Term$2	net/minecraft/class_9402$2
CLASS	net/minecraft/util/parsing/packrat/Term$3	net/minecraft/class_9402$3
CLASS	net/minecraft/util/parsing/packrat/Term$Alternative	net/minecraft/class_9402$class_9403
CLASS	net/minecraft/util/parsing/packrat/Term$LookAhead	net/minecraft/class_9402$class_10843
CLASS	net/minecraft/util/parsing/packrat/Term$Marker	net/minecraft/class_9402$class_9404
CLASS	net/minecraft/util/parsing/packrat/Term$Maybe	net/minecraft/class_9402$class_9405
CLASS	net/minecraft/util/parsing/packrat/Term$Repeated	net/minecraft/class_9402$class_10844
CLASS	net/minecraft/util/parsing/packrat/Term$RepeatedWithSeparator	net/minecraft/class_9402$class_10845
CLASS	net/minecraft/util/parsing/packrat/Term$Sequence	net/minecraft/class_9402$class_9407
CLASS	net/minecraft/util/parsing/packrat/commands/CommandArgumentParser	net/minecraft/class_10846
CLASS	net/minecraft/util/parsing/packrat/commands/CommandArgumentParser$1	net/minecraft/class_10846$1
CLASS	net/minecraft/util/parsing/packrat/commands/CommandArgumentParser$2	net/minecraft/class_10846$2
CLASS	net/minecraft/util/parsing/packrat/commands/Grammar	net/minecraft/class_9408
CLASS	net/minecraft/util/parsing/packrat/commands/GreedyPatternParseRule	net/minecraft/class_10847
CLASS	net/minecraft/util/parsing/packrat/commands/GreedyPredicateParseRule	net/minecraft/class_10848
CLASS	net/minecraft/util/parsing/packrat/commands/IdentifierParseRule	net/minecraft/class_9409
CLASS	net/minecraft/util/parsing/packrat/commands/NumberRunParseRule	net/minecraft/class_10849
CLASS	net/minecraft/util/parsing/packrat/commands/ParserBasedArgument	net/minecraft/class_10850
CLASS	net/minecraft/util/parsing/packrat/commands/ResourceLookupRule	net/minecraft/class_9410
CLASS	net/minecraft/util/parsing/packrat/commands/ResourceSuggestion	net/minecraft/class_9411
CLASS	net/minecraft/util/parsing/packrat/commands/StringReaderParserState	net/minecraft/class_9412
CLASS	net/minecraft/util/parsing/packrat/commands/StringReaderTerms	net/minecraft/class_9413
CLASS	net/minecraft/util/parsing/packrat/commands/StringReaderTerms$1	net/minecraft/class_9413$1
CLASS	net/minecraft/util/parsing/packrat/commands/StringReaderTerms$2	net/minecraft/class_9413$2
CLASS	net/minecraft/util/parsing/packrat/commands/StringReaderTerms$TerminalCharacters	net/minecraft/class_9413$class_10851
CLASS	net/minecraft/util/parsing/packrat/commands/StringReaderTerms$TerminalWord	net/minecraft/class_9413$class_9415
CLASS	net/minecraft/util/parsing/packrat/commands/TagParseRule	net/minecraft/class_9416
CLASS	net/minecraft/util/parsing/packrat/commands/UnquotedStringParseRule	net/minecraft/class_10852
CLASS	net/minecraft/util/parsing/packrat/commands/package-info	net/minecraft/class_9417
CLASS	net/minecraft/util/parsing/packrat/package-info	net/minecraft/class_9418
CLASS	net/minecraft/util/profiling/ActiveProfiler	net/minecraft/class_3533
CLASS	net/minecraft/util/profiling/ActiveProfiler$PathEntry	net/minecraft/class_3533$class_4746
CLASS	net/minecraft/util/profiling/ContinuousProfiler	net/minecraft/class_4757
CLASS	net/minecraft/util/profiling/EmptyProfileResults	net/minecraft/class_3688
CLASS	net/minecraft/util/profiling/FilledProfileResults	net/minecraft/class_3692
CLASS	net/minecraft/util/profiling/FilledProfileResults$1	net/minecraft/class_3692$1
CLASS	net/minecraft/util/profiling/FilledProfileResults$CounterCollector	net/minecraft/class_3692$class_4747
CLASS	net/minecraft/util/profiling/InactiveProfiler	net/minecraft/class_3694
CLASS	net/minecraft/util/profiling/ProfileCollector	net/minecraft/class_3693
CLASS	net/minecraft/util/profiling/ProfileResults	net/minecraft/class_3696
CLASS	net/minecraft/util/profiling/Profiler	net/minecraft/class_10209
CLASS	net/minecraft/util/profiling/Profiler$Scope	net/minecraft/class_10209$class_10210
CLASS	net/minecraft/util/profiling/ProfilerFiller	net/minecraft/class_3695
CLASS	net/minecraft/util/profiling/ProfilerFiller$CombinedProfileFiller	net/minecraft/class_3695$class_10211
CLASS	net/minecraft/util/profiling/ProfilerPathEntry	net/minecraft/class_4748
CLASS	net/minecraft/util/profiling/ResultField	net/minecraft/class_3534
CLASS	net/minecraft/util/profiling/SingleTickProfiler	net/minecraft/class_4758
CLASS	net/minecraft/util/profiling/TracyZoneFiller	net/minecraft/class_10212
CLASS	net/minecraft/util/profiling/TracyZoneFiller$PlotAndValue	net/minecraft/class_10212$class_10213
CLASS	net/minecraft/util/profiling/Zone	net/minecraft/class_10214
CLASS	net/minecraft/util/profiling/jfr/Environment	net/minecraft/class_6506
CLASS	net/minecraft/util/profiling/jfr/JfrProfiler	net/minecraft/class_6505
CLASS	net/minecraft/util/profiling/jfr/JfrProfiler$1	net/minecraft/class_6505$1
CLASS	net/minecraft/util/profiling/jfr/JfrProfiler$2	net/minecraft/class_6505$2
CLASS	net/minecraft/util/profiling/jfr/JfrProfiler$3	net/minecraft/class_6505$3
CLASS	net/minecraft/util/profiling/jfr/JvmProfiler	net/minecraft/class_6611
CLASS	net/minecraft/util/profiling/jfr/JvmProfiler$NoOpProfiler	net/minecraft/class_6611$class_6612
CLASS	net/minecraft/util/profiling/jfr/Percentiles	net/minecraft/class_6508
CLASS	net/minecraft/util/profiling/jfr/SummaryReporter	net/minecraft/class_6507
CLASS	net/minecraft/util/profiling/jfr/callback/ProfiledDuration	net/minecraft/class_6613
CLASS	net/minecraft/util/profiling/jfr/callback/package-info	net/minecraft/class_6614
CLASS	net/minecraft/util/profiling/jfr/event/ChunkRegionIoEvent	net/minecraft/class_9232
CLASS	net/minecraft/util/profiling/jfr/event/ChunkRegionIoEvent$Fields	net/minecraft/class_9232$class_9233
CLASS	net/minecraft/util/profiling/jfr/event/PacketEvent	net/minecraft/class_6509
CLASS	net/minecraft/util/profiling/jfr/event/PacketEvent$Fields	net/minecraft/class_6509$class_6510
CLASS	net/minecraft/util/profiling/jfr/event/package-info	net/minecraft/class_6512
CLASS	net/minecraft/util/profiling/jfr/package-info	net/minecraft/class_6515
CLASS	net/minecraft/util/profiling/jfr/parse/JfrStatsParser	net/minecraft/class_6516
CLASS	net/minecraft/util/profiling/jfr/parse/JfrStatsParser$1	net/minecraft/class_6516$1
CLASS	net/minecraft/util/profiling/jfr/parse/JfrStatsParser$MutableCountAndSize	net/minecraft/class_6516$class_6766
CLASS	net/minecraft/util/profiling/jfr/parse/JfrStatsResult	net/minecraft/class_6517
CLASS	net/minecraft/util/profiling/jfr/parse/package-info	net/minecraft/class_6518
CLASS	net/minecraft/util/profiling/jfr/serialize/JfrResultJsonSerializer	net/minecraft/class_6519
CLASS	net/minecraft/util/profiling/jfr/serialize/package-info	net/minecraft/class_6520
CLASS	net/minecraft/util/profiling/jfr/stats/ChunkGenStat	net/minecraft/class_6521
CLASS	net/minecraft/util/profiling/jfr/stats/ChunkIdentification	net/minecraft/class_9234
CLASS	net/minecraft/util/profiling/jfr/stats/CpuLoadStat	net/minecraft/class_6522
CLASS	net/minecraft/util/profiling/jfr/stats/FileIOStat	net/minecraft/class_6523
CLASS	net/minecraft/util/profiling/jfr/stats/FileIOStat$Summary	net/minecraft/class_6523$class_6524
CLASS	net/minecraft/util/profiling/jfr/stats/FpsStat	net/minecraft/class_12108
CLASS	net/minecraft/util/profiling/jfr/stats/GcHeapStat	net/minecraft/class_6525
CLASS	net/minecraft/util/profiling/jfr/stats/GcHeapStat$Summary	net/minecraft/class_6525$class_6526
CLASS	net/minecraft/util/profiling/jfr/stats/GcHeapStat$Timing	net/minecraft/class_6525$class_6527
CLASS	net/minecraft/util/profiling/jfr/stats/IoSummary	net/minecraft/class_6767
CLASS	net/minecraft/util/profiling/jfr/stats/IoSummary$CountAndSize	net/minecraft/class_6767$class_6768
CLASS	net/minecraft/util/profiling/jfr/stats/PacketIdentification	net/minecraft/class_6769
CLASS	net/minecraft/util/profiling/jfr/stats/StructureGenStat	net/minecraft/class_10373
CLASS	net/minecraft/util/profiling/jfr/stats/ThreadAllocationStat	net/minecraft/class_6530
CLASS	net/minecraft/util/profiling/jfr/stats/ThreadAllocationStat$Summary	net/minecraft/class_6530$class_6531
CLASS	net/minecraft/util/profiling/jfr/stats/TickTimeStat	net/minecraft/class_6532
CLASS	net/minecraft/util/profiling/jfr/stats/TimedStat	net/minecraft/class_6534
CLASS	net/minecraft/util/profiling/jfr/stats/TimedStatSummary	net/minecraft/class_6535
CLASS	net/minecraft/util/profiling/jfr/stats/package-info	net/minecraft/class_6536
CLASS	net/minecraft/util/profiling/metrics/MetricCategory	net/minecraft/class_5949
CLASS	net/minecraft/util/profiling/metrics/MetricSampler	net/minecraft/class_5965
CLASS	net/minecraft/util/profiling/metrics/MetricSampler$MetricSamplerBuilder	net/minecraft/class_5965$class_5966
CLASS	net/minecraft/util/profiling/metrics/MetricSampler$SamplerResult	net/minecraft/class_5965$class_6398
CLASS	net/minecraft/util/profiling/metrics/MetricSampler$ThresholdTest	net/minecraft/class_5965$class_5967
CLASS	net/minecraft/util/profiling/metrics/MetricSampler$ValueIncreasedByPercentage	net/minecraft/class_5965$class_5968
CLASS	net/minecraft/util/profiling/metrics/MetricsRegistry	net/minecraft/class_5950
CLASS	net/minecraft/util/profiling/metrics/MetricsRegistry$AggregatedMetricSampler	net/minecraft/class_5950$class_6399
CLASS	net/minecraft/util/profiling/metrics/MetricsSamplerProvider	net/minecraft/class_6400
CLASS	net/minecraft/util/profiling/metrics/ProfilerMeasured	net/minecraft/class_5952
CLASS	net/minecraft/util/profiling/metrics/package-info	net/minecraft/class_6243
CLASS	net/minecraft/util/profiling/metrics/profiling/ActiveMetricsRecorder	net/minecraft/class_5961
CLASS	net/minecraft/util/profiling/metrics/profiling/InactiveMetricsRecorder	net/minecraft/class_5963
CLASS	net/minecraft/util/profiling/metrics/profiling/MetricsRecorder	net/minecraft/class_5962
CLASS	net/minecraft/util/profiling/metrics/profiling/ProfilerSamplerAdapter	net/minecraft/class_6401
CLASS	net/minecraft/util/profiling/metrics/profiling/ServerMetricsSamplersProvider	net/minecraft/class_6402
CLASS	net/minecraft/util/profiling/metrics/profiling/ServerMetricsSamplersProvider$1	net/minecraft/class_6402$1
CLASS	net/minecraft/util/profiling/metrics/profiling/ServerMetricsSamplersProvider$CpuStats	net/minecraft/class_6402$class_6403
CLASS	net/minecraft/util/profiling/metrics/profiling/package-info	net/minecraft/class_6004
CLASS	net/minecraft/util/profiling/metrics/storage/MetricsPersister	net/minecraft/class_5971
CLASS	net/minecraft/util/profiling/metrics/storage/RecordedDeviation	net/minecraft/class_5964
CLASS	net/minecraft/util/profiling/metrics/storage/package-info	net/minecraft/class_6245
CLASS	net/minecraft/util/profiling/package-info	net/minecraft/class_6003
CLASS	net/minecraft/util/random/Weighted	net/minecraft/class_6010
CLASS	net/minecraft/util/random/WeightedList	net/minecraft/class_6012
CLASS	net/minecraft/util/random/WeightedList$Builder	net/minecraft/class_6012$class_6006
CLASS	net/minecraft/util/random/WeightedList$Compact	net/minecraft/class_6012$class_10579
CLASS	net/minecraft/util/random/WeightedList$Flat	net/minecraft/class_6012$class_10580
CLASS	net/minecraft/util/random/WeightedList$Selector	net/minecraft/class_6012$class_10581
CLASS	net/minecraft/util/random/WeightedRandom	net/minecraft/class_6011
CLASS	net/minecraft/util/random/package-info	net/minecraft/class_6013
CLASS	net/minecraft/util/thread/AbstractConsecutiveExecutor	net/minecraft/class_10174
CLASS	net/minecraft/util/thread/AbstractConsecutiveExecutor$Status	net/minecraft/class_10174$class_10175
CLASS	net/minecraft/util/thread/BlockableEventLoop	net/minecraft/class_1255
CLASS	net/minecraft/util/thread/ConsecutiveExecutor	net/minecraft/class_10176
CLASS	net/minecraft/util/thread/ParallelMapTransform	net/minecraft/class_10769
CLASS	net/minecraft/util/thread/ParallelMapTransform$BatchedTaskSplitter	net/minecraft/class_10769$class_10770
CLASS	net/minecraft/util/thread/ParallelMapTransform$Container	net/minecraft/class_10769$class_10771
CLASS	net/minecraft/util/thread/ParallelMapTransform$SingleTaskSplitter	net/minecraft/class_10769$class_10772
CLASS	net/minecraft/util/thread/ParallelMapTransform$SplitterBase	net/minecraft/class_10769$class_10773
CLASS	net/minecraft/util/thread/PriorityConsecutiveExecutor	net/minecraft/class_10177
CLASS	net/minecraft/util/thread/ReentrantBlockableEventLoop	net/minecraft/class_4093
CLASS	net/minecraft/util/thread/StrictQueue	net/minecraft/class_3847
CLASS	net/minecraft/util/thread/StrictQueue$FixedPriorityQueue	net/minecraft/class_3847$class_3848
CLASS	net/minecraft/util/thread/StrictQueue$QueueStrictQueue	net/minecraft/class_3847$class_3849
CLASS	net/minecraft/util/thread/StrictQueue$RunnableWithPriority	net/minecraft/class_3847$class_3907
CLASS	net/minecraft/util/thread/TaskScheduler	net/minecraft/class_10178
CLASS	net/minecraft/util/thread/TaskScheduler$1	net/minecraft/class_10178$1
CLASS	net/minecraft/util/thread/package-info	net/minecraft/class_6015
CLASS	net/minecraft/util/valueproviders/BiasedToBottomInt	net/minecraft/class_6333
CLASS	net/minecraft/util/valueproviders/ClampedInt	net/minecraft/class_6334
CLASS	net/minecraft/util/valueproviders/ClampedNormalFloat	net/minecraft/class_5861
CLASS	net/minecraft/util/valueproviders/ClampedNormalInt	net/minecraft/class_6728
CLASS	net/minecraft/util/valueproviders/ConstantFloat	net/minecraft/class_5862
CLASS	net/minecraft/util/valueproviders/ConstantInt	net/minecraft/class_6016
CLASS	net/minecraft/util/valueproviders/FloatProvider	net/minecraft/class_5863
CLASS	net/minecraft/util/valueproviders/FloatProviderType	net/minecraft/class_5864
CLASS	net/minecraft/util/valueproviders/IntProvider	net/minecraft/class_6017
CLASS	net/minecraft/util/valueproviders/IntProviderType	net/minecraft/class_6018
CLASS	net/minecraft/util/valueproviders/MultipliedFloats	net/minecraft/class_7372
CLASS	net/minecraft/util/valueproviders/SampledFloat	net/minecraft/class_7373
CLASS	net/minecraft/util/valueproviders/TrapezoidFloat	net/minecraft/class_5865
CLASS	net/minecraft/util/valueproviders/UniformFloat	net/minecraft/class_5866
CLASS	net/minecraft/util/valueproviders/UniformInt	net/minecraft/class_6019
CLASS	net/minecraft/util/valueproviders/WeightedListInt	net/minecraft/class_6642
CLASS	net/minecraft/util/valueproviders/package-info	net/minecraft/class_6020
CLASS	net/minecraft/util/worldupdate/WorldUpgrader	net/minecraft/class_1257
CLASS	net/minecraft/util/worldupdate/WorldUpgrader$AbstractUpgrader	net/minecraft/class_1257$class_9161
CLASS	net/minecraft/util/worldupdate/WorldUpgrader$ChunkUpgrader	net/minecraft/class_1257$class_9162
CLASS	net/minecraft/util/worldupdate/WorldUpgrader$DimensionToUpgrade	net/minecraft/class_1257$class_9163
CLASS	net/minecraft/util/worldupdate/WorldUpgrader$EntityUpgrader	net/minecraft/class_1257$class_9164
CLASS	net/minecraft/util/worldupdate/WorldUpgrader$FileToUpgrade	net/minecraft/class_1257$class_9165
CLASS	net/minecraft/util/worldupdate/WorldUpgrader$PoiUpgrader	net/minecraft/class_1257$class_9166
CLASS	net/minecraft/util/worldupdate/WorldUpgrader$SimpleRegionStorageUpgrader	net/minecraft/class_1257$class_9167
CLASS	net/minecraft/util/worldupdate/package-info	net/minecraft/class_6021
CLASS	net/minecraft/world/BossEvent	net/minecraft/class_1259
CLASS	net/minecraft/world/BossEvent$BossBarColor	net/minecraft/class_1259$class_1260
CLASS	net/minecraft/world/BossEvent$BossBarOverlay	net/minecraft/class_1259$class_1261
CLASS	net/minecraft/world/Clearable	net/minecraft/class_3829
CLASS	net/minecraft/world/CompoundContainer	net/minecraft/class_1258
CLASS	net/minecraft/world/Container	net/minecraft/class_1263
CLASS	net/minecraft/world/Container$1	net/minecraft/class_1263$1
CLASS	net/minecraft/world/Container$ContainerIterator	net/minecraft/class_1263$class_10755
CLASS	net/minecraft/world/ContainerHelper	net/minecraft/class_1262
CLASS	net/minecraft/world/ContainerListener	net/minecraft/class_1265
CLASS	net/minecraft/world/Containers	net/minecraft/class_1264
CLASS	net/minecraft/world/Difficulty	net/minecraft/class_1267
CLASS	net/minecraft/world/DifficultyInstance	net/minecraft/class_1266
CLASS	net/minecraft/world/InteractionHand	net/minecraft/class_1268
CLASS	net/minecraft/world/InteractionResult	net/minecraft/class_1269
CLASS	net/minecraft/world/InteractionResult$Fail	net/minecraft/class_1269$class_9857
CLASS	net/minecraft/world/InteractionResult$ItemContext	net/minecraft/class_1269$class_9858
CLASS	net/minecraft/world/InteractionResult$Pass	net/minecraft/class_1269$class_9859
CLASS	net/minecraft/world/InteractionResult$Success	net/minecraft/class_1269$class_9860
CLASS	net/minecraft/world/InteractionResult$SwingSource	net/minecraft/class_1269$class_9861
CLASS	net/minecraft/world/InteractionResult$TryEmptyHandInteraction	net/minecraft/class_1269$class_9862
CLASS	net/minecraft/world/ItemStackWithSlot	net/minecraft/class_11343
CLASS	net/minecraft/world/LockCode	net/minecraft/class_1273
CLASS	net/minecraft/world/MenuProvider	net/minecraft/class_3908
CLASS	net/minecraft/world/Nameable	net/minecraft/class_1275
CLASS	net/minecraft/world/RandomSequence	net/minecraft/class_8564
CLASS	net/minecraft/world/RandomSequences	net/minecraft/class_8565
CLASS	net/minecraft/world/RandomSequences$DirtyMarkingRandomSource	net/minecraft/class_8565$class_8629
CLASS	net/minecraft/world/RandomizableContainer	net/minecraft/class_8934
CLASS	net/minecraft/world/SimpleContainer	net/minecraft/class_1277
CLASS	net/minecraft/world/SimpleMenuProvider	net/minecraft/class_747
CLASS	net/minecraft/world/Stopwatch	net/minecraft/class_12109
CLASS	net/minecraft/world/Stopwatches	net/minecraft/class_12110
CLASS	net/minecraft/world/TickRateManager	net/minecraft/class_8921
CLASS	net/minecraft/world/WorldlyContainer	net/minecraft/class_1278
CLASS	net/minecraft/world/WorldlyContainerHolder	net/minecraft/class_3954
CLASS	net/minecraft/world/attribute/AmbientAdditionsSettings	net/minecraft/class_4967
CLASS	net/minecraft/world/attribute/AmbientMoodSettings	net/minecraft/class_4968
CLASS	net/minecraft/world/attribute/AmbientParticle	net/minecraft/class_4761
CLASS	net/minecraft/world/attribute/AmbientSounds	net/minecraft/class_12190
CLASS	net/minecraft/world/attribute/AttributeRange	net/minecraft/class_12191
CLASS	net/minecraft/world/attribute/AttributeRange$1	net/minecraft/class_12191$1
CLASS	net/minecraft/world/attribute/AttributeRange$2	net/minecraft/class_12191$2
CLASS	net/minecraft/world/attribute/AttributeType	net/minecraft/class_12192
CLASS	net/minecraft/world/attribute/AttributeTypes	net/minecraft/class_12193
CLASS	net/minecraft/world/attribute/BackgroundMusic	net/minecraft/class_12194
CLASS	net/minecraft/world/attribute/BedRule	net/minecraft/class_12195
CLASS	net/minecraft/world/attribute/BedRule$Rule	net/minecraft/class_12195$class_12196
CLASS	net/minecraft/world/attribute/EnvironmentAttribute	net/minecraft/class_12197
CLASS	net/minecraft/world/attribute/EnvironmentAttribute$Builder	net/minecraft/class_12197$class_12198
CLASS	net/minecraft/world/attribute/EnvironmentAttributeLayer	net/minecraft/class_12310
CLASS	net/minecraft/world/attribute/EnvironmentAttributeLayer$Constant	net/minecraft/class_12310$class_12311
CLASS	net/minecraft/world/attribute/EnvironmentAttributeLayer$Positional	net/minecraft/class_12310$class_12312
CLASS	net/minecraft/world/attribute/EnvironmentAttributeLayer$TimeBased	net/minecraft/class_12310$class_12313
CLASS	net/minecraft/world/attribute/EnvironmentAttributeMap	net/minecraft/class_12199
CLASS	net/minecraft/world/attribute/EnvironmentAttributeMap$Builder	net/minecraft/class_12199$class_12200
CLASS	net/minecraft/world/attribute/EnvironmentAttributeMap$Entry	net/minecraft/class_12199$class_12201
CLASS	net/minecraft/world/attribute/EnvironmentAttributeProbe	net/minecraft/class_12202
CLASS	net/minecraft/world/attribute/EnvironmentAttributeProbe$ValueProbe	net/minecraft/class_12202$class_12203
CLASS	net/minecraft/world/attribute/EnvironmentAttributeReader	net/minecraft/class_12204
CLASS	net/minecraft/world/attribute/EnvironmentAttributeReader$1	net/minecraft/class_12204$1
CLASS	net/minecraft/world/attribute/EnvironmentAttributeSystem	net/minecraft/class_12205
CLASS	net/minecraft/world/attribute/EnvironmentAttributeSystem$Builder	net/minecraft/class_12205$class_12314
CLASS	net/minecraft/world/attribute/EnvironmentAttributeSystem$ValueSampler	net/minecraft/class_12205$class_12315
CLASS	net/minecraft/world/attribute/EnvironmentAttributes	net/minecraft/class_12206
CLASS	net/minecraft/world/attribute/GaussianSampler	net/minecraft/class_12207
CLASS	net/minecraft/world/attribute/GaussianSampler$Accumulator	net/minecraft/class_12207$class_12208
CLASS	net/minecraft/world/attribute/GaussianSampler$Sampler	net/minecraft/class_12207$class_12209
CLASS	net/minecraft/world/attribute/LerpFunction	net/minecraft/class_12210
CLASS	net/minecraft/world/attribute/SpatialAttributeInterpolator	net/minecraft/class_12211
CLASS	net/minecraft/world/attribute/WeatherAttributes	net/minecraft/class_12316
CLASS	net/minecraft/world/attribute/WeatherAttributes$WeatherAccess	net/minecraft/class_12316$class_12317
CLASS	net/minecraft/world/attribute/WeatherAttributes$WeatherAccess$1	net/minecraft/class_12316$class_12317$1
CLASS	net/minecraft/world/attribute/modifier/AttributeModifier	net/minecraft/class_12212
CLASS	net/minecraft/world/attribute/modifier/AttributeModifier$OperationId	net/minecraft/class_12212$class_12213
CLASS	net/minecraft/world/attribute/modifier/AttributeModifier$OverrideModifier	net/minecraft/class_12212$class_12214
CLASS	net/minecraft/world/attribute/modifier/BooleanModifier	net/minecraft/class_12215
CLASS	net/minecraft/world/attribute/modifier/ColorModifier	net/minecraft/class_12216
CLASS	net/minecraft/world/attribute/modifier/ColorModifier$1	net/minecraft/class_12216$1
CLASS	net/minecraft/world/attribute/modifier/ColorModifier$2	net/minecraft/class_12216$2
CLASS	net/minecraft/world/attribute/modifier/ColorModifier$ArgbModifier	net/minecraft/class_12216$class_12258
CLASS	net/minecraft/world/attribute/modifier/ColorModifier$BlendToGray	net/minecraft/class_12216$class_12318
CLASS	net/minecraft/world/attribute/modifier/ColorModifier$RgbModifier	net/minecraft/class_12216$class_12217
CLASS	net/minecraft/world/attribute/modifier/FloatModifier	net/minecraft/class_12218
CLASS	net/minecraft/world/attribute/modifier/FloatModifier$1	net/minecraft/class_12218$1
CLASS	net/minecraft/world/attribute/modifier/FloatModifier$Simple	net/minecraft/class_12218$class_12219
CLASS	net/minecraft/world/attribute/modifier/FloatWithAlpha	net/minecraft/class_12220
CLASS	net/minecraft/world/attribute/modifier/package-info	net/minecraft/class_12221
CLASS	net/minecraft/world/attribute/package-info	net/minecraft/class_12222
CLASS	net/minecraft/world/damagesource/CombatEntry	net/minecraft/class_1281
CLASS	net/minecraft/world/damagesource/CombatRules	net/minecraft/class_1280
CLASS	net/minecraft/world/damagesource/CombatTracker	net/minecraft/class_1283
CLASS	net/minecraft/world/damagesource/DamageEffects	net/minecraft/class_8107
CLASS	net/minecraft/world/damagesource/DamageScaling	net/minecraft/class_8108
CLASS	net/minecraft/world/damagesource/DamageSource	net/minecraft/class_1282
CLASS	net/minecraft/world/damagesource/DamageSource$1	net/minecraft/class_1282$1
CLASS	net/minecraft/world/damagesource/DamageSources	net/minecraft/class_8109
CLASS	net/minecraft/world/damagesource/DamageType	net/minecraft/class_8110
CLASS	net/minecraft/world/damagesource/DamageTypes	net/minecraft/class_8111
CLASS	net/minecraft/world/damagesource/DeathMessageType	net/minecraft/class_8112
CLASS	net/minecraft/world/damagesource/FallLocation	net/minecraft/class_8572
CLASS	net/minecraft/world/damagesource/package-info	net/minecraft/class_6022
CLASS	net/minecraft/world/effect/AbsorptionMobEffect	net/minecraft/class_1288
CLASS	net/minecraft/world/effect/BadOmenMobEffect	net/minecraft/class_8631
CLASS	net/minecraft/world/effect/HealOrHarmMobEffect	net/minecraft/class_8632
CLASS	net/minecraft/world/effect/HungerMobEffect	net/minecraft/class_8633
CLASS	net/minecraft/world/effect/InfestedMobEffect	net/minecraft/class_9455
CLASS	net/minecraft/world/effect/InstantenousMobEffect	net/minecraft/class_1289
CLASS	net/minecraft/world/effect/MobEffect	net/minecraft/class_1291
CLASS	net/minecraft/world/effect/MobEffect$AttributeTemplate	net/minecraft/class_1291$class_8634
CLASS	net/minecraft/world/effect/MobEffectCategory	net/minecraft/class_4081
CLASS	net/minecraft/world/effect/MobEffectInstance	net/minecraft/class_1293
CLASS	net/minecraft/world/effect/MobEffectInstance$BlendState	net/minecraft/class_1293$class_9063
CLASS	net/minecraft/world/effect/MobEffectInstance$Details	net/minecraft/class_1293$class_9195
CLASS	net/minecraft/world/effect/MobEffectUtil	net/minecraft/class_1292
CLASS	net/minecraft/world/effect/MobEffects	net/minecraft/class_1294
CLASS	net/minecraft/world/effect/OozingMobEffect	net/minecraft/class_9456
CLASS	net/minecraft/world/effect/OozingMobEffect$NearbySlimes	net/minecraft/class_9456$class_9775
CLASS	net/minecraft/world/effect/PoisonMobEffect	net/minecraft/class_8635
CLASS	net/minecraft/world/effect/RaidOmenMobEffect	net/minecraft/class_9457
CLASS	net/minecraft/world/effect/RegenerationMobEffect	net/minecraft/class_8636
CLASS	net/minecraft/world/effect/SaturationMobEffect	net/minecraft/class_8637
CLASS	net/minecraft/world/effect/WeavingMobEffect	net/minecraft/class_9458
CLASS	net/minecraft/world/effect/WindChargedMobEffect	net/minecraft/class_9459
CLASS	net/minecraft/world/effect/WitherMobEffect	net/minecraft/class_8638
CLASS	net/minecraft/world/effect/package-info	net/minecraft/class_6023
CLASS	net/minecraft/world/entity/AgeableMob	net/minecraft/class_1296
CLASS	net/minecraft/world/entity/AgeableMob$AgeableMobGroupData	net/minecraft/class_1296$class_4697
CLASS	net/minecraft/world/entity/AnimationState	net/minecraft/class_7094
CLASS	net/minecraft/world/entity/AreaEffectCloud	net/minecraft/class_1295
CLASS	net/minecraft/world/entity/Attackable	net/minecraft/class_8149
CLASS	net/minecraft/world/entity/Avatar	net/minecraft/class_11890
CLASS	net/minecraft/world/entity/ContainerUser	net/minecraft/class_11565
CLASS	net/minecraft/world/entity/ConversionParams	net/minecraft/class_10179
CLASS	net/minecraft/world/entity/ConversionParams$AfterConversion	net/minecraft/class_10179$class_10180
CLASS	net/minecraft/world/entity/ConversionType	net/minecraft/class_10181
CLASS	net/minecraft/world/entity/ConversionType$1	net/minecraft/class_10181$1
CLASS	net/minecraft/world/entity/ConversionType$2	net/minecraft/class_10181$2
CLASS	net/minecraft/world/entity/Crackiness	net/minecraft/class_9273
CLASS	net/minecraft/world/entity/Crackiness$Level	net/minecraft/class_9273$class_4621
CLASS	net/minecraft/world/entity/Display	net/minecraft/class_8113
CLASS	net/minecraft/world/entity/Display$BillboardConstraints	net/minecraft/class_8113$class_8114
CLASS	net/minecraft/world/entity/Display$BlockDisplay	net/minecraft/class_8113$class_8115
CLASS	net/minecraft/world/entity/Display$BlockDisplay$BlockRenderState	net/minecraft/class_8113$class_8115$class_8225
CLASS	net/minecraft/world/entity/Display$ColorInterpolator	net/minecraft/class_8113$class_8116
CLASS	net/minecraft/world/entity/Display$FloatInterpolator	net/minecraft/class_8113$class_8117
CLASS	net/minecraft/world/entity/Display$GenericInterpolator	net/minecraft/class_8113$class_8118
CLASS	net/minecraft/world/entity/Display$IntInterpolator	net/minecraft/class_8113$class_8119
CLASS	net/minecraft/world/entity/Display$ItemDisplay	net/minecraft/class_8113$class_8122
CLASS	net/minecraft/world/entity/Display$ItemDisplay$ItemRenderState	net/minecraft/class_8113$class_8122$class_8226
CLASS	net/minecraft/world/entity/Display$LinearFloatInterpolator	net/minecraft/class_8113$class_8227
CLASS	net/minecraft/world/entity/Display$LinearIntInterpolator	net/minecraft/class_8113$class_8228
CLASS	net/minecraft/world/entity/Display$RenderState	net/minecraft/class_8113$class_8229
CLASS	net/minecraft/world/entity/Display$TextDisplay	net/minecraft/class_8113$class_8123
CLASS	net/minecraft/world/entity/Display$TextDisplay$Align	net/minecraft/class_8113$class_8123$class_8124
CLASS	net/minecraft/world/entity/Display$TextDisplay$CachedInfo	net/minecraft/class_8113$class_8123$class_8125
CLASS	net/minecraft/world/entity/Display$TextDisplay$CachedLine	net/minecraft/class_8113$class_8123$class_8126
CLASS	net/minecraft/world/entity/Display$TextDisplay$LineSplitter	net/minecraft/class_8113$class_8123$class_8127
CLASS	net/minecraft/world/entity/Display$TextDisplay$TextRenderState	net/minecraft/class_8113$class_8123$class_8230
CLASS	net/minecraft/world/entity/Display$TransformationInterpolator	net/minecraft/class_8113$class_8231
CLASS	net/minecraft/world/entity/DropChances	net/minecraft/class_10582
CLASS	net/minecraft/world/entity/ElytraAnimationState	net/minecraft/class_9863
CLASS	net/minecraft/world/entity/Entity	net/minecraft/class_1297
CLASS	net/minecraft/world/entity/Entity$1	net/minecraft/class_1297$1
CLASS	net/minecraft/world/entity/Entity$EntityPathElement	net/minecraft/class_1297$class_11344
CLASS	net/minecraft/world/entity/Entity$MoveFunction	net/minecraft/class_1297$class_4738
CLASS	net/minecraft/world/entity/Entity$Movement	net/minecraft/class_1297$class_10365
CLASS	net/minecraft/world/entity/Entity$MovementEmission	net/minecraft/class_1297$class_5799
CLASS	net/minecraft/world/entity/Entity$RemovalReason	net/minecraft/class_1297$class_5529
CLASS	net/minecraft/world/entity/EntityAttachment	net/minecraft/class_9064
CLASS	net/minecraft/world/entity/EntityAttachment$Fallback	net/minecraft/class_9064$class_9065
CLASS	net/minecraft/world/entity/EntityAttachments	net/minecraft/class_9066
CLASS	net/minecraft/world/entity/EntityAttachments$Builder	net/minecraft/class_9066$class_9067
CLASS	net/minecraft/world/entity/EntityDimensions	net/minecraft/class_4048
CLASS	net/minecraft/world/entity/EntityEquipment	net/minecraft/class_10630
CLASS	net/minecraft/world/entity/EntityEvent	net/minecraft/class_6024
CLASS	net/minecraft/world/entity/EntityProcessor	net/minecraft/class_12259
CLASS	net/minecraft/world/entity/EntityReference	net/minecraft/class_10583
CLASS	net/minecraft/world/entity/EntitySelector	net/minecraft/class_1301
CLASS	net/minecraft/world/entity/EntitySpawnReason	net/minecraft/class_3730
CLASS	net/minecraft/world/entity/EntityType	net/minecraft/class_1299
CLASS	net/minecraft/world/entity/EntityType$Builder	net/minecraft/class_1299$class_1300
CLASS	net/minecraft/world/entity/EntityType$EntityFactory	net/minecraft/class_1299$class_4049
CLASS	net/minecraft/world/entity/EquipmentSlot	net/minecraft/class_1304
CLASS	net/minecraft/world/entity/EquipmentSlot$Type	net/minecraft/class_1304$class_1305
CLASS	net/minecraft/world/entity/EquipmentSlotGroup	net/minecraft/class_9274
CLASS	net/minecraft/world/entity/EquipmentSlotGroup$1	net/minecraft/class_9274$1
CLASS	net/minecraft/world/entity/EquipmentTable	net/minecraft/class_9652
CLASS	net/minecraft/world/entity/EquipmentUser	net/minecraft/class_9460
CLASS	net/minecraft/world/entity/ExperienceOrb	net/minecraft/class_1303
CLASS	net/minecraft/world/entity/HasCustomInventoryScreen	net/minecraft/class_7248
CLASS	net/minecraft/world/entity/HumanoidArm	net/minecraft/class_1306
CLASS	net/minecraft/world/entity/InsideBlockEffectApplier	net/minecraft/class_10774
CLASS	net/minecraft/world/entity/InsideBlockEffectApplier$1	net/minecraft/class_10774$1
CLASS	net/minecraft/world/entity/InsideBlockEffectApplier$StepBasedCollector	net/minecraft/class_10774$class_10775
CLASS	net/minecraft/world/entity/InsideBlockEffectType	net/minecraft/class_10776
CLASS	net/minecraft/world/entity/Interaction	net/minecraft/class_8150
CLASS	net/minecraft/world/entity/Interaction$PlayerAction	net/minecraft/class_8150$class_8151
CLASS	net/minecraft/world/entity/InterpolationHandler	net/minecraft/class_10584
CLASS	net/minecraft/world/entity/InterpolationHandler$InterpolationData	net/minecraft/class_10584$class_10585
CLASS	net/minecraft/world/entity/ItemBasedSteering	net/minecraft/class_4980
CLASS	net/minecraft/world/entity/ItemOwner	net/minecraft/class_11566
CLASS	net/minecraft/world/entity/ItemOwner$OffsetFromOwner	net/minecraft/class_11566$class_11726
CLASS	net/minecraft/world/entity/ItemSteerable	net/minecraft/class_4981
CLASS	net/minecraft/world/entity/Leashable	net/minecraft/class_9817
CLASS	net/minecraft/world/entity/Leashable$LeashData	net/minecraft/class_9817$class_9818
CLASS	net/minecraft/world/entity/Leashable$Wrench	net/minecraft/class_9817$class_11265
CLASS	net/minecraft/world/entity/LightningBolt	net/minecraft/class_1538
CLASS	net/minecraft/world/entity/LivingEntity	net/minecraft/class_1309
CLASS	net/minecraft/world/entity/LivingEntity$1	net/minecraft/class_1309$1
CLASS	net/minecraft/world/entity/LivingEntity$Fallsounds	net/minecraft/class_1309$class_6823
CLASS	net/minecraft/world/entity/Marker	net/minecraft/class_6335
CLASS	net/minecraft/world/entity/Mob	net/minecraft/class_1308
CLASS	net/minecraft/world/entity/Mob$1	net/minecraft/class_1308$1
CLASS	net/minecraft/world/entity/Mob$2	net/minecraft/class_1308$2
CLASS	net/minecraft/world/entity/MobCategory	net/minecraft/class_1311
CLASS	net/minecraft/world/entity/MoverType	net/minecraft/class_1313
CLASS	net/minecraft/world/entity/NeutralMob	net/minecraft/class_5354
CLASS	net/minecraft/world/entity/OminousItemSpawner	net/minecraft/class_9461
CLASS	net/minecraft/world/entity/OwnableEntity	net/minecraft/class_6025
CLASS	net/minecraft/world/entity/PathfinderMob	net/minecraft/class_1314
CLASS	net/minecraft/world/entity/PlayerRideable	net/minecraft/class_6026
CLASS	net/minecraft/world/entity/PlayerRideableJumping	net/minecraft/class_1316
CLASS	net/minecraft/world/entity/PortalProcessor	net/minecraft/class_9787
CLASS	net/minecraft/world/entity/Pose	net/minecraft/class_4050
CLASS	net/minecraft/world/entity/PositionMoveRotation	net/minecraft/class_10182
CLASS	net/minecraft/world/entity/Relative	net/minecraft/class_2709
CLASS	net/minecraft/world/entity/ReputationEventHandler	net/minecraft/class_4094
CLASS	net/minecraft/world/entity/Shearable	net/minecraft/class_5147
CLASS	net/minecraft/world/entity/SlotAccess	net/minecraft/class_5630
CLASS	net/minecraft/world/entity/SlotAccess$1	net/minecraft/class_5630$1
CLASS	net/minecraft/world/entity/SlotAccess$2	net/minecraft/class_5630$2
CLASS	net/minecraft/world/entity/SlotAccess$3	net/minecraft/class_5630$3
CLASS	net/minecraft/world/entity/SlotProvider	net/minecraft/class_12260
CLASS	net/minecraft/world/entity/SpawnGroupData	net/minecraft/class_1315
CLASS	net/minecraft/world/entity/SpawnPlacementType	net/minecraft/class_9168
CLASS	net/minecraft/world/entity/SpawnPlacementTypes	net/minecraft/class_9169
CLASS	net/minecraft/world/entity/SpawnPlacementTypes$1	net/minecraft/class_9169$1
CLASS	net/minecraft/world/entity/SpawnPlacements	net/minecraft/class_1317
CLASS	net/minecraft/world/entity/SpawnPlacements$Data	net/minecraft/class_1317$class_1318
CLASS	net/minecraft/world/entity/SpawnPlacements$SpawnPredicate	net/minecraft/class_1317$class_4306
CLASS	net/minecraft/world/entity/TamableAnimal	net/minecraft/class_1321
CLASS	net/minecraft/world/entity/TamableAnimal$TamableAnimalPanicGoal	net/minecraft/class_1321$class_9788
CLASS	net/minecraft/world/entity/Targeting	net/minecraft/class_8152
CLASS	net/minecraft/world/entity/TraceableEntity	net/minecraft/class_8046
CLASS	net/minecraft/world/entity/WalkAnimationState	net/minecraft/class_8080
CLASS	net/minecraft/world/entity/ai/Brain	net/minecraft/class_4095
CLASS	net/minecraft/world/entity/ai/Brain$1	net/minecraft/class_4095$1
CLASS	net/minecraft/world/entity/ai/Brain$MemoryValue	net/minecraft/class_4095$class_5302
CLASS	net/minecraft/world/entity/ai/Brain$Provider	net/minecraft/class_4095$class_5303
CLASS	net/minecraft/world/entity/ai/attributes/Attribute	net/minecraft/class_1320
CLASS	net/minecraft/world/entity/ai/attributes/Attribute$Sentiment	net/minecraft/class_1320$class_9764
CLASS	net/minecraft/world/entity/ai/attributes/AttributeInstance	net/minecraft/class_1324
CLASS	net/minecraft/world/entity/ai/attributes/AttributeInstance$Packed	net/minecraft/class_1324$class_11345
CLASS	net/minecraft/world/entity/ai/attributes/AttributeMap	net/minecraft/class_5131
CLASS	net/minecraft/world/entity/ai/attributes/AttributeModifier	net/minecraft/class_1322
CLASS	net/minecraft/world/entity/ai/attributes/AttributeModifier$Operation	net/minecraft/class_1322$class_1323
CLASS	net/minecraft/world/entity/ai/attributes/AttributeSupplier	net/minecraft/class_5132
CLASS	net/minecraft/world/entity/ai/attributes/AttributeSupplier$Builder	net/minecraft/class_5132$class_5133
CLASS	net/minecraft/world/entity/ai/attributes/Attributes	net/minecraft/class_5134
CLASS	net/minecraft/world/entity/ai/attributes/DefaultAttributes	net/minecraft/class_5135
CLASS	net/minecraft/world/entity/ai/attributes/RangedAttribute	net/minecraft/class_1329
CLASS	net/minecraft/world/entity/ai/attributes/package-info	net/minecraft/class_6027
CLASS	net/minecraft/world/entity/ai/behavior/AcquirePoi	net/minecraft/class_4096
CLASS	net/minecraft/world/entity/ai/behavior/AcquirePoi$JitteredLinearRetry	net/minecraft/class_4096$class_5397
CLASS	net/minecraft/world/entity/ai/behavior/AnimalMakeLove	net/minecraft/class_4806
CLASS	net/minecraft/world/entity/ai/behavior/AnimalPanic	net/minecraft/class_6028
CLASS	net/minecraft/world/entity/ai/behavior/AssignProfessionFromJobSite	net/minecraft/class_4114
CLASS	net/minecraft/world/entity/ai/behavior/BabyFollowAdult	net/minecraft/class_5355
CLASS	net/minecraft/world/entity/ai/behavior/BackUpIfTooClose	net/minecraft/class_4807
CLASS	net/minecraft/world/entity/ai/behavior/BecomePassiveIfMemoryPresent	net/minecraft/class_4808
CLASS	net/minecraft/world/entity/ai/behavior/Behavior	net/minecraft/class_4097
CLASS	net/minecraft/world/entity/ai/behavior/Behavior$Status	net/minecraft/class_4097$class_4098
CLASS	net/minecraft/world/entity/ai/behavior/BehaviorControl	net/minecraft/class_7893
CLASS	net/minecraft/world/entity/ai/behavior/BehaviorUtils	net/minecraft/class_4215
CLASS	net/minecraft/world/entity/ai/behavior/BlockPosTracker	net/minecraft/class_4099
CLASS	net/minecraft/world/entity/ai/behavior/CelebrateVillagersSurvivedRaid	net/minecraft/class_4242
CLASS	net/minecraft/world/entity/ai/behavior/ChargeAttack	net/minecraft/class_12111
CLASS	net/minecraft/world/entity/ai/behavior/CopyMemoryWithExpiry	net/minecraft/class_4809
CLASS	net/minecraft/world/entity/ai/behavior/CountDownCooldownTicks	net/minecraft/class_5753
CLASS	net/minecraft/world/entity/ai/behavior/Croak	net/minecraft/class_7095
CLASS	net/minecraft/world/entity/ai/behavior/CrossbowAttack	net/minecraft/class_4810
CLASS	net/minecraft/world/entity/ai/behavior/CrossbowAttack$CrossbowState	net/minecraft/class_4810$class_4811
CLASS	net/minecraft/world/entity/ai/behavior/DismountOrSkipMounting	net/minecraft/class_4812
CLASS	net/minecraft/world/entity/ai/behavior/DoNothing	net/minecraft/class_4101
CLASS	net/minecraft/world/entity/ai/behavior/EntityTracker	net/minecraft/class_4102
CLASS	net/minecraft/world/entity/ai/behavior/EraseMemoryIf	net/minecraft/class_4813
CLASS	net/minecraft/world/entity/ai/behavior/FollowTemptation	net/minecraft/class_5754
CLASS	net/minecraft/world/entity/ai/behavior/GateBehavior	net/minecraft/class_4103
CLASS	net/minecraft/world/entity/ai/behavior/GateBehavior$OrderPolicy	net/minecraft/class_4103$class_4104
CLASS	net/minecraft/world/entity/ai/behavior/GateBehavior$RunningPolicy	net/minecraft/class_4103$class_4216
CLASS	net/minecraft/world/entity/ai/behavior/GateBehavior$RunningPolicy$1	net/minecraft/class_4103$class_4216$1
CLASS	net/minecraft/world/entity/ai/behavior/GateBehavior$RunningPolicy$2	net/minecraft/class_4103$class_4216$2
CLASS	net/minecraft/world/entity/ai/behavior/GiveGiftToHero	net/minecraft/class_4243
CLASS	net/minecraft/world/entity/ai/behavior/GoAndGiveItemsToTarget	net/minecraft/class_7296
CLASS	net/minecraft/world/entity/ai/behavior/GoToClosestVillage	net/minecraft/class_4458
CLASS	net/minecraft/world/entity/ai/behavior/GoToPotentialJobSite	net/minecraft/class_5325
CLASS	net/minecraft/world/entity/ai/behavior/GoToTargetLocation	net/minecraft/class_4814
CLASS	net/minecraft/world/entity/ai/behavior/GoToWantedItem	net/minecraft/class_4815
CLASS	net/minecraft/world/entity/ai/behavior/HarvestFarmland	net/minecraft/class_4217
CLASS	net/minecraft/world/entity/ai/behavior/InsideBrownianWalk	net/minecraft/class_4289
CLASS	net/minecraft/world/entity/ai/behavior/InteractWith	net/minecraft/class_4106
CLASS	net/minecraft/world/entity/ai/behavior/InteractWithDoor	net/minecraft/class_4107
CLASS	net/minecraft/world/entity/ai/behavior/JumpOnBed	net/minecraft/class_4245
CLASS	net/minecraft/world/entity/ai/behavior/LocateHidingPlace	net/minecraft/class_4246
CLASS	net/minecraft/world/entity/ai/behavior/LongJumpMidJump	net/minecraft/class_6029
CLASS	net/minecraft/world/entity/ai/behavior/LongJumpToPreferredBlock	net/minecraft/class_7096
CLASS	net/minecraft/world/entity/ai/behavior/LongJumpToRandomPos	net/minecraft/class_6030
CLASS	net/minecraft/world/entity/ai/behavior/LongJumpToRandomPos$PossibleJump	net/minecraft/class_6030$class_6031
CLASS	net/minecraft/world/entity/ai/behavior/LongJumpUtil	net/minecraft/class_8946
CLASS	net/minecraft/world/entity/ai/behavior/LookAndFollowTradingPlayerSink	net/minecraft/class_4108
CLASS	net/minecraft/world/entity/ai/behavior/LookAtTargetSink	net/minecraft/class_4110
CLASS	net/minecraft/world/entity/ai/behavior/MeleeAttack	net/minecraft/class_4816
CLASS	net/minecraft/world/entity/ai/behavior/Mount	net/minecraft/class_4817
CLASS	net/minecraft/world/entity/ai/behavior/MoveToSkySeeingSpot	net/minecraft/class_4248
CLASS	net/minecraft/world/entity/ai/behavior/MoveToTargetSink	net/minecraft/class_4112
CLASS	net/minecraft/world/entity/ai/behavior/OneShot	net/minecraft/class_7894
CLASS	net/minecraft/world/entity/ai/behavior/PlayTagWithOtherKids	net/minecraft/class_4218
CLASS	net/minecraft/world/entity/ai/behavior/PoiCompetitorScan	net/minecraft/class_5326
CLASS	net/minecraft/world/entity/ai/behavior/PositionTracker	net/minecraft/class_4115
CLASS	net/minecraft/world/entity/ai/behavior/PrepareRamNearestTarget	net/minecraft/class_6336
CLASS	net/minecraft/world/entity/ai/behavior/PrepareRamNearestTarget$RamCandidate	net/minecraft/class_6336$class_6337
CLASS	net/minecraft/world/entity/ai/behavior/RamTarget	net/minecraft/class_6338
CLASS	net/minecraft/world/entity/ai/behavior/RandomLookAround	net/minecraft/class_7687
CLASS	net/minecraft/world/entity/ai/behavior/RandomStroll	net/minecraft/class_4818
CLASS	net/minecraft/world/entity/ai/behavior/ReactToBell	net/minecraft/class_4249
CLASS	net/minecraft/world/entity/ai/behavior/ResetProfession	net/minecraft/class_4295
CLASS	net/minecraft/world/entity/ai/behavior/ResetRaidStatus	net/minecraft/class_4250
CLASS	net/minecraft/world/entity/ai/behavior/RingBell	net/minecraft/class_4251
CLASS	net/minecraft/world/entity/ai/behavior/RunOne	net/minecraft/class_4118
CLASS	net/minecraft/world/entity/ai/behavior/SetClosestHomeAsWalkTarget	net/minecraft/class_4290
CLASS	net/minecraft/world/entity/ai/behavior/SetEntityLookTarget	net/minecraft/class_4119
CLASS	net/minecraft/world/entity/ai/behavior/SetEntityLookTargetSometimes	net/minecraft/class_7895
CLASS	net/minecraft/world/entity/ai/behavior/SetEntityLookTargetSometimes$Ticker	net/minecraft/class_7895$class_7896
CLASS	net/minecraft/world/entity/ai/behavior/SetHiddenState	net/minecraft/class_4252
CLASS	net/minecraft/world/entity/ai/behavior/SetLookAndInteract	net/minecraft/class_4109
CLASS	net/minecraft/world/entity/ai/behavior/SetRaidStatus	net/minecraft/class_4253
CLASS	net/minecraft/world/entity/ai/behavior/SetWalkTargetAwayFrom	net/minecraft/class_4121
CLASS	net/minecraft/world/entity/ai/behavior/SetWalkTargetFromAttackTargetIfTargetOutOfReach	net/minecraft/class_4822
CLASS	net/minecraft/world/entity/ai/behavior/SetWalkTargetFromBlockMemory	net/minecraft/class_4122
CLASS	net/minecraft/world/entity/ai/behavior/SetWalkTargetFromLookTarget	net/minecraft/class_4120
CLASS	net/minecraft/world/entity/ai/behavior/ShowTradesToPlayer	net/minecraft/class_4130
CLASS	net/minecraft/world/entity/ai/behavior/ShufflingList	net/minecraft/class_6032
CLASS	net/minecraft/world/entity/ai/behavior/ShufflingList$WeightedEntry	net/minecraft/class_6032$class_6033
CLASS	net/minecraft/world/entity/ai/behavior/ShufflingList$WeightedEntry$1	net/minecraft/class_6032$class_6033$1
CLASS	net/minecraft/world/entity/ai/behavior/SleepInBed	net/minecraft/class_4123
CLASS	net/minecraft/world/entity/ai/behavior/SocializeAtBell	net/minecraft/class_4124
CLASS	net/minecraft/world/entity/ai/behavior/SpearApproach	net/minecraft/class_12358
CLASS	net/minecraft/world/entity/ai/behavior/SpearAttack	net/minecraft/class_12359
CLASS	net/minecraft/world/entity/ai/behavior/SpearAttack$SpearStatus	net/minecraft/class_12359$class_12360
CLASS	net/minecraft/world/entity/ai/behavior/SpearRetreat	net/minecraft/class_12361
CLASS	net/minecraft/world/entity/ai/behavior/StartAttacking	net/minecraft/class_4824
CLASS	net/minecraft/world/entity/ai/behavior/StartAttacking$StartAttackingCondition	net/minecraft/class_4824$class_10250
CLASS	net/minecraft/world/entity/ai/behavior/StartAttacking$TargetFinder	net/minecraft/class_4824$class_10251
CLASS	net/minecraft/world/entity/ai/behavior/StartCelebratingIfTargetDead	net/minecraft/class_4825
CLASS	net/minecraft/world/entity/ai/behavior/StayCloseToTarget	net/minecraft/class_7297
CLASS	net/minecraft/world/entity/ai/behavior/StopAttackingIfTargetInvalid	net/minecraft/class_4828
CLASS	net/minecraft/world/entity/ai/behavior/StopAttackingIfTargetInvalid$StopAttackCondition	net/minecraft/class_4828$class_10252
CLASS	net/minecraft/world/entity/ai/behavior/StopAttackingIfTargetInvalid$TargetErasedCallback	net/minecraft/class_4828$class_10253
CLASS	net/minecraft/world/entity/ai/behavior/StopBeingAngryIfTargetDead	net/minecraft/class_4829
CLASS	net/minecraft/world/entity/ai/behavior/StrollAroundPoi	net/minecraft/class_4116
CLASS	net/minecraft/world/entity/ai/behavior/StrollToPoi	net/minecraft/class_4219
CLASS	net/minecraft/world/entity/ai/behavior/StrollToPoiList	net/minecraft/class_4220
CLASS	net/minecraft/world/entity/ai/behavior/Swim	net/minecraft/class_4125
CLASS	net/minecraft/world/entity/ai/behavior/TradeWithVillager	net/minecraft/class_4126
CLASS	net/minecraft/world/entity/ai/behavior/TransportItemsBetweenContainers	net/minecraft/class_11568
CLASS	net/minecraft/world/entity/ai/behavior/TransportItemsBetweenContainers$ContainerInteractionState	net/minecraft/class_11568$class_11569
CLASS	net/minecraft/world/entity/ai/behavior/TransportItemsBetweenContainers$OnTargetReachedInteraction	net/minecraft/class_11568$class_11570
CLASS	net/minecraft/world/entity/ai/behavior/TransportItemsBetweenContainers$TransportItemState	net/minecraft/class_11568$class_11571
CLASS	net/minecraft/world/entity/ai/behavior/TransportItemsBetweenContainers$TransportItemTarget	net/minecraft/class_11568$class_11572
CLASS	net/minecraft/world/entity/ai/behavior/TriggerGate	net/minecraft/class_7897
CLASS	net/minecraft/world/entity/ai/behavior/TryFindLand	net/minecraft/class_7097
CLASS	net/minecraft/world/entity/ai/behavior/TryFindLandNearWater	net/minecraft/class_7098
CLASS	net/minecraft/world/entity/ai/behavior/TryFindWater	net/minecraft/class_5756
CLASS	net/minecraft/world/entity/ai/behavior/TryLaySpawnOnWaterNearLand	net/minecraft/class_7099
CLASS	net/minecraft/world/entity/ai/behavior/UpdateActivityFromSchedule	net/minecraft/class_4127
CLASS	net/minecraft/world/entity/ai/behavior/UseBonemeal	net/minecraft/class_4982
CLASS	net/minecraft/world/entity/ai/behavior/ValidateNearbyPoi	net/minecraft/class_4128
CLASS	net/minecraft/world/entity/ai/behavior/VillageBoundRandomStroll	net/minecraft/class_4117
CLASS	net/minecraft/world/entity/ai/behavior/VillagerCalmDown	net/minecraft/class_4100
CLASS	net/minecraft/world/entity/ai/behavior/VillagerGoalPackages	net/minecraft/class_4129
CLASS	net/minecraft/world/entity/ai/behavior/VillagerMakeLove	net/minecraft/class_4111
CLASS	net/minecraft/world/entity/ai/behavior/VillagerPanicTrigger	net/minecraft/class_4113
CLASS	net/minecraft/world/entity/ai/behavior/WakeUp	net/minecraft/class_4214
CLASS	net/minecraft/world/entity/ai/behavior/WorkAtComposter	net/minecraft/class_4983
CLASS	net/minecraft/world/entity/ai/behavior/WorkAtPoi	net/minecraft/class_4133
CLASS	net/minecraft/world/entity/ai/behavior/YieldJobSite	net/minecraft/class_5327
CLASS	net/minecraft/world/entity/ai/behavior/declarative/BehaviorBuilder	net/minecraft/class_7898
CLASS	net/minecraft/world/entity/ai/behavior/declarative/BehaviorBuilder$1	net/minecraft/class_7898$1
CLASS	net/minecraft/world/entity/ai/behavior/declarative/BehaviorBuilder$Constant	net/minecraft/class_7898$class_7899
CLASS	net/minecraft/world/entity/ai/behavior/declarative/BehaviorBuilder$Constant$1	net/minecraft/class_7898$class_7899$1
CLASS	net/minecraft/world/entity/ai/behavior/declarative/BehaviorBuilder$Instance	net/minecraft/class_7898$class_7900
CLASS	net/minecraft/world/entity/ai/behavior/declarative/BehaviorBuilder$Instance$1	net/minecraft/class_7898$class_7900$1
CLASS	net/minecraft/world/entity/ai/behavior/declarative/BehaviorBuilder$Instance$2	net/minecraft/class_7898$class_7900$2
CLASS	net/minecraft/world/entity/ai/behavior/declarative/BehaviorBuilder$Instance$3	net/minecraft/class_7898$class_7900$3
CLASS	net/minecraft/world/entity/ai/behavior/declarative/BehaviorBuilder$Instance$4	net/minecraft/class_7898$class_7900$4
CLASS	net/minecraft/world/entity/ai/behavior/declarative/BehaviorBuilder$Instance$5	net/minecraft/class_7898$class_7900$5
CLASS	net/minecraft/world/entity/ai/behavior/declarative/BehaviorBuilder$Instance$Mu	net/minecraft/class_7898$class_7900$class_7901
CLASS	net/minecraft/world/entity/ai/behavior/declarative/BehaviorBuilder$Mu	net/minecraft/class_7898$class_7902
CLASS	net/minecraft/world/entity/ai/behavior/declarative/BehaviorBuilder$PureMemory	net/minecraft/class_7898$class_7903
CLASS	net/minecraft/world/entity/ai/behavior/declarative/BehaviorBuilder$PureMemory$1	net/minecraft/class_7898$class_7903$1
CLASS	net/minecraft/world/entity/ai/behavior/declarative/BehaviorBuilder$TriggerWithResult	net/minecraft/class_7898$class_7904
CLASS	net/minecraft/world/entity/ai/behavior/declarative/BehaviorBuilder$TriggerWrapper	net/minecraft/class_7898$class_7905
CLASS	net/minecraft/world/entity/ai/behavior/declarative/BehaviorBuilder$TriggerWrapper$1	net/minecraft/class_7898$class_7905$1
CLASS	net/minecraft/world/entity/ai/behavior/declarative/MemoryAccessor	net/minecraft/class_7906
CLASS	net/minecraft/world/entity/ai/behavior/declarative/MemoryCondition	net/minecraft/class_7907
CLASS	net/minecraft/world/entity/ai/behavior/declarative/MemoryCondition$Absent	net/minecraft/class_7907$class_7908
CLASS	net/minecraft/world/entity/ai/behavior/declarative/MemoryCondition$Present	net/minecraft/class_7907$class_7909
CLASS	net/minecraft/world/entity/ai/behavior/declarative/MemoryCondition$Registered	net/minecraft/class_7907$class_7910
CLASS	net/minecraft/world/entity/ai/behavior/declarative/Trigger	net/minecraft/class_7911
CLASS	net/minecraft/world/entity/ai/behavior/declarative/package-info	net/minecraft/class_7912
CLASS	net/minecraft/world/entity/ai/behavior/package-info	net/minecraft/class_6034
CLASS	net/minecraft/world/entity/ai/behavior/warden/Digging	net/minecraft/class_7249
CLASS	net/minecraft/world/entity/ai/behavior/warden/Emerging	net/minecraft/class_7250
CLASS	net/minecraft/world/entity/ai/behavior/warden/ForceUnmount	net/minecraft/class_7521
CLASS	net/minecraft/world/entity/ai/behavior/warden/Roar	net/minecraft/class_7255
CLASS	net/minecraft/world/entity/ai/behavior/warden/SetRoarTarget	net/minecraft/class_7256
CLASS	net/minecraft/world/entity/ai/behavior/warden/SetWardenLookTarget	net/minecraft/class_7257
CLASS	net/minecraft/world/entity/ai/behavior/warden/Sniffing	net/minecraft/class_7251
CLASS	net/minecraft/world/entity/ai/behavior/warden/SonicBoom	net/minecraft/class_7396
CLASS	net/minecraft/world/entity/ai/behavior/warden/TryToSniff	net/minecraft/class_7259
CLASS	net/minecraft/world/entity/ai/behavior/warden/package-info	net/minecraft/class_7374
CLASS	net/minecraft/world/entity/ai/control/BodyRotationControl	net/minecraft/class_1330
CLASS	net/minecraft/world/entity/ai/control/Control	net/minecraft/class_10183
CLASS	net/minecraft/world/entity/ai/control/FlyingMoveControl	net/minecraft/class_1331
CLASS	net/minecraft/world/entity/ai/control/JumpControl	net/minecraft/class_1334
CLASS	net/minecraft/world/entity/ai/control/LookControl	net/minecraft/class_1333
CLASS	net/minecraft/world/entity/ai/control/MoveControl	net/minecraft/class_1335
CLASS	net/minecraft/world/entity/ai/control/MoveControl$Operation	net/minecraft/class_1335$class_1336
CLASS	net/minecraft/world/entity/ai/control/SmoothSwimmingLookControl	net/minecraft/class_1332
CLASS	net/minecraft/world/entity/ai/control/SmoothSwimmingMoveControl	net/minecraft/class_5757
CLASS	net/minecraft/world/entity/ai/control/package-info	net/minecraft/class_6036
CLASS	net/minecraft/world/entity/ai/goal/AvoidEntityGoal	net/minecraft/class_1338
CLASS	net/minecraft/world/entity/ai/goal/BegGoal	net/minecraft/class_1337
CLASS	net/minecraft/world/entity/ai/goal/BoatGoals	net/minecraft/class_1340
CLASS	net/minecraft/world/entity/ai/goal/BreakDoorGoal	net/minecraft/class_1339
CLASS	net/minecraft/world/entity/ai/goal/BreathAirGoal	net/minecraft/class_1342
CLASS	net/minecraft/world/entity/ai/goal/BreedGoal	net/minecraft/class_1341
CLASS	net/minecraft/world/entity/ai/goal/CatLieOnBedGoal	net/minecraft/class_3697
CLASS	net/minecraft/world/entity/ai/goal/CatSitOnBlockGoal	net/minecraft/class_1373
CLASS	net/minecraft/world/entity/ai/goal/ClimbOnTopOfPowderSnowGoal	net/minecraft/class_6868
CLASS	net/minecraft/world/entity/ai/goal/DolphinJumpGoal	net/minecraft/class_1357
CLASS	net/minecraft/world/entity/ai/goal/DoorInteractGoal	net/minecraft/class_1343
CLASS	net/minecraft/world/entity/ai/goal/EatBlockGoal	net/minecraft/class_1345
CLASS	net/minecraft/world/entity/ai/goal/FleeSunGoal	net/minecraft/class_1344
CLASS	net/minecraft/world/entity/ai/goal/FloatGoal	net/minecraft/class_1347
CLASS	net/minecraft/world/entity/ai/goal/FollowBoatGoal	net/minecraft/class_1346
CLASS	net/minecraft/world/entity/ai/goal/FollowFlockLeaderGoal	net/minecraft/class_1349
CLASS	net/minecraft/world/entity/ai/goal/FollowMobGoal	net/minecraft/class_1348
CLASS	net/minecraft/world/entity/ai/goal/FollowOwnerGoal	net/minecraft/class_1350
CLASS	net/minecraft/world/entity/ai/goal/FollowParentGoal	net/minecraft/class_1353
CLASS	net/minecraft/world/entity/ai/goal/Goal	net/minecraft/class_1352
CLASS	net/minecraft/world/entity/ai/goal/Goal$Flag	net/minecraft/class_1352$class_4134
CLASS	net/minecraft/world/entity/ai/goal/GoalSelector	net/minecraft/class_1355
CLASS	net/minecraft/world/entity/ai/goal/GoalSelector$1	net/minecraft/class_1355$1
CLASS	net/minecraft/world/entity/ai/goal/GoalSelector$2	net/minecraft/class_1355$2
CLASS	net/minecraft/world/entity/ai/goal/GolemRandomStrollInVillageGoal	net/minecraft/class_5274
CLASS	net/minecraft/world/entity/ai/goal/InteractGoal	net/minecraft/class_1358
CLASS	net/minecraft/world/entity/ai/goal/JumpGoal	net/minecraft/class_4017
CLASS	net/minecraft/world/entity/ai/goal/LandOnOwnersShoulderGoal	net/minecraft/class_1360
CLASS	net/minecraft/world/entity/ai/goal/LeapAtTargetGoal	net/minecraft/class_1359
CLASS	net/minecraft/world/entity/ai/goal/LlamaFollowCaravanGoal	net/minecraft/class_1362
CLASS	net/minecraft/world/entity/ai/goal/LookAtPlayerGoal	net/minecraft/class_1361
CLASS	net/minecraft/world/entity/ai/goal/LookAtTradingPlayerGoal	net/minecraft/class_1364
CLASS	net/minecraft/world/entity/ai/goal/MeleeAttackGoal	net/minecraft/class_1366
CLASS	net/minecraft/world/entity/ai/goal/MoveBackToVillageGoal	net/minecraft/class_4291
CLASS	net/minecraft/world/entity/ai/goal/MoveThroughVillageGoal	net/minecraft/class_1368
CLASS	net/minecraft/world/entity/ai/goal/MoveToBlockGoal	net/minecraft/class_1367
CLASS	net/minecraft/world/entity/ai/goal/MoveTowardsRestrictionGoal	net/minecraft/class_1370
CLASS	net/minecraft/world/entity/ai/goal/MoveTowardsTargetGoal	net/minecraft/class_1369
CLASS	net/minecraft/world/entity/ai/goal/OcelotAttackGoal	net/minecraft/class_1371
CLASS	net/minecraft/world/entity/ai/goal/OfferFlowerGoal	net/minecraft/class_1372
CLASS	net/minecraft/world/entity/ai/goal/OpenDoorGoal	net/minecraft/class_4255
CLASS	net/minecraft/world/entity/ai/goal/PanicGoal	net/minecraft/class_1374
CLASS	net/minecraft/world/entity/ai/goal/PathfindToRaidGoal	net/minecraft/class_3759
CLASS	net/minecraft/world/entity/ai/goal/RandomLookAroundGoal	net/minecraft/class_1376
CLASS	net/minecraft/world/entity/ai/goal/RandomStandGoal	net/minecraft/class_7688
CLASS	net/minecraft/world/entity/ai/goal/RandomStrollGoal	net/minecraft/class_1379
CLASS	net/minecraft/world/entity/ai/goal/RandomSwimmingGoal	net/minecraft/class_1378
CLASS	net/minecraft/world/entity/ai/goal/RangedAttackGoal	net/minecraft/class_1381
CLASS	net/minecraft/world/entity/ai/goal/RangedBowAttackGoal	net/minecraft/class_1380
CLASS	net/minecraft/world/entity/ai/goal/RangedCrossbowAttackGoal	net/minecraft/class_1383
CLASS	net/minecraft/world/entity/ai/goal/RangedCrossbowAttackGoal$CrossbowState	net/minecraft/class_1383$class_3744
CLASS	net/minecraft/world/entity/ai/goal/RemoveBlockGoal	net/minecraft/class_1382
CLASS	net/minecraft/world/entity/ai/goal/RestrictSunGoal	net/minecraft/class_1384
CLASS	net/minecraft/world/entity/ai/goal/RunAroundLikeCrazyGoal	net/minecraft/class_1387
CLASS	net/minecraft/world/entity/ai/goal/SitWhenOrderedToGoal	net/minecraft/class_1386
CLASS	net/minecraft/world/entity/ai/goal/SpearUseGoal	net/minecraft/class_12112
CLASS	net/minecraft/world/entity/ai/goal/SpearUseGoal$SpearUseState	net/minecraft/class_12112$class_12362
CLASS	net/minecraft/world/entity/ai/goal/StrollThroughVillageGoal	net/minecraft/class_4018
CLASS	net/minecraft/world/entity/ai/goal/SwellGoal	net/minecraft/class_1389
CLASS	net/minecraft/world/entity/ai/goal/TemptGoal	net/minecraft/class_1391
CLASS	net/minecraft/world/entity/ai/goal/TemptGoal$ForNonPathfinders	net/minecraft/class_1391$class_11185
CLASS	net/minecraft/world/entity/ai/goal/TradeWithPlayerGoal	net/minecraft/class_1390
CLASS	net/minecraft/world/entity/ai/goal/TryFindWaterGoal	net/minecraft/class_1393
CLASS	net/minecraft/world/entity/ai/goal/UseItemGoal	net/minecraft/class_3993
CLASS	net/minecraft/world/entity/ai/goal/WaterAvoidingRandomFlyingGoal	net/minecraft/class_1395
CLASS	net/minecraft/world/entity/ai/goal/WaterAvoidingRandomStrollGoal	net/minecraft/class_1394
CLASS	net/minecraft/world/entity/ai/goal/WrappedGoal	net/minecraft/class_4135
CLASS	net/minecraft/world/entity/ai/goal/ZombieAttackGoal	net/minecraft/class_1396
CLASS	net/minecraft/world/entity/ai/goal/package-info	net/minecraft/class_6038
CLASS	net/minecraft/world/entity/ai/goal/target/DefendVillageTargetGoal	net/minecraft/class_1397
CLASS	net/minecraft/world/entity/ai/goal/target/HurtByTargetGoal	net/minecraft/class_1399
CLASS	net/minecraft/world/entity/ai/goal/target/NearestAttackableTargetGoal	net/minecraft/class_1400
CLASS	net/minecraft/world/entity/ai/goal/target/NearestAttackableWitchTargetGoal	net/minecraft/class_3760
CLASS	net/minecraft/world/entity/ai/goal/target/NearestHealableRaiderTargetGoal	net/minecraft/class_3909
CLASS	net/minecraft/world/entity/ai/goal/target/NonTameRandomTargetGoal	net/minecraft/class_1404
CLASS	net/minecraft/world/entity/ai/goal/target/OwnerHurtByTargetGoal	net/minecraft/class_1403
CLASS	net/minecraft/world/entity/ai/goal/target/OwnerHurtTargetGoal	net/minecraft/class_1406
CLASS	net/minecraft/world/entity/ai/goal/target/ResetUniversalAngerTargetGoal	net/minecraft/class_5398
CLASS	net/minecraft/world/entity/ai/goal/target/TargetGoal	net/minecraft/class_1405
CLASS	net/minecraft/world/entity/ai/goal/target/package-info	net/minecraft/class_6039
CLASS	net/minecraft/world/entity/ai/gossip/GossipContainer	net/minecraft/class_4136
CLASS	net/minecraft/world/entity/ai/gossip/GossipContainer$EntityGossips	net/minecraft/class_4136$class_4137
CLASS	net/minecraft/world/entity/ai/gossip/GossipContainer$GossipEntry	net/minecraft/class_4136$class_4138
CLASS	net/minecraft/world/entity/ai/gossip/GossipType	net/minecraft/class_4139
CLASS	net/minecraft/world/entity/ai/gossip/package-info	net/minecraft/class_6040
CLASS	net/minecraft/world/entity/ai/memory/ExpirableValue	net/minecraft/class_4831
CLASS	net/minecraft/world/entity/ai/memory/MemoryModuleType	net/minecraft/class_4140
CLASS	net/minecraft/world/entity/ai/memory/MemoryStatus	net/minecraft/class_4141
CLASS	net/minecraft/world/entity/ai/memory/NearestVisibleLivingEntities	net/minecraft/class_6670
CLASS	net/minecraft/world/entity/ai/memory/WalkTarget	net/minecraft/class_4142
CLASS	net/minecraft/world/entity/ai/memory/package-info	net/minecraft/class_6041
CLASS	net/minecraft/world/entity/ai/navigation/AmphibiousPathNavigation	net/minecraft/class_5766
CLASS	net/minecraft/world/entity/ai/navigation/FlyingPathNavigation	net/minecraft/class_1407
CLASS	net/minecraft/world/entity/ai/navigation/GroundPathNavigation	net/minecraft/class_1409
CLASS	net/minecraft/world/entity/ai/navigation/PathNavigation	net/minecraft/class_1408
CLASS	net/minecraft/world/entity/ai/navigation/WallClimberNavigation	net/minecraft/class_1410
CLASS	net/minecraft/world/entity/ai/navigation/WaterBoundPathNavigation	net/minecraft/class_1412
CLASS	net/minecraft/world/entity/ai/navigation/package-info	net/minecraft/class_6042
CLASS	net/minecraft/world/entity/ai/package-info	net/minecraft/class_6043
CLASS	net/minecraft/world/entity/ai/sensing/AdultSensor	net/minecraft/class_5356
CLASS	net/minecraft/world/entity/ai/sensing/AdultSensorAnyType	net/minecraft/class_11186
CLASS	net/minecraft/world/entity/ai/sensing/AxolotlAttackablesSensor	net/minecraft/class_6044
CLASS	net/minecraft/world/entity/ai/sensing/BreezeAttackEntitySensor	net/minecraft/class_8947
CLASS	net/minecraft/world/entity/ai/sensing/DummySensor	net/minecraft/class_4143
CLASS	net/minecraft/world/entity/ai/sensing/FrogAttackablesSensor	net/minecraft/class_7100
CLASS	net/minecraft/world/entity/ai/sensing/GolemSensor	net/minecraft/class_4307
CLASS	net/minecraft/world/entity/ai/sensing/HoglinSpecificSensor	net/minecraft/class_4832
CLASS	net/minecraft/world/entity/ai/sensing/HurtBySensor	net/minecraft/class_4144
CLASS	net/minecraft/world/entity/ai/sensing/IsInWaterSensor	net/minecraft/class_7101
CLASS	net/minecraft/world/entity/ai/sensing/MobSensor	net/minecraft/class_9068
CLASS	net/minecraft/world/entity/ai/sensing/NearestBedSensor	net/minecraft/class_4256
CLASS	net/minecraft/world/entity/ai/sensing/NearestItemSensor	net/minecraft/class_4833
CLASS	net/minecraft/world/entity/ai/sensing/NearestLivingEntitySensor	net/minecraft/class_4146
CLASS	net/minecraft/world/entity/ai/sensing/NearestVisibleLivingEntitySensor	net/minecraft/class_6045
CLASS	net/minecraft/world/entity/ai/sensing/PiglinBruteSpecificSensor	net/minecraft/class_5417
CLASS	net/minecraft/world/entity/ai/sensing/PiglinSpecificSensor	net/minecraft/class_4834
CLASS	net/minecraft/world/entity/ai/sensing/PlayerSensor	net/minecraft/class_4147
CLASS	net/minecraft/world/entity/ai/sensing/SecondaryPoiSensor	net/minecraft/class_4221
CLASS	net/minecraft/world/entity/ai/sensing/Sensing	net/minecraft/class_1413
CLASS	net/minecraft/world/entity/ai/sensing/Sensor	net/minecraft/class_4148
CLASS	net/minecraft/world/entity/ai/sensing/SensorType	net/minecraft/class_4149
CLASS	net/minecraft/world/entity/ai/sensing/TemptingSensor	net/minecraft/class_5760
CLASS	net/minecraft/world/entity/ai/sensing/VillagerBabiesSensor	net/minecraft/class_4257
CLASS	net/minecraft/world/entity/ai/sensing/VillagerHostilesSensor	net/minecraft/class_4150
CLASS	net/minecraft/world/entity/ai/sensing/WardenEntitySensor	net/minecraft/class_7252
CLASS	net/minecraft/world/entity/ai/sensing/package-info	net/minecraft/class_6046
CLASS	net/minecraft/world/entity/ai/targeting/TargetingConditions	net/minecraft/class_4051
CLASS	net/minecraft/world/entity/ai/targeting/TargetingConditions$Selector	net/minecraft/class_4051$class_10254
CLASS	net/minecraft/world/entity/ai/targeting/package-info	net/minecraft/class_6047
CLASS	net/minecraft/world/entity/ai/util/AirAndWaterRandomPos	net/minecraft/class_5530
CLASS	net/minecraft/world/entity/ai/util/AirRandomPos	net/minecraft/class_5531
CLASS	net/minecraft/world/entity/ai/util/DefaultRandomPos	net/minecraft/class_5532
CLASS	net/minecraft/world/entity/ai/util/GoalUtils	net/minecraft/class_5493
CLASS	net/minecraft/world/entity/ai/util/HoverRandomPos	net/minecraft/class_5533
CLASS	net/minecraft/world/entity/ai/util/LandRandomPos	net/minecraft/class_5534
CLASS	net/minecraft/world/entity/ai/util/RandomPos	net/minecraft/class_5535
CLASS	net/minecraft/world/entity/ai/util/package-info	net/minecraft/class_6048
CLASS	net/minecraft/world/entity/ai/village/ReputationEventType	net/minecraft/class_4151
CLASS	net/minecraft/world/entity/ai/village/ReputationEventType$1	net/minecraft/class_4151$1
CLASS	net/minecraft/world/entity/ai/village/VillageSiege	net/minecraft/class_1419
CLASS	net/minecraft/world/entity/ai/village/VillageSiege$State	net/minecraft/class_1419$class_4152
CLASS	net/minecraft/world/entity/ai/village/package-info	net/minecraft/class_6049
CLASS	net/minecraft/world/entity/ai/village/poi/PoiManager	net/minecraft/class_4153
CLASS	net/minecraft/world/entity/ai/village/poi/PoiManager$DistanceTracker	net/minecraft/class_4153$class_4154
CLASS	net/minecraft/world/entity/ai/village/poi/PoiManager$Occupancy	net/minecraft/class_4153$class_4155
CLASS	net/minecraft/world/entity/ai/village/poi/PoiRecord	net/minecraft/class_4156
CLASS	net/minecraft/world/entity/ai/village/poi/PoiRecord$Packed	net/minecraft/class_4156$class_9864
CLASS	net/minecraft/world/entity/ai/village/poi/PoiSection	net/minecraft/class_4157
CLASS	net/minecraft/world/entity/ai/village/poi/PoiSection$Packed	net/minecraft/class_4157$class_9865
CLASS	net/minecraft/world/entity/ai/village/poi/PoiType	net/minecraft/class_4158
CLASS	net/minecraft/world/entity/ai/village/poi/PoiTypes	net/minecraft/class_7477
CLASS	net/minecraft/world/entity/ai/village/poi/package-info	net/minecraft/class_6050
CLASS	net/minecraft/world/entity/ambient/AmbientCreature	net/minecraft/class_1421
CLASS	net/minecraft/world/entity/ambient/Bat	net/minecraft/class_1420
CLASS	net/minecraft/world/entity/ambient/package-info	net/minecraft/class_6051
CLASS	net/minecraft/world/entity/animal/AgeableWaterCreature	net/minecraft/class_9866
CLASS	net/minecraft/world/entity/animal/Animal	net/minecraft/class_1429
CLASS	net/minecraft/world/entity/animal/Bucketable	net/minecraft/class_5761
CLASS	net/minecraft/world/entity/animal/FlyingAnimal	net/minecraft/class_1432
CLASS	net/minecraft/world/entity/animal/TemperatureVariants	net/minecraft/class_10687
CLASS	net/minecraft/world/entity/animal/allay/Allay	net/minecraft/class_7298
CLASS	net/minecraft/world/entity/animal/allay/Allay$JukeboxListener	net/minecraft/class_7298$class_7525
CLASS	net/minecraft/world/entity/animal/allay/Allay$VibrationUser	net/minecraft/class_7298$class_7524
CLASS	net/minecraft/world/entity/animal/allay/AllayAi	net/minecraft/class_7299
CLASS	net/minecraft/world/entity/animal/allay/package-info	net/minecraft/class_7300
CLASS	net/minecraft/world/entity/animal/armadillo/Armadillo	net/minecraft/class_9069
CLASS	net/minecraft/world/entity/animal/armadillo/Armadillo$1	net/minecraft/class_9069$1
CLASS	net/minecraft/world/entity/animal/armadillo/Armadillo$ArmadilloState	net/minecraft/class_9069$class_9070
CLASS	net/minecraft/world/entity/animal/armadillo/Armadillo$ArmadilloState$1	net/minecraft/class_9069$class_9070$1
CLASS	net/minecraft/world/entity/animal/armadillo/Armadillo$ArmadilloState$2	net/minecraft/class_9069$class_9070$2
CLASS	net/minecraft/world/entity/animal/armadillo/Armadillo$ArmadilloState$3	net/minecraft/class_9069$class_9070$3
CLASS	net/minecraft/world/entity/animal/armadillo/Armadillo$ArmadilloState$4	net/minecraft/class_9069$class_9070$4
CLASS	net/minecraft/world/entity/animal/armadillo/ArmadilloAi	net/minecraft/class_9071
CLASS	net/minecraft/world/entity/animal/armadillo/ArmadilloAi$1	net/minecraft/class_9071$1
CLASS	net/minecraft/world/entity/animal/armadillo/ArmadilloAi$ArmadilloBallUp	net/minecraft/class_9071$class_9072
CLASS	net/minecraft/world/entity/animal/armadillo/ArmadilloAi$ArmadilloPanic	net/minecraft/class_9071$class_9073
CLASS	net/minecraft/world/entity/animal/armadillo/package-info	net/minecraft/class_9074
CLASS	net/minecraft/world/entity/animal/axolotl/Axolotl	net/minecraft/class_5762
CLASS	net/minecraft/world/entity/animal/axolotl/Axolotl$AnimationState	net/minecraft/class_5762$class_9870
CLASS	net/minecraft/world/entity/animal/axolotl/Axolotl$AxolotlGroupData	net/minecraft/class_5762$class_5763
CLASS	net/minecraft/world/entity/animal/axolotl/Axolotl$AxolotlLookControl	net/minecraft/class_5762$class_5764
CLASS	net/minecraft/world/entity/animal/axolotl/Axolotl$AxolotlMoveControl	net/minecraft/class_5762$class_5765
CLASS	net/minecraft/world/entity/animal/axolotl/Axolotl$Variant	net/minecraft/class_5762$class_5767
CLASS	net/minecraft/world/entity/animal/axolotl/AxolotlAi	net/minecraft/class_5768
CLASS	net/minecraft/world/entity/animal/axolotl/PlayDead	net/minecraft/class_5769
CLASS	net/minecraft/world/entity/animal/axolotl/ValidatePlayDead	net/minecraft/class_5770
CLASS	net/minecraft/world/entity/animal/axolotl/package-info	net/minecraft/class_6052
CLASS	net/minecraft/world/entity/animal/bee/Bee	net/minecraft/class_4466
CLASS	net/minecraft/world/entity/animal/bee/Bee$1	net/minecraft/class_4466$1
CLASS	net/minecraft/world/entity/animal/bee/Bee$BaseBeeGoal	net/minecraft/class_4466$class_4467
CLASS	net/minecraft/world/entity/animal/bee/Bee$BeeAttackGoal	net/minecraft/class_4466$class_4468
CLASS	net/minecraft/world/entity/animal/bee/Bee$BeeBecomeAngryTargetGoal	net/minecraft/class_4466$class_4469
CLASS	net/minecraft/world/entity/animal/bee/Bee$BeeEnterHiveGoal	net/minecraft/class_4466$class_4470
CLASS	net/minecraft/world/entity/animal/bee/Bee$BeeGoToHiveGoal	net/minecraft/class_4466$class_4472
CLASS	net/minecraft/world/entity/animal/bee/Bee$BeeGoToKnownFlowerGoal	net/minecraft/class_4466$class_4473
CLASS	net/minecraft/world/entity/animal/bee/Bee$BeeGrowCropGoal	net/minecraft/class_4466$class_4474
CLASS	net/minecraft/world/entity/animal/bee/Bee$BeeHurtByOtherGoal	net/minecraft/class_4466$class_4475
CLASS	net/minecraft/world/entity/animal/bee/Bee$BeeLocateHiveGoal	net/minecraft/class_4466$class_4476
CLASS	net/minecraft/world/entity/animal/bee/Bee$BeeLookControl	net/minecraft/class_4466$class_4477
CLASS	net/minecraft/world/entity/animal/bee/Bee$BeePollinateGoal	net/minecraft/class_4466$class_4478
CLASS	net/minecraft/world/entity/animal/bee/Bee$BeeWanderGoal	net/minecraft/class_4466$class_4479
CLASS	net/minecraft/world/entity/animal/bee/Bee$ValidateFlowerGoal	net/minecraft/class_4466$class_9867
CLASS	net/minecraft/world/entity/animal/bee/Bee$ValidateHiveGoal	net/minecraft/class_4466$class_9868
CLASS	net/minecraft/world/entity/animal/bee/package-info	net/minecraft/class_11578
CLASS	net/minecraft/world/entity/animal/camel/Camel	net/minecraft/class_7689
CLASS	net/minecraft/world/entity/animal/camel/Camel$CamelBodyRotationControl	net/minecraft/class_7689$class_7690
CLASS	net/minecraft/world/entity/animal/camel/Camel$CamelLookControl	net/minecraft/class_7689$class_8784
CLASS	net/minecraft/world/entity/animal/camel/Camel$CamelMoveControl	net/minecraft/class_7689$class_8196
CLASS	net/minecraft/world/entity/animal/camel/CamelAi	net/minecraft/class_7691
CLASS	net/minecraft/world/entity/animal/camel/CamelAi$CamelPanic	net/minecraft/class_7691$class_7692
CLASS	net/minecraft/world/entity/animal/camel/CamelAi$RandomSitting	net/minecraft/class_7691$class_7693
CLASS	net/minecraft/world/entity/animal/camel/CamelHusk	net/minecraft/class_12261
CLASS	net/minecraft/world/entity/animal/camel/package-info	net/minecraft/class_7694
CLASS	net/minecraft/world/entity/animal/chicken/Chicken	net/minecraft/class_1428
CLASS	net/minecraft/world/entity/animal/chicken/ChickenVariant	net/minecraft/class_10756
CLASS	net/minecraft/world/entity/animal/chicken/ChickenVariant$ModelType	net/minecraft/class_10756$class_10757
CLASS	net/minecraft/world/entity/animal/chicken/ChickenVariants	net/minecraft/class_10758
CLASS	net/minecraft/world/entity/animal/chicken/package-info	net/minecraft/class_12363
CLASS	net/minecraft/world/entity/animal/cow/AbstractCow	net/minecraft/class_1430
CLASS	net/minecraft/world/entity/animal/cow/Cow	net/minecraft/class_10730
CLASS	net/minecraft/world/entity/animal/cow/CowVariant	net/minecraft/class_10731
CLASS	net/minecraft/world/entity/animal/cow/CowVariant$ModelType	net/minecraft/class_10731$class_10732
CLASS	net/minecraft/world/entity/animal/cow/CowVariants	net/minecraft/class_10733
CLASS	net/minecraft/world/entity/animal/cow/MushroomCow	net/minecraft/class_1438
CLASS	net/minecraft/world/entity/animal/cow/MushroomCow$Variant	net/minecraft/class_1438$class_4053
CLASS	net/minecraft/world/entity/animal/cow/package-info	net/minecraft/class_12364
CLASS	net/minecraft/world/entity/animal/dolphin/Dolphin	net/minecraft/class_1433
CLASS	net/minecraft/world/entity/animal/dolphin/Dolphin$DolphinSwimToTreasureGoal	net/minecraft/class_1433$class_1435
CLASS	net/minecraft/world/entity/animal/dolphin/Dolphin$DolphinSwimWithPlayerGoal	net/minecraft/class_1433$class_1436
CLASS	net/minecraft/world/entity/animal/dolphin/Dolphin$PlayWithItemsGoal	net/minecraft/class_1433$class_1437
CLASS	net/minecraft/world/entity/animal/dolphin/package-info	net/minecraft/class_12365
CLASS	net/minecraft/world/entity/animal/equine/AbstractChestedHorse	net/minecraft/class_1492
CLASS	net/minecraft/world/entity/animal/equine/AbstractChestedHorse$1	net/minecraft/class_1492$1
CLASS	net/minecraft/world/entity/animal/equine/AbstractHorse	net/minecraft/class_1496
CLASS	net/minecraft/world/entity/animal/equine/AbstractHorse$MountPanicGoal	net/minecraft/class_1496$class_12342
CLASS	net/minecraft/world/entity/animal/equine/Donkey	net/minecraft/class_1495
CLASS	net/minecraft/world/entity/animal/equine/Horse	net/minecraft/class_1498
CLASS	net/minecraft/world/entity/animal/equine/Horse$HorseGroupData	net/minecraft/class_1498$class_1499
CLASS	net/minecraft/world/entity/animal/equine/Llama	net/minecraft/class_1501
CLASS	net/minecraft/world/entity/animal/equine/Llama$LlamaAttackWolfGoal	net/minecraft/class_1501$class_1502
CLASS	net/minecraft/world/entity/animal/equine/Llama$LlamaGroupData	net/minecraft/class_1501$class_1503
CLASS	net/minecraft/world/entity/animal/equine/Llama$LlamaHurtByTargetGoal	net/minecraft/class_1501$class_1504
CLASS	net/minecraft/world/entity/animal/equine/Llama$Variant	net/minecraft/class_1501$class_7993
CLASS	net/minecraft/world/entity/animal/equine/Markings	net/minecraft/class_5148
CLASS	net/minecraft/world/entity/animal/equine/Mule	net/minecraft/class_1500
CLASS	net/minecraft/world/entity/animal/equine/SkeletonHorse	net/minecraft/class_1506
CLASS	net/minecraft/world/entity/animal/equine/SkeletonTrapGoal	net/minecraft/class_1505
CLASS	net/minecraft/world/entity/animal/equine/TraderLlama	net/minecraft/class_3986
CLASS	net/minecraft/world/entity/animal/equine/TraderLlama$TraderLlamaDefendWanderingTraderGoal	net/minecraft/class_3986$class_3987
CLASS	net/minecraft/world/entity/animal/equine/Variant	net/minecraft/class_5149
CLASS	net/minecraft/world/entity/animal/equine/ZombieHorse	net/minecraft/class_1507
CLASS	net/minecraft/world/entity/animal/equine/package-info	net/minecraft/class_12366
CLASS	net/minecraft/world/entity/animal/feline/Cat	net/minecraft/class_1451
CLASS	net/minecraft/world/entity/animal/feline/Cat$CatAvoidEntityGoal	net/minecraft/class_1451$class_3698
CLASS	net/minecraft/world/entity/animal/feline/Cat$CatRelaxOnOwnerGoal	net/minecraft/class_1451$class_3699
CLASS	net/minecraft/world/entity/animal/feline/Cat$CatTemptGoal	net/minecraft/class_1451$class_3700
CLASS	net/minecraft/world/entity/animal/feline/CatVariant	net/minecraft/class_7375
CLASS	net/minecraft/world/entity/animal/feline/CatVariants	net/minecraft/class_10686
CLASS	net/minecraft/world/entity/animal/feline/Ocelot	net/minecraft/class_3701
CLASS	net/minecraft/world/entity/animal/feline/Ocelot$OcelotAvoidEntityGoal	net/minecraft/class_3701$class_3702
CLASS	net/minecraft/world/entity/animal/feline/Ocelot$OcelotTemptGoal	net/minecraft/class_3701$class_3703
CLASS	net/minecraft/world/entity/animal/feline/package-info	net/minecraft/class_12367
CLASS	net/minecraft/world/entity/animal/fish/AbstractFish	net/minecraft/class_1422
CLASS	net/minecraft/world/entity/animal/fish/AbstractFish$FishMoveControl	net/minecraft/class_1422$class_1423
CLASS	net/minecraft/world/entity/animal/fish/AbstractFish$FishSwimGoal	net/minecraft/class_1422$class_1424
CLASS	net/minecraft/world/entity/animal/fish/AbstractSchoolingFish	net/minecraft/class_1425
CLASS	net/minecraft/world/entity/animal/fish/AbstractSchoolingFish$SchoolSpawnGroupData	net/minecraft/class_1425$class_1426
CLASS	net/minecraft/world/entity/animal/fish/Cod	net/minecraft/class_1431
CLASS	net/minecraft/world/entity/animal/fish/Pufferfish	net/minecraft/class_1454
CLASS	net/minecraft/world/entity/animal/fish/Pufferfish$PufferfishPuffGoal	net/minecraft/class_1454$class_1455
CLASS	net/minecraft/world/entity/animal/fish/Salmon	net/minecraft/class_1462
CLASS	net/minecraft/world/entity/animal/fish/Salmon$Variant	net/minecraft/class_1462$class_9869
CLASS	net/minecraft/world/entity/animal/fish/TropicalFish	net/minecraft/class_1474
CLASS	net/minecraft/world/entity/animal/fish/TropicalFish$Base	net/minecraft/class_1474$class_7991
CLASS	net/minecraft/world/entity/animal/fish/TropicalFish$Pattern	net/minecraft/class_1474$class_1475
CLASS	net/minecraft/world/entity/animal/fish/TropicalFish$TropicalFishGroupData	net/minecraft/class_1474$class_1476
CLASS	net/minecraft/world/entity/animal/fish/TropicalFish$Variant	net/minecraft/class_1474$class_7992
CLASS	net/minecraft/world/entity/animal/fish/WaterAnimal	net/minecraft/class_1480
CLASS	net/minecraft/world/entity/animal/fish/package-info	net/minecraft/class_12368
CLASS	net/minecraft/world/entity/animal/fox/Fox	net/minecraft/class_4019
CLASS	net/minecraft/world/entity/animal/fox/Fox$DefendTrustedTargetGoal	net/minecraft/class_4019$class_4020
CLASS	net/minecraft/world/entity/animal/fox/Fox$FaceplantGoal	net/minecraft/class_4019$class_4021
CLASS	net/minecraft/world/entity/animal/fox/Fox$FoxAlertableEntitiesSelector	net/minecraft/class_4019$class_4022
CLASS	net/minecraft/world/entity/animal/fox/Fox$FoxBehaviorGoal	net/minecraft/class_4019$class_4023
CLASS	net/minecraft/world/entity/animal/fox/Fox$FoxBreedGoal	net/minecraft/class_4019$class_4024
CLASS	net/minecraft/world/entity/animal/fox/Fox$FoxEatBerriesGoal	net/minecraft/class_4019$class_4025
CLASS	net/minecraft/world/entity/animal/fox/Fox$FoxFloatGoal	net/minecraft/class_4019$class_4026
CLASS	net/minecraft/world/entity/animal/fox/Fox$FoxFollowParentGoal	net/minecraft/class_4019$class_4052
CLASS	net/minecraft/world/entity/animal/fox/Fox$FoxGroupData	net/minecraft/class_4019$class_4027
CLASS	net/minecraft/world/entity/animal/fox/Fox$FoxLookAtPlayerGoal	net/minecraft/class_4019$class_4292
CLASS	net/minecraft/world/entity/animal/fox/Fox$FoxLookControl	net/minecraft/class_4019$class_4028
CLASS	net/minecraft/world/entity/animal/fox/Fox$FoxMeleeAttackGoal	net/minecraft/class_4019$class_4029
CLASS	net/minecraft/world/entity/animal/fox/Fox$FoxMoveControl	net/minecraft/class_4019$class_4030
CLASS	net/minecraft/world/entity/animal/fox/Fox$FoxPanicGoal	net/minecraft/class_4019$class_4032
CLASS	net/minecraft/world/entity/animal/fox/Fox$FoxPounceGoal	net/minecraft/class_4019$class_4033
CLASS	net/minecraft/world/entity/animal/fox/Fox$FoxSearchForItemsGoal	net/minecraft/class_4019$class_4034
CLASS	net/minecraft/world/entity/animal/fox/Fox$FoxStrollThroughVillageGoal	net/minecraft/class_4019$class_4031
CLASS	net/minecraft/world/entity/animal/fox/Fox$PerchAndSearchGoal	net/minecraft/class_4019$class_4035
CLASS	net/minecraft/world/entity/animal/fox/Fox$SeekShelterGoal	net/minecraft/class_4019$class_4036
CLASS	net/minecraft/world/entity/animal/fox/Fox$SleepGoal	net/minecraft/class_4019$class_4037
CLASS	net/minecraft/world/entity/animal/fox/Fox$StalkPreyGoal	net/minecraft/class_4019$class_4038
CLASS	net/minecraft/world/entity/animal/fox/Fox$Variant	net/minecraft/class_4019$class_4039
CLASS	net/minecraft/world/entity/animal/fox/package-info	net/minecraft/class_12369
CLASS	net/minecraft/world/entity/animal/frog/Frog	net/minecraft/class_7102
CLASS	net/minecraft/world/entity/animal/frog/Frog$FrogLookControl	net/minecraft/class_7102$class_7103
CLASS	net/minecraft/world/entity/animal/frog/Frog$FrogNodeEvaluator	net/minecraft/class_7102$class_7104
CLASS	net/minecraft/world/entity/animal/frog/Frog$FrogPathNavigation	net/minecraft/class_7102$class_7105
CLASS	net/minecraft/world/entity/animal/frog/FrogAi	net/minecraft/class_7107
CLASS	net/minecraft/world/entity/animal/frog/FrogVariant	net/minecraft/class_7106
CLASS	net/minecraft/world/entity/animal/frog/FrogVariants	net/minecraft/class_10689
CLASS	net/minecraft/world/entity/animal/frog/ShootTongue	net/minecraft/class_7108
CLASS	net/minecraft/world/entity/animal/frog/ShootTongue$State	net/minecraft/class_7108$class_7109
CLASS	net/minecraft/world/entity/animal/frog/Tadpole	net/minecraft/class_7110
CLASS	net/minecraft/world/entity/animal/frog/TadpoleAi	net/minecraft/class_7111
CLASS	net/minecraft/world/entity/animal/frog/package-info	net/minecraft/class_7112
CLASS	net/minecraft/world/entity/animal/goat/Goat	net/minecraft/class_6053
CLASS	net/minecraft/world/entity/animal/goat/GoatAi	net/minecraft/class_6054
CLASS	net/minecraft/world/entity/animal/goat/package-info	net/minecraft/class_6055
CLASS	net/minecraft/world/entity/animal/golem/AbstractGolem	net/minecraft/class_1427
CLASS	net/minecraft/world/entity/animal/golem/CopperGolem	net/minecraft/class_11573
CLASS	net/minecraft/world/entity/animal/golem/CopperGolem$1	net/minecraft/class_11573$1
CLASS	net/minecraft/world/entity/animal/golem/CopperGolemAi	net/minecraft/class_11574
CLASS	net/minecraft/world/entity/animal/golem/CopperGolemOxidationLevel	net/minecraft/class_11575
CLASS	net/minecraft/world/entity/animal/golem/CopperGolemOxidationLevels	net/minecraft/class_11576
CLASS	net/minecraft/world/entity/animal/golem/CopperGolemState	net/minecraft/class_11577
CLASS	net/minecraft/world/entity/animal/golem/IronGolem	net/minecraft/class_1439
CLASS	net/minecraft/world/entity/animal/golem/SnowGolem	net/minecraft/class_1473
CLASS	net/minecraft/world/entity/animal/golem/package-info	net/minecraft/class_12370
CLASS	net/minecraft/world/entity/animal/happyghast/HappyGhast	net/minecraft/class_11187
CLASS	net/minecraft/world/entity/animal/happyghast/HappyGhast$BabyFlyingPathNavigation	net/minecraft/class_11187$class_11188
CLASS	net/minecraft/world/entity/animal/happyghast/HappyGhast$HappyGhastBodyRotationControl	net/minecraft/class_11187$class_11189
CLASS	net/minecraft/world/entity/animal/happyghast/HappyGhast$HappyGhastFloatGoal	net/minecraft/class_11187$class_11190
CLASS	net/minecraft/world/entity/animal/happyghast/HappyGhast$HappyGhastLookControl	net/minecraft/class_11187$class_11191
CLASS	net/minecraft/world/entity/animal/happyghast/HappyGhastAi	net/minecraft/class_11192
CLASS	net/minecraft/world/entity/animal/happyghast/package-info	net/minecraft/class_12371
CLASS	net/minecraft/world/entity/animal/nautilus/AbstractNautilus	net/minecraft/class_12116
CLASS	net/minecraft/world/entity/animal/nautilus/Nautilus	net/minecraft/class_12117
CLASS	net/minecraft/world/entity/animal/nautilus/NautilusAi	net/minecraft/class_12118
CLASS	net/minecraft/world/entity/animal/nautilus/ZombieNautilus	net/minecraft/class_12119
CLASS	net/minecraft/world/entity/animal/nautilus/ZombieNautilusAi	net/minecraft/class_12120
CLASS	net/minecraft/world/entity/animal/nautilus/ZombieNautilusVariant	net/minecraft/class_12319
CLASS	net/minecraft/world/entity/animal/nautilus/ZombieNautilusVariant$ModelType	net/minecraft/class_12319$class_12320
CLASS	net/minecraft/world/entity/animal/nautilus/ZombieNautilusVariants	net/minecraft/class_12321
CLASS	net/minecraft/world/entity/animal/nautilus/package-info	net/minecraft/class_12121
CLASS	net/minecraft/world/entity/animal/package-info	net/minecraft/class_6057
CLASS	net/minecraft/world/entity/animal/panda/Panda	net/minecraft/class_1440
CLASS	net/minecraft/world/entity/animal/panda/Panda$Gene	net/minecraft/class_1440$class_1443
CLASS	net/minecraft/world/entity/animal/panda/Panda$PandaAttackGoal	net/minecraft/class_1440$class_4054
CLASS	net/minecraft/world/entity/animal/panda/Panda$PandaAvoidGoal	net/minecraft/class_1440$class_1441
CLASS	net/minecraft/world/entity/animal/panda/Panda$PandaBreedGoal	net/minecraft/class_1440$class_1442
CLASS	net/minecraft/world/entity/animal/panda/Panda$PandaHurtByTargetGoal	net/minecraft/class_1440$class_1444
CLASS	net/minecraft/world/entity/animal/panda/Panda$PandaLieOnBackGoal	net/minecraft/class_1440$class_1445
CLASS	net/minecraft/world/entity/animal/panda/Panda$PandaLookAtPlayerGoal	net/minecraft/class_1440$class_4056
CLASS	net/minecraft/world/entity/animal/panda/Panda$PandaMoveControl	net/minecraft/class_1440$class_1446
CLASS	net/minecraft/world/entity/animal/panda/Panda$PandaPanicGoal	net/minecraft/class_1440$class_1447
CLASS	net/minecraft/world/entity/animal/panda/Panda$PandaRollGoal	net/minecraft/class_1440$class_1448
CLASS	net/minecraft/world/entity/animal/panda/Panda$PandaSitGoal	net/minecraft/class_1440$class_1449
CLASS	net/minecraft/world/entity/animal/panda/Panda$PandaSneezeGoal	net/minecraft/class_1440$class_1450
CLASS	net/minecraft/world/entity/animal/panda/package-info	net/minecraft/class_12372
CLASS	net/minecraft/world/entity/animal/parrot/Parrot	net/minecraft/class_1453
CLASS	net/minecraft/world/entity/animal/parrot/Parrot$1	net/minecraft/class_1453$1
CLASS	net/minecraft/world/entity/animal/parrot/Parrot$ParrotWanderGoal	net/minecraft/class_1453$class_6537
CLASS	net/minecraft/world/entity/animal/parrot/Parrot$Variant	net/minecraft/class_1453$class_7989
CLASS	net/minecraft/world/entity/animal/parrot/ShoulderRidingEntity	net/minecraft/class_1471
CLASS	net/minecraft/world/entity/animal/parrot/package-info	net/minecraft/class_12373
CLASS	net/minecraft/world/entity/animal/pig/Pig	net/minecraft/class_1452
CLASS	net/minecraft/world/entity/animal/pig/PigVariant	net/minecraft/class_10586
CLASS	net/minecraft/world/entity/animal/pig/PigVariant$ModelType	net/minecraft/class_10586$class_10587
CLASS	net/minecraft/world/entity/animal/pig/PigVariants	net/minecraft/class_10588
CLASS	net/minecraft/world/entity/animal/pig/package-info	net/minecraft/class_12374
CLASS	net/minecraft/world/entity/animal/polarbear/PolarBear	net/minecraft/class_1456
CLASS	net/minecraft/world/entity/animal/polarbear/PolarBear$PolarBearAttackPlayersGoal	net/minecraft/class_1456$class_1457
CLASS	net/minecraft/world/entity/animal/polarbear/PolarBear$PolarBearHurtByTargetGoal	net/minecraft/class_1456$class_1459
CLASS	net/minecraft/world/entity/animal/polarbear/PolarBear$PolarBearMeleeAttackGoal	net/minecraft/class_1456$class_1460
CLASS	net/minecraft/world/entity/animal/polarbear/package-info	net/minecraft/class_12375
CLASS	net/minecraft/world/entity/animal/rabbit/Rabbit	net/minecraft/class_1463
CLASS	net/minecraft/world/entity/animal/rabbit/Rabbit$RabbitAvoidEntityGoal	net/minecraft/class_1463$class_1465
CLASS	net/minecraft/world/entity/animal/rabbit/Rabbit$RabbitGroupData	net/minecraft/class_1463$class_1466
CLASS	net/minecraft/world/entity/animal/rabbit/Rabbit$RabbitJumpControl	net/minecraft/class_1463$class_5197
CLASS	net/minecraft/world/entity/animal/rabbit/Rabbit$RabbitMoveControl	net/minecraft/class_1463$class_1468
CLASS	net/minecraft/world/entity/animal/rabbit/Rabbit$RabbitPanicGoal	net/minecraft/class_1463$class_1469
CLASS	net/minecraft/world/entity/animal/rabbit/Rabbit$RaidGardenGoal	net/minecraft/class_1463$class_1470
CLASS	net/minecraft/world/entity/animal/rabbit/Rabbit$Variant	net/minecraft/class_1463$class_7990
CLASS	net/minecraft/world/entity/animal/rabbit/package-info	net/minecraft/class_12376
CLASS	net/minecraft/world/entity/animal/sheep/Sheep	net/minecraft/class_1472
CLASS	net/minecraft/world/entity/animal/sheep/SheepColorSpawnRules	net/minecraft/class_10777
CLASS	net/minecraft/world/entity/animal/sheep/SheepColorSpawnRules$SheepColorProvider	net/minecraft/class_10777$class_10778
CLASS	net/minecraft/world/entity/animal/sheep/SheepColorSpawnRules$SheepColorSpawnConfiguration	net/minecraft/class_10777$class_10779
CLASS	net/minecraft/world/entity/animal/sheep/package-info	net/minecraft/class_10780
CLASS	net/minecraft/world/entity/animal/sniffer/Sniffer	net/minecraft/class_8153
CLASS	net/minecraft/world/entity/animal/sniffer/Sniffer$State	net/minecraft/class_8153$class_8154
CLASS	net/minecraft/world/entity/animal/sniffer/SnifferAi	net/minecraft/class_8155
CLASS	net/minecraft/world/entity/animal/sniffer/SnifferAi$1	net/minecraft/class_8155$1
CLASS	net/minecraft/world/entity/animal/sniffer/SnifferAi$2	net/minecraft/class_8155$2
CLASS	net/minecraft/world/entity/animal/sniffer/SnifferAi$3	net/minecraft/class_8155$3
CLASS	net/minecraft/world/entity/animal/sniffer/SnifferAi$Digging	net/minecraft/class_8155$class_8156
CLASS	net/minecraft/world/entity/animal/sniffer/SnifferAi$FeelingHappy	net/minecraft/class_8155$class_8157
CLASS	net/minecraft/world/entity/animal/sniffer/SnifferAi$FinishedDigging	net/minecraft/class_8155$class_8158
CLASS	net/minecraft/world/entity/animal/sniffer/SnifferAi$Scenting	net/minecraft/class_8155$class_8159
CLASS	net/minecraft/world/entity/animal/sniffer/SnifferAi$Searching	net/minecraft/class_8155$class_8160
CLASS	net/minecraft/world/entity/animal/sniffer/SnifferAi$Sniffing	net/minecraft/class_8155$class_8161
CLASS	net/minecraft/world/entity/animal/sniffer/package-info	net/minecraft/class_9235
CLASS	net/minecraft/world/entity/animal/squid/GlowSquid	net/minecraft/class_5776
CLASS	net/minecraft/world/entity/animal/squid/Squid	net/minecraft/class_1477
CLASS	net/minecraft/world/entity/animal/squid/Squid$SquidFleeGoal	net/minecraft/class_1477$class_1478
CLASS	net/minecraft/world/entity/animal/squid/Squid$SquidRandomMovementGoal	net/minecraft/class_1477$class_1479
CLASS	net/minecraft/world/entity/animal/squid/package-info	net/minecraft/class_12377
CLASS	net/minecraft/world/entity/animal/turtle/Turtle	net/minecraft/class_1481
CLASS	net/minecraft/world/entity/animal/turtle/Turtle$TurtleBreedGoal	net/minecraft/class_1481$class_1482
CLASS	net/minecraft/world/entity/animal/turtle/Turtle$TurtleGoHomeGoal	net/minecraft/class_1481$class_1483
CLASS	net/minecraft/world/entity/animal/turtle/Turtle$TurtleGoToWaterGoal	net/minecraft/class_1481$class_1484
CLASS	net/minecraft/world/entity/animal/turtle/Turtle$TurtleLayEggGoal	net/minecraft/class_1481$class_1485
CLASS	net/minecraft/world/entity/animal/turtle/Turtle$TurtleMoveControl	net/minecraft/class_1481$class_1486
CLASS	net/minecraft/world/entity/animal/turtle/Turtle$TurtlePanicGoal	net/minecraft/class_1481$class_1487
CLASS	net/minecraft/world/entity/animal/turtle/Turtle$TurtlePathNavigation	net/minecraft/class_1481$class_1488
CLASS	net/minecraft/world/entity/animal/turtle/Turtle$TurtleRandomStrollGoal	net/minecraft/class_1481$class_1489
CLASS	net/minecraft/world/entity/animal/turtle/Turtle$TurtleTravelGoal	net/minecraft/class_1481$class_1491
CLASS	net/minecraft/world/entity/animal/turtle/package-info	net/minecraft/class_12378
CLASS	net/minecraft/world/entity/animal/wolf/Wolf	net/minecraft/class_1493
CLASS	net/minecraft/world/entity/animal/wolf/Wolf$WolfAvoidEntityGoal	net/minecraft/class_1493$class_1494
CLASS	net/minecraft/world/entity/animal/wolf/Wolf$WolfPackData	net/minecraft/class_1493$class_9345
CLASS	net/minecraft/world/entity/animal/wolf/WolfSoundVariant	net/minecraft/class_10823
CLASS	net/minecraft/world/entity/animal/wolf/WolfSoundVariants	net/minecraft/class_10824
CLASS	net/minecraft/world/entity/animal/wolf/WolfSoundVariants$SoundSet	net/minecraft/class_10824$class_10825
CLASS	net/minecraft/world/entity/animal/wolf/WolfVariant	net/minecraft/class_9346
CLASS	net/minecraft/world/entity/animal/wolf/WolfVariant$AssetInfo	net/minecraft/class_9346$class_10688
CLASS	net/minecraft/world/entity/animal/wolf/WolfVariants	net/minecraft/class_9347
CLASS	net/minecraft/world/entity/animal/wolf/package-info	net/minecraft/class_10826
CLASS	net/minecraft/world/entity/boss/enderdragon/DragonFlightHistory	net/minecraft/class_9871
CLASS	net/minecraft/world/entity/boss/enderdragon/DragonFlightHistory$Sample	net/minecraft/class_9871$class_9872
CLASS	net/minecraft/world/entity/boss/enderdragon/EndCrystal	net/minecraft/class_1511
CLASS	net/minecraft/world/entity/boss/enderdragon/EnderDragon	net/minecraft/class_1510
CLASS	net/minecraft/world/entity/boss/enderdragon/EnderDragonPart	net/minecraft/class_1508
CLASS	net/minecraft/world/entity/boss/enderdragon/package-info	net/minecraft/class_6058
CLASS	net/minecraft/world/entity/boss/enderdragon/phases/AbstractDragonPhaseInstance	net/minecraft/class_1512
CLASS	net/minecraft/world/entity/boss/enderdragon/phases/AbstractDragonSittingPhase	net/minecraft/class_1514
CLASS	net/minecraft/world/entity/boss/enderdragon/phases/DragonChargePlayerPhase	net/minecraft/class_1513
CLASS	net/minecraft/world/entity/boss/enderdragon/phases/DragonDeathPhase	net/minecraft/class_1515
CLASS	net/minecraft/world/entity/boss/enderdragon/phases/DragonHoldingPatternPhase	net/minecraft/class_1517
CLASS	net/minecraft/world/entity/boss/enderdragon/phases/DragonHoverPhase	net/minecraft/class_1516
CLASS	net/minecraft/world/entity/boss/enderdragon/phases/DragonLandingApproachPhase	net/minecraft/class_1519
CLASS	net/minecraft/world/entity/boss/enderdragon/phases/DragonLandingPhase	net/minecraft/class_1518
CLASS	net/minecraft/world/entity/boss/enderdragon/phases/DragonPhaseInstance	net/minecraft/class_1521
CLASS	net/minecraft/world/entity/boss/enderdragon/phases/DragonSittingAttackingPhase	net/minecraft/class_1520
CLASS	net/minecraft/world/entity/boss/enderdragon/phases/DragonSittingFlamingPhase	net/minecraft/class_1523
CLASS	net/minecraft/world/entity/boss/enderdragon/phases/DragonSittingScanningPhase	net/minecraft/class_1522
CLASS	net/minecraft/world/entity/boss/enderdragon/phases/DragonStrafePlayerPhase	net/minecraft/class_1525
CLASS	net/minecraft/world/entity/boss/enderdragon/phases/DragonTakeoffPhase	net/minecraft/class_1524
CLASS	net/minecraft/world/entity/boss/enderdragon/phases/EnderDragonPhase	net/minecraft/class_1527
CLASS	net/minecraft/world/entity/boss/enderdragon/phases/EnderDragonPhaseManager	net/minecraft/class_1526
CLASS	net/minecraft/world/entity/boss/enderdragon/phases/package-info	net/minecraft/class_6059
CLASS	net/minecraft/world/entity/boss/wither/WitherBoss	net/minecraft/class_1528
CLASS	net/minecraft/world/entity/boss/wither/WitherBoss$WitherDoNothingGoal	net/minecraft/class_1528$class_1529
CLASS	net/minecraft/world/entity/boss/wither/package-info	net/minecraft/class_6061
CLASS	net/minecraft/world/entity/decoration/ArmorStand	net/minecraft/class_1531
CLASS	net/minecraft/world/entity/decoration/ArmorStand$ArmorStandPose	net/minecraft/class_1531$class_11346
CLASS	net/minecraft/world/entity/decoration/BlockAttachedEntity	net/minecraft/class_9691
CLASS	net/minecraft/world/entity/decoration/GlowItemFrame	net/minecraft/class_5915
CLASS	net/minecraft/world/entity/decoration/HangingEntity	net/minecraft/class_1530
CLASS	net/minecraft/world/entity/decoration/HangingEntity$1	net/minecraft/class_1530$1
CLASS	net/minecraft/world/entity/decoration/ItemFrame	net/minecraft/class_1533
CLASS	net/minecraft/world/entity/decoration/LeashFenceKnotEntity	net/minecraft/class_1532
CLASS	net/minecraft/world/entity/decoration/Mannequin	net/minecraft/class_11891
CLASS	net/minecraft/world/entity/decoration/package-info	net/minecraft/class_6062
CLASS	net/minecraft/world/entity/decoration/painting/Painting	net/minecraft/class_1534
CLASS	net/minecraft/world/entity/decoration/painting/PaintingVariant	net/minecraft/class_1535
CLASS	net/minecraft/world/entity/decoration/painting/PaintingVariants	net/minecraft/class_7408
CLASS	net/minecraft/world/entity/decoration/painting/package-info	net/minecraft/class_12379
CLASS	net/minecraft/world/entity/item/FallingBlockEntity	net/minecraft/class_1540
CLASS	net/minecraft/world/entity/item/ItemEntity	net/minecraft/class_1542
CLASS	net/minecraft/world/entity/item/PrimedTnt	net/minecraft/class_1541
CLASS	net/minecraft/world/entity/item/PrimedTnt$1	net/minecraft/class_1541$1
CLASS	net/minecraft/world/entity/item/package-info	net/minecraft/class_6063
CLASS	net/minecraft/world/entity/monster/Blaze	net/minecraft/class_1545
CLASS	net/minecraft/world/entity/monster/Blaze$BlazeAttackGoal	net/minecraft/class_1545$class_1546
CLASS	net/minecraft/world/entity/monster/Creeper	net/minecraft/class_1548
CLASS	net/minecraft/world/entity/monster/CrossbowAttackMob	net/minecraft/class_3745
CLASS	net/minecraft/world/entity/monster/ElderGuardian	net/minecraft/class_1550
CLASS	net/minecraft/world/entity/monster/EnderMan	net/minecraft/class_1560
CLASS	net/minecraft/world/entity/monster/EnderMan$EndermanFreezeWhenLookedAt	net/minecraft/class_1560$class_4159
CLASS	net/minecraft/world/entity/monster/EnderMan$EndermanLeaveBlockGoal	net/minecraft/class_1560$class_1561
CLASS	net/minecraft/world/entity/monster/EnderMan$EndermanLookForPlayerGoal	net/minecraft/class_1560$class_1562
CLASS	net/minecraft/world/entity/monster/EnderMan$EndermanTakeBlockGoal	net/minecraft/class_1560$class_1563
CLASS	net/minecraft/world/entity/monster/Endermite	net/minecraft/class_1559
CLASS	net/minecraft/world/entity/monster/Enemy	net/minecraft/class_1569
CLASS	net/minecraft/world/entity/monster/Ghast	net/minecraft/class_1571
CLASS	net/minecraft/world/entity/monster/Ghast$GhastLookGoal	net/minecraft/class_1571$class_1572
CLASS	net/minecraft/world/entity/monster/Ghast$GhastMoveControl	net/minecraft/class_1571$class_1573
CLASS	net/minecraft/world/entity/monster/Ghast$GhastShootFireballGoal	net/minecraft/class_1571$class_1574
CLASS	net/minecraft/world/entity/monster/Ghast$RandomFloatAroundGoal	net/minecraft/class_1571$class_1575
CLASS	net/minecraft/world/entity/monster/Giant	net/minecraft/class_1570
CLASS	net/minecraft/world/entity/monster/Guardian	net/minecraft/class_1577
CLASS	net/minecraft/world/entity/monster/Guardian$GuardianAttackGoal	net/minecraft/class_1577$class_1578
CLASS	net/minecraft/world/entity/monster/Guardian$GuardianAttackSelector	net/minecraft/class_1577$class_1579
CLASS	net/minecraft/world/entity/monster/Guardian$GuardianMoveControl	net/minecraft/class_1577$class_1580
CLASS	net/minecraft/world/entity/monster/MagmaCube	net/minecraft/class_1589
CLASS	net/minecraft/world/entity/monster/Monster	net/minecraft/class_1588
CLASS	net/minecraft/world/entity/monster/PatrollingMonster	net/minecraft/class_3732
CLASS	net/minecraft/world/entity/monster/PatrollingMonster$LongDistancePatrolGoal	net/minecraft/class_3732$class_3733
CLASS	net/minecraft/world/entity/monster/Phantom	net/minecraft/class_1593
CLASS	net/minecraft/world/entity/monster/Phantom$AttackPhase	net/minecraft/class_1593$class_1594
CLASS	net/minecraft/world/entity/monster/Phantom$PhantomAttackPlayerTargetGoal	net/minecraft/class_1593$class_1595
CLASS	net/minecraft/world/entity/monster/Phantom$PhantomAttackStrategyGoal	net/minecraft/class_1593$class_1596
CLASS	net/minecraft/world/entity/monster/Phantom$PhantomBodyRotationControl	net/minecraft/class_1593$class_1597
CLASS	net/minecraft/world/entity/monster/Phantom$PhantomCircleAroundAnchorGoal	net/minecraft/class_1593$class_1598
CLASS	net/minecraft/world/entity/monster/Phantom$PhantomLookControl	net/minecraft/class_1593$class_1599
CLASS	net/minecraft/world/entity/monster/Phantom$PhantomMoveControl	net/minecraft/class_1593$class_1600
CLASS	net/minecraft/world/entity/monster/Phantom$PhantomMoveTargetGoal	net/minecraft/class_1593$class_1601
CLASS	net/minecraft/world/entity/monster/Phantom$PhantomSweepAttackGoal	net/minecraft/class_1593$class_1602
CLASS	net/minecraft/world/entity/monster/RangedAttackMob	net/minecraft/class_1603
CLASS	net/minecraft/world/entity/monster/Ravager	net/minecraft/class_1584
CLASS	net/minecraft/world/entity/monster/Shulker	net/minecraft/class_1606
CLASS	net/minecraft/world/entity/monster/Shulker$ShulkerAttackGoal	net/minecraft/class_1606$class_1607
CLASS	net/minecraft/world/entity/monster/Shulker$ShulkerBodyRotationControl	net/minecraft/class_1606$class_1608
CLASS	net/minecraft/world/entity/monster/Shulker$ShulkerDefenseAttackGoal	net/minecraft/class_1606$class_1609
CLASS	net/minecraft/world/entity/monster/Shulker$ShulkerLookControl	net/minecraft/class_1606$class_6376
CLASS	net/minecraft/world/entity/monster/Shulker$ShulkerNearestAttackGoal	net/minecraft/class_1606$class_1610
CLASS	net/minecraft/world/entity/monster/Shulker$ShulkerPeekGoal	net/minecraft/class_1606$class_1611
CLASS	net/minecraft/world/entity/monster/Silverfish	net/minecraft/class_1614
CLASS	net/minecraft/world/entity/monster/Silverfish$SilverfishMergeWithStoneGoal	net/minecraft/class_1614$class_1615
CLASS	net/minecraft/world/entity/monster/Silverfish$SilverfishWakeUpFriendsGoal	net/minecraft/class_1614$class_1616
CLASS	net/minecraft/world/entity/monster/Slime	net/minecraft/class_1621
CLASS	net/minecraft/world/entity/monster/Slime$SlimeAttackGoal	net/minecraft/class_1621$class_1622
CLASS	net/minecraft/world/entity/monster/Slime$SlimeFloatGoal	net/minecraft/class_1621$class_1623
CLASS	net/minecraft/world/entity/monster/Slime$SlimeKeepOnJumpingGoal	net/minecraft/class_1621$class_1624
CLASS	net/minecraft/world/entity/monster/Slime$SlimeMoveControl	net/minecraft/class_1621$class_1625
CLASS	net/minecraft/world/entity/monster/Slime$SlimeRandomDirectionGoal	net/minecraft/class_1621$class_1626
CLASS	net/minecraft/world/entity/monster/Strider	net/minecraft/class_4985
CLASS	net/minecraft/world/entity/monster/Strider$StriderGoToLavaGoal	net/minecraft/class_4985$class_5494
CLASS	net/minecraft/world/entity/monster/Strider$StriderPathNavigation	net/minecraft/class_4985$class_4988
CLASS	net/minecraft/world/entity/monster/Vex	net/minecraft/class_1634
CLASS	net/minecraft/world/entity/monster/Vex$VexChargeAttackGoal	net/minecraft/class_1634$class_1635
CLASS	net/minecraft/world/entity/monster/Vex$VexCopyOwnerTargetGoal	net/minecraft/class_1634$class_1636
CLASS	net/minecraft/world/entity/monster/Vex$VexMoveControl	net/minecraft/class_1634$class_1637
CLASS	net/minecraft/world/entity/monster/Vex$VexRandomMoveGoal	net/minecraft/class_1634$class_1638
CLASS	net/minecraft/world/entity/monster/Witch	net/minecraft/class_1640
CLASS	net/minecraft/world/entity/monster/Zoglin	net/minecraft/class_5136
CLASS	net/minecraft/world/entity/monster/breeze/Breeze	net/minecraft/class_8949
CLASS	net/minecraft/world/entity/monster/breeze/Breeze$1	net/minecraft/class_8949$1
CLASS	net/minecraft/world/entity/monster/breeze/BreezeAi	net/minecraft/class_8950
CLASS	net/minecraft/world/entity/monster/breeze/BreezeAi$SlideToTargetSink	net/minecraft/class_8950$class_8951
CLASS	net/minecraft/world/entity/monster/breeze/BreezeUtil	net/minecraft/class_9075
CLASS	net/minecraft/world/entity/monster/breeze/LongJump	net/minecraft/class_8952
CLASS	net/minecraft/world/entity/monster/breeze/Shoot	net/minecraft/class_8953
CLASS	net/minecraft/world/entity/monster/breeze/ShootWhenStuck	net/minecraft/class_9035
CLASS	net/minecraft/world/entity/monster/breeze/Slide	net/minecraft/class_8954
CLASS	net/minecraft/world/entity/monster/breeze/package-info	net/minecraft/class_8955
CLASS	net/minecraft/world/entity/monster/creaking/Creaking	net/minecraft/class_10275
CLASS	net/minecraft/world/entity/monster/creaking/Creaking$CreakingBodyRotationControl	net/minecraft/class_10275$class_10276
CLASS	net/minecraft/world/entity/monster/creaking/Creaking$CreakingJumpControl	net/minecraft/class_10275$class_10277
CLASS	net/minecraft/world/entity/monster/creaking/Creaking$CreakingLookControl	net/minecraft/class_10275$class_10278
CLASS	net/minecraft/world/entity/monster/creaking/Creaking$CreakingMoveControl	net/minecraft/class_10275$class_10279
CLASS	net/minecraft/world/entity/monster/creaking/Creaking$CreakingPathNavigation	net/minecraft/class_10275$class_10282
CLASS	net/minecraft/world/entity/monster/creaking/Creaking$HomeNodeEvaluator	net/minecraft/class_10275$class_10283
CLASS	net/minecraft/world/entity/monster/creaking/CreakingAi	net/minecraft/class_10280
CLASS	net/minecraft/world/entity/monster/creaking/CreakingAi$1	net/minecraft/class_10280$1
CLASS	net/minecraft/world/entity/monster/creaking/package-info	net/minecraft/class_10284
CLASS	net/minecraft/world/entity/monster/hoglin/Hoglin	net/minecraft/class_4760
CLASS	net/minecraft/world/entity/monster/hoglin/HoglinAi	net/minecraft/class_4835
CLASS	net/minecraft/world/entity/monster/hoglin/HoglinBase	net/minecraft/class_5137
CLASS	net/minecraft/world/entity/monster/hoglin/package-info	net/minecraft/class_6064
CLASS	net/minecraft/world/entity/monster/illager/AbstractIllager	net/minecraft/class_1543
CLASS	net/minecraft/world/entity/monster/illager/AbstractIllager$IllagerArmPose	net/minecraft/class_1543$class_1544
CLASS	net/minecraft/world/entity/monster/illager/AbstractIllager$RaiderOpenDoorGoal	net/minecraft/class_1543$class_4258
CLASS	net/minecraft/world/entity/monster/illager/Evoker	net/minecraft/class_1564
CLASS	net/minecraft/world/entity/monster/illager/Evoker$EvokerAttackSpellGoal	net/minecraft/class_1564$class_1565
CLASS	net/minecraft/world/entity/monster/illager/Evoker$EvokerCastingSpellGoal	net/minecraft/class_1564$class_1566
CLASS	net/minecraft/world/entity/monster/illager/Evoker$EvokerSummonSpellGoal	net/minecraft/class_1564$class_1567
CLASS	net/minecraft/world/entity/monster/illager/Evoker$EvokerWololoSpellGoal	net/minecraft/class_1564$class_1568
CLASS	net/minecraft/world/entity/monster/illager/Illusioner	net/minecraft/class_1581
CLASS	net/minecraft/world/entity/monster/illager/Illusioner$IllusionerBlindnessSpellGoal	net/minecraft/class_1581$class_1582
CLASS	net/minecraft/world/entity/monster/illager/Illusioner$IllusionerMirrorSpellGoal	net/minecraft/class_1581$class_1583
CLASS	net/minecraft/world/entity/monster/illager/Pillager	net/minecraft/class_1604
CLASS	net/minecraft/world/entity/monster/illager/SpellcasterIllager	net/minecraft/class_1617
CLASS	net/minecraft/world/entity/monster/illager/SpellcasterIllager$IllagerSpell	net/minecraft/class_1617$class_1618
CLASS	net/minecraft/world/entity/monster/illager/SpellcasterIllager$SpellcasterCastingSpellGoal	net/minecraft/class_1617$class_1619
CLASS	net/minecraft/world/entity/monster/illager/SpellcasterIllager$SpellcasterUseSpellGoal	net/minecraft/class_1617$class_1620
CLASS	net/minecraft/world/entity/monster/illager/Vindicator	net/minecraft/class_1632
CLASS	net/minecraft/world/entity/monster/illager/Vindicator$VindicatorBreakDoorGoal	net/minecraft/class_1632$class_3761
CLASS	net/minecraft/world/entity/monster/illager/Vindicator$VindicatorJohnnyAttackGoal	net/minecraft/class_1632$class_1633
CLASS	net/minecraft/world/entity/monster/illager/package-info	net/minecraft/class_12380
CLASS	net/minecraft/world/entity/monster/package-info	net/minecraft/class_6065
CLASS	net/minecraft/world/entity/monster/piglin/AbstractPiglin	net/minecraft/class_5418
CLASS	net/minecraft/world/entity/monster/piglin/Piglin	net/minecraft/class_4836
CLASS	net/minecraft/world/entity/monster/piglin/PiglinAi	net/minecraft/class_4838
CLASS	net/minecraft/world/entity/monster/piglin/PiglinArmPose	net/minecraft/class_4837
CLASS	net/minecraft/world/entity/monster/piglin/PiglinBrute	net/minecraft/class_5419
CLASS	net/minecraft/world/entity/monster/piglin/PiglinBruteAi	net/minecraft/class_5420
CLASS	net/minecraft/world/entity/monster/piglin/RememberIfHoglinWasKilled	net/minecraft/class_4819
CLASS	net/minecraft/world/entity/monster/piglin/StartAdmiringItemIfSeen	net/minecraft/class_4823
CLASS	net/minecraft/world/entity/monster/piglin/StartHuntingHoglin	net/minecraft/class_4826
CLASS	net/minecraft/world/entity/monster/piglin/StopAdmiringIfItemTooFarAway	net/minecraft/class_4827
CLASS	net/minecraft/world/entity/monster/piglin/StopAdmiringIfTiredOfTryingToReachItem	net/minecraft/class_5430
CLASS	net/minecraft/world/entity/monster/piglin/StopHoldingItemIfNoLongerAdmiring	net/minecraft/class_4830
CLASS	net/minecraft/world/entity/monster/piglin/package-info	net/minecraft/class_6066
CLASS	net/minecraft/world/entity/monster/skeleton/AbstractSkeleton	net/minecraft/class_1547
CLASS	net/minecraft/world/entity/monster/skeleton/AbstractSkeleton$1	net/minecraft/class_1547$1
CLASS	net/minecraft/world/entity/monster/skeleton/Bogged	net/minecraft/class_9254
CLASS	net/minecraft/world/entity/monster/skeleton/Parched	net/minecraft/class_12263
CLASS	net/minecraft/world/entity/monster/skeleton/Skeleton	net/minecraft/class_1613
CLASS	net/minecraft/world/entity/monster/skeleton/Stray	net/minecraft/class_1627
CLASS	net/minecraft/world/entity/monster/skeleton/WitherSkeleton	net/minecraft/class_1639
CLASS	net/minecraft/world/entity/monster/skeleton/package-info	net/minecraft/class_12381
CLASS	net/minecraft/world/entity/monster/spider/CaveSpider	net/minecraft/class_1549
CLASS	net/minecraft/world/entity/monster/spider/Spider	net/minecraft/class_1628
CLASS	net/minecraft/world/entity/monster/spider/Spider$SpiderAttackGoal	net/minecraft/class_1628$class_1629
CLASS	net/minecraft/world/entity/monster/spider/Spider$SpiderEffectsGroupData	net/minecraft/class_1628$class_1630
CLASS	net/minecraft/world/entity/monster/spider/Spider$SpiderTargetGoal	net/minecraft/class_1628$class_1631
CLASS	net/minecraft/world/entity/monster/spider/package-info	net/minecraft/class_12382
CLASS	net/minecraft/world/entity/monster/warden/AngerLevel	net/minecraft/class_7253
CLASS	net/minecraft/world/entity/monster/warden/AngerManagement	net/minecraft/class_7254
CLASS	net/minecraft/world/entity/monster/warden/AngerManagement$1	net/minecraft/class_7254$1
CLASS	net/minecraft/world/entity/monster/warden/AngerManagement$Sorter	net/minecraft/class_7254$class_7379
CLASS	net/minecraft/world/entity/monster/warden/Warden	net/minecraft/class_7260
CLASS	net/minecraft/world/entity/monster/warden/Warden$1	net/minecraft/class_7260$1
CLASS	net/minecraft/world/entity/monster/warden/Warden$1$1	net/minecraft/class_7260$1$1
CLASS	net/minecraft/world/entity/monster/warden/Warden$2	net/minecraft/class_7260$2
CLASS	net/minecraft/world/entity/monster/warden/Warden$VibrationUser	net/minecraft/class_7260$class_8507
CLASS	net/minecraft/world/entity/monster/warden/WardenAi	net/minecraft/class_7261
CLASS	net/minecraft/world/entity/monster/warden/WardenSpawnTracker	net/minecraft/class_7262
CLASS	net/minecraft/world/entity/monster/warden/package-info	net/minecraft/class_7263
CLASS	net/minecraft/world/entity/monster/zombie/Drowned	net/minecraft/class_1551
CLASS	net/minecraft/world/entity/monster/zombie/Drowned$DrownedAttackGoal	net/minecraft/class_1551$class_1552
CLASS	net/minecraft/world/entity/monster/zombie/Drowned$DrownedGoToBeachGoal	net/minecraft/class_1551$class_1554
CLASS	net/minecraft/world/entity/monster/zombie/Drowned$DrownedGoToWaterGoal	net/minecraft/class_1551$class_1555
CLASS	net/minecraft/world/entity/monster/zombie/Drowned$DrownedMoveControl	net/minecraft/class_1551$class_1556
CLASS	net/minecraft/world/entity/monster/zombie/Drowned$DrownedSwimUpGoal	net/minecraft/class_1551$class_1557
CLASS	net/minecraft/world/entity/monster/zombie/Drowned$DrownedTridentAttackGoal	net/minecraft/class_1551$class_1558
CLASS	net/minecraft/world/entity/monster/zombie/Husk	net/minecraft/class_1576
CLASS	net/minecraft/world/entity/monster/zombie/Husk$HuskGroupData	net/minecraft/class_1576$class_12262
CLASS	net/minecraft/world/entity/monster/zombie/Zombie	net/minecraft/class_1642
CLASS	net/minecraft/world/entity/monster/zombie/Zombie$ZombieAttackTurtleEggGoal	net/minecraft/class_1642$class_1643
CLASS	net/minecraft/world/entity/monster/zombie/Zombie$ZombieGroupData	net/minecraft/class_1642$class_1644
CLASS	net/minecraft/world/entity/monster/zombie/ZombieVillager	net/minecraft/class_1641
CLASS	net/minecraft/world/entity/monster/zombie/ZombifiedPiglin	net/minecraft/class_1590
CLASS	net/minecraft/world/entity/monster/zombie/package-info	net/minecraft/class_12383
CLASS	net/minecraft/world/entity/npc/CatSpawner	net/minecraft/class_4274
CLASS	net/minecraft/world/entity/npc/ClientSideMerchant	net/minecraft/class_1645
CLASS	net/minecraft/world/entity/npc/InventoryCarrier	net/minecraft/class_6067
CLASS	net/minecraft/world/entity/npc/Npc	net/minecraft/class_1655
CLASS	net/minecraft/world/entity/npc/package-info	net/minecraft/class_6068
CLASS	net/minecraft/world/entity/npc/villager/AbstractVillager	net/minecraft/class_3988
CLASS	net/minecraft/world/entity/npc/villager/Villager	net/minecraft/class_1646
CLASS	net/minecraft/world/entity/npc/villager/VillagerData	net/minecraft/class_3850
CLASS	net/minecraft/world/entity/npc/villager/VillagerDataHolder	net/minecraft/class_3851
CLASS	net/minecraft/world/entity/npc/villager/VillagerProfession	net/minecraft/class_3852
CLASS	net/minecraft/world/entity/npc/villager/VillagerTrades	net/minecraft/class_3853
CLASS	net/minecraft/world/entity/npc/villager/VillagerTrades$DyedArmorForEmeralds	net/minecraft/class_3853$class_4160
CLASS	net/minecraft/world/entity/npc/villager/VillagerTrades$EmeraldForItems	net/minecraft/class_3853$class_4161
CLASS	net/minecraft/world/entity/npc/villager/VillagerTrades$EmeraldsForVillagerTypeItem	net/minecraft/class_3853$class_4162
CLASS	net/minecraft/world/entity/npc/villager/VillagerTrades$EnchantBookForEmeralds	net/minecraft/class_3853$class_1648
CLASS	net/minecraft/world/entity/npc/villager/VillagerTrades$EnchantedItemForEmeralds	net/minecraft/class_3853$class_4163
CLASS	net/minecraft/world/entity/npc/villager/VillagerTrades$FailureItemListing	net/minecraft/class_3853$class_8793
CLASS	net/minecraft/world/entity/npc/villager/VillagerTrades$ItemListing	net/minecraft/class_3853$class_1652
CLASS	net/minecraft/world/entity/npc/villager/VillagerTrades$ItemsAndEmeraldsToItems	net/minecraft/class_3853$class_4164
CLASS	net/minecraft/world/entity/npc/villager/VillagerTrades$ItemsForEmeralds	net/minecraft/class_3853$class_4165
CLASS	net/minecraft/world/entity/npc/villager/VillagerTrades$SuspiciousStewForEmerald	net/minecraft/class_3853$class_4166
CLASS	net/minecraft/world/entity/npc/villager/VillagerTrades$TippedArrowForItemsAndEmeralds	net/minecraft/class_3853$class_4167
CLASS	net/minecraft/world/entity/npc/villager/VillagerTrades$TreasureMapForEmeralds	net/minecraft/class_3853$class_1654
CLASS	net/minecraft/world/entity/npc/villager/VillagerTrades$TypeSpecificTrade	net/minecraft/class_3853$class_8640
CLASS	net/minecraft/world/entity/npc/villager/VillagerType	net/minecraft/class_3854
CLASS	net/minecraft/world/entity/npc/villager/package-info	net/minecraft/class_12384
CLASS	net/minecraft/world/entity/npc/wanderingtrader/WanderingTrader	net/minecraft/class_3989
CLASS	net/minecraft/world/entity/npc/wanderingtrader/WanderingTrader$WanderToPositionGoal	net/minecraft/class_3989$class_3994
CLASS	net/minecraft/world/entity/npc/wanderingtrader/WanderingTraderSpawner	net/minecraft/class_3990
CLASS	net/minecraft/world/entity/npc/wanderingtrader/package-info	net/minecraft/class_12385
CLASS	net/minecraft/world/entity/package-info	net/minecraft/class_6069
CLASS	net/minecraft/world/entity/player/Abilities	net/minecraft/class_1656
CLASS	net/minecraft/world/entity/player/Abilities$Packed	net/minecraft/class_1656$class_11347
CLASS	net/minecraft/world/entity/player/ChatVisiblity	net/minecraft/class_1659
CLASS	net/minecraft/world/entity/player/Input	net/minecraft/class_10185
CLASS	net/minecraft/world/entity/player/Input$1	net/minecraft/class_10185$1
CLASS	net/minecraft/world/entity/player/Inventory	net/minecraft/class_1661
CLASS	net/minecraft/world/entity/player/Player	net/minecraft/class_1657
CLASS	net/minecraft/world/entity/player/Player$1	net/minecraft/class_1657$1
CLASS	net/minecraft/world/entity/player/Player$2	net/minecraft/class_1657$2
CLASS	net/minecraft/world/entity/player/Player$BedSleepingProblem	net/minecraft/class_1657$class_1658
CLASS	net/minecraft/world/entity/player/PlayerEquipment	net/minecraft/class_10759
CLASS	net/minecraft/world/entity/player/PlayerModelPart	net/minecraft/class_1664
CLASS	net/minecraft/world/entity/player/PlayerModelType	net/minecraft/class_7920
CLASS	net/minecraft/world/entity/player/PlayerSkin	net/minecraft/class_8685
CLASS	net/minecraft/world/entity/player/PlayerSkin$Patch	net/minecraft/class_8685$class_11892
CLASS	net/minecraft/world/entity/player/ProfileKeyPair	net/minecraft/class_7427
CLASS	net/minecraft/world/entity/player/ProfilePublicKey	net/minecraft/class_7428
CLASS	net/minecraft/world/entity/player/ProfilePublicKey$Data	net/minecraft/class_7428$class_7443
CLASS	net/minecraft/world/entity/player/ProfilePublicKey$ValidationException	net/minecraft/class_7428$class_7652
CLASS	net/minecraft/world/entity/player/StackedContents	net/minecraft/class_1662
CLASS	net/minecraft/world/entity/player/StackedContents$IngredientInfo	net/minecraft/class_1662$class_10528
CLASS	net/minecraft/world/entity/player/StackedContents$Output	net/minecraft/class_1662$class_9874
CLASS	net/minecraft/world/entity/player/StackedContents$RecipePicker	net/minecraft/class_1662$class_1663
CLASS	net/minecraft/world/entity/player/StackedItemContents	net/minecraft/class_9875
CLASS	net/minecraft/world/entity/player/package-info	net/minecraft/class_6070
CLASS	net/minecraft/world/entity/projectile/EvokerFangs	net/minecraft/class_1669
CLASS	net/minecraft/world/entity/projectile/EyeOfEnder	net/minecraft/class_1672
CLASS	net/minecraft/world/entity/projectile/FireworkRocketEntity	net/minecraft/class_1671
CLASS	net/minecraft/world/entity/projectile/FishingHook	net/minecraft/class_1536
CLASS	net/minecraft/world/entity/projectile/FishingHook$FishHookState	net/minecraft/class_1536$class_1537
CLASS	net/minecraft/world/entity/projectile/FishingHook$OpenWaterType	net/minecraft/class_1536$class_4984
CLASS	net/minecraft/world/entity/projectile/ItemSupplier	net/minecraft/class_3856
CLASS	net/minecraft/world/entity/projectile/LlamaSpit	net/minecraft/class_1673
CLASS	net/minecraft/world/entity/projectile/Projectile	net/minecraft/class_1676
CLASS	net/minecraft/world/entity/projectile/Projectile$ProjectileFactory	net/minecraft/class_1676$class_9876
CLASS	net/minecraft/world/entity/projectile/ProjectileDeflection	net/minecraft/class_9109
CLASS	net/minecraft/world/entity/projectile/ProjectileUtil	net/minecraft/class_1675
CLASS	net/minecraft/world/entity/projectile/ShulkerBullet	net/minecraft/class_1678
CLASS	net/minecraft/world/entity/projectile/ThrowableProjectile	net/minecraft/class_1682
CLASS	net/minecraft/world/entity/projectile/arrow/AbstractArrow	net/minecraft/class_1665
CLASS	net/minecraft/world/entity/projectile/arrow/AbstractArrow$Pickup	net/minecraft/class_1665$class_1666
CLASS	net/minecraft/world/entity/projectile/arrow/Arrow	net/minecraft/class_1667
CLASS	net/minecraft/world/entity/projectile/arrow/SpectralArrow	net/minecraft/class_1679
CLASS	net/minecraft/world/entity/projectile/arrow/ThrownTrident	net/minecraft/class_1685
CLASS	net/minecraft/world/entity/projectile/arrow/package-info	net/minecraft/class_12386
CLASS	net/minecraft/world/entity/projectile/hurtingprojectile/AbstractHurtingProjectile	net/minecraft/class_1668
CLASS	net/minecraft/world/entity/projectile/hurtingprojectile/DragonFireball	net/minecraft/class_1670
CLASS	net/minecraft/world/entity/projectile/hurtingprojectile/Fireball	net/minecraft/class_3855
CLASS	net/minecraft/world/entity/projectile/hurtingprojectile/LargeFireball	net/minecraft/class_1674
CLASS	net/minecraft/world/entity/projectile/hurtingprojectile/SmallFireball	net/minecraft/class_1677
CLASS	net/minecraft/world/entity/projectile/hurtingprojectile/WitherSkull	net/minecraft/class_1687
CLASS	net/minecraft/world/entity/projectile/hurtingprojectile/package-info	net/minecraft/class_12387
CLASS	net/minecraft/world/entity/projectile/hurtingprojectile/windcharge/AbstractWindCharge	net/minecraft/class_9236
CLASS	net/minecraft/world/entity/projectile/hurtingprojectile/windcharge/BreezeWindCharge	net/minecraft/class_9238
CLASS	net/minecraft/world/entity/projectile/hurtingprojectile/windcharge/WindCharge	net/minecraft/class_8956
CLASS	net/minecraft/world/entity/projectile/hurtingprojectile/windcharge/package-info	net/minecraft/class_12388
CLASS	net/minecraft/world/entity/projectile/package-info	net/minecraft/class_6071
CLASS	net/minecraft/world/entity/projectile/throwableitemprojectile/AbstractThrownPotion	net/minecraft/class_1686
CLASS	net/minecraft/world/entity/projectile/throwableitemprojectile/Snowball	net/minecraft/class_1680
CLASS	net/minecraft/world/entity/projectile/throwableitemprojectile/ThrowableItemProjectile	net/minecraft/class_3857
CLASS	net/minecraft/world/entity/projectile/throwableitemprojectile/ThrownEgg	net/minecraft/class_1681
CLASS	net/minecraft/world/entity/projectile/throwableitemprojectile/ThrownEnderpearl	net/minecraft/class_1684
CLASS	net/minecraft/world/entity/projectile/throwableitemprojectile/ThrownExperienceBottle	net/minecraft/class_1683
CLASS	net/minecraft/world/entity/projectile/throwableitemprojectile/ThrownLingeringPotion	net/minecraft/class_10690
CLASS	net/minecraft/world/entity/projectile/throwableitemprojectile/ThrownSplashPotion	net/minecraft/class_10691
CLASS	net/minecraft/world/entity/projectile/throwableitemprojectile/package-info	net/minecraft/class_12389
CLASS	net/minecraft/world/entity/raid/Raid	net/minecraft/class_3765
CLASS	net/minecraft/world/entity/raid/Raid$1	net/minecraft/class_3765$1
CLASS	net/minecraft/world/entity/raid/Raid$RaidStatus	net/minecraft/class_3765$class_4259
CLASS	net/minecraft/world/entity/raid/Raid$RaiderType	net/minecraft/class_3765$class_3766
CLASS	net/minecraft/world/entity/raid/Raider	net/minecraft/class_3763
CLASS	net/minecraft/world/entity/raid/Raider$HoldGroundAttackGoal	net/minecraft/class_3763$class_4223
CLASS	net/minecraft/world/entity/raid/Raider$ObtainRaidLeaderBannerGoal	net/minecraft/class_3763$class_3764
CLASS	net/minecraft/world/entity/raid/Raider$RaiderCelebration	net/minecraft/class_3763$class_4260
CLASS	net/minecraft/world/entity/raid/Raider$RaiderMoveThroughVillageGoal	net/minecraft/class_3763$class_4261
CLASS	net/minecraft/world/entity/raid/Raids	net/minecraft/class_3767
CLASS	net/minecraft/world/entity/raid/Raids$RaidWithId	net/minecraft/class_3767$class_10734
CLASS	net/minecraft/world/entity/raid/package-info	net/minecraft/class_6072
CLASS	net/minecraft/world/entity/schedule/Activity	net/minecraft/class_4168
CLASS	net/minecraft/world/entity/schedule/package-info	net/minecraft/class_6073
CLASS	net/minecraft/world/entity/variant/BiomeCheck	net/minecraft/class_10692
CLASS	net/minecraft/world/entity/variant/ModelAndTexture	net/minecraft/class_10693
CLASS	net/minecraft/world/entity/variant/MoonBrightnessCheck	net/minecraft/class_10694
CLASS	net/minecraft/world/entity/variant/PriorityProvider	net/minecraft/class_10695
CLASS	net/minecraft/world/entity/variant/PriorityProvider$Selector	net/minecraft/class_10695$class_10696
CLASS	net/minecraft/world/entity/variant/PriorityProvider$SelectorCondition	net/minecraft/class_10695$class_10697
CLASS	net/minecraft/world/entity/variant/PriorityProvider$UnpackedEntry	net/minecraft/class_10695$class_10698
CLASS	net/minecraft/world/entity/variant/SpawnCondition	net/minecraft/class_10699
CLASS	net/minecraft/world/entity/variant/SpawnConditions	net/minecraft/class_10700
CLASS	net/minecraft/world/entity/variant/SpawnContext	net/minecraft/class_10701
CLASS	net/minecraft/world/entity/variant/SpawnPrioritySelectors	net/minecraft/class_10702
CLASS	net/minecraft/world/entity/variant/StructureCheck	net/minecraft/class_10703
CLASS	net/minecraft/world/entity/variant/VariantUtils	net/minecraft/class_10704
CLASS	net/minecraft/world/entity/variant/package-info	net/minecraft/class_10705
CLASS	net/minecraft/world/entity/vehicle/ContainerEntity	net/minecraft/class_7265
CLASS	net/minecraft/world/entity/vehicle/ContainerEntity$1	net/minecraft/class_7265$1
CLASS	net/minecraft/world/entity/vehicle/DismountHelper	net/minecraft/class_5275
CLASS	net/minecraft/world/entity/vehicle/VehicleEntity	net/minecraft/class_8836
CLASS	net/minecraft/world/entity/vehicle/boat/AbstractBoat	net/minecraft/class_10255
CLASS	net/minecraft/world/entity/vehicle/boat/AbstractBoat$Status	net/minecraft/class_10255$class_1691
CLASS	net/minecraft/world/entity/vehicle/boat/AbstractChestBoat	net/minecraft/class_10256
CLASS	net/minecraft/world/entity/vehicle/boat/Boat	net/minecraft/class_1690
CLASS	net/minecraft/world/entity/vehicle/boat/ChestBoat	net/minecraft/class_7264
CLASS	net/minecraft/world/entity/vehicle/boat/ChestRaft	net/minecraft/class_10257
CLASS	net/minecraft/world/entity/vehicle/boat/Raft	net/minecraft/class_10258
CLASS	net/minecraft/world/entity/vehicle/boat/package-info	net/minecraft/class_12390
CLASS	net/minecraft/world/entity/vehicle/minecart/AbstractMinecart	net/minecraft/class_1688
CLASS	net/minecraft/world/entity/vehicle/minecart/AbstractMinecartContainer	net/minecraft/class_1693
CLASS	net/minecraft/world/entity/vehicle/minecart/Minecart	net/minecraft/class_1695
CLASS	net/minecraft/world/entity/vehicle/minecart/MinecartBehavior	net/minecraft/class_9878
CLASS	net/minecraft/world/entity/vehicle/minecart/MinecartChest	net/minecraft/class_1694
CLASS	net/minecraft/world/entity/vehicle/minecart/MinecartCommandBlock	net/minecraft/class_1697
CLASS	net/minecraft/world/entity/vehicle/minecart/MinecartCommandBlock$MinecartCommandBase	net/minecraft/class_1697$class_1698
CLASS	net/minecraft/world/entity/vehicle/minecart/MinecartFurnace	net/minecraft/class_1696
CLASS	net/minecraft/world/entity/vehicle/minecart/MinecartHopper	net/minecraft/class_1700
CLASS	net/minecraft/world/entity/vehicle/minecart/MinecartSpawner	net/minecraft/class_1699
CLASS	net/minecraft/world/entity/vehicle/minecart/MinecartSpawner$1	net/minecraft/class_1699$1
CLASS	net/minecraft/world/entity/vehicle/minecart/MinecartTNT	net/minecraft/class_1701
CLASS	net/minecraft/world/entity/vehicle/minecart/NewMinecartBehavior	net/minecraft/class_9879
CLASS	net/minecraft/world/entity/vehicle/minecart/NewMinecartBehavior$1	net/minecraft/class_9879$1
CLASS	net/minecraft/world/entity/vehicle/minecart/NewMinecartBehavior$MinecartStep	net/minecraft/class_9879$class_9880
CLASS	net/minecraft/world/entity/vehicle/minecart/NewMinecartBehavior$StepPartialTicks	net/minecraft/class_9879$class_9881
CLASS	net/minecraft/world/entity/vehicle/minecart/NewMinecartBehavior$TrackIteration	net/minecraft/class_9879$class_9882
CLASS	net/minecraft/world/entity/vehicle/minecart/OldMinecartBehavior	net/minecraft/class_9883
CLASS	net/minecraft/world/entity/vehicle/minecart/OldMinecartBehavior$1	net/minecraft/class_9883$1
CLASS	net/minecraft/world/entity/vehicle/minecart/package-info	net/minecraft/class_12391
CLASS	net/minecraft/world/entity/vehicle/package-info	net/minecraft/class_6074
CLASS	net/minecraft/world/flag/FeatureElement	net/minecraft/class_7695
CLASS	net/minecraft/world/flag/FeatureFlag	net/minecraft/class_7696
CLASS	net/minecraft/world/flag/FeatureFlagRegistry	net/minecraft/class_7697
CLASS	net/minecraft/world/flag/FeatureFlagRegistry$Builder	net/minecraft/class_7697$class_7698
CLASS	net/minecraft/world/flag/FeatureFlagSet	net/minecraft/class_7699
CLASS	net/minecraft/world/flag/FeatureFlagUniverse	net/minecraft/class_7700
CLASS	net/minecraft/world/flag/FeatureFlags	net/minecraft/class_7701
CLASS	net/minecraft/world/flag/package-info	net/minecraft/class_7702
CLASS	net/minecraft/world/food/FoodConstants	net/minecraft/class_6075
CLASS	net/minecraft/world/food/FoodData	net/minecraft/class_1702
CLASS	net/minecraft/world/food/FoodProperties	net/minecraft/class_4174
CLASS	net/minecraft/world/food/FoodProperties$Builder	net/minecraft/class_4174$class_4175
CLASS	net/minecraft/world/food/Foods	net/minecraft/class_4176
CLASS	net/minecraft/world/food/package-info	net/minecraft/class_6076
CLASS	net/minecraft/world/inventory/AbstractContainerMenu	net/minecraft/class_1703
CLASS	net/minecraft/world/inventory/AbstractContainerMenu$1	net/minecraft/class_1703$1
CLASS	net/minecraft/world/inventory/AbstractCraftingMenu	net/minecraft/class_9884
CLASS	net/minecraft/world/inventory/AbstractCraftingMenu$1	net/minecraft/class_9884$1
CLASS	net/minecraft/world/inventory/AbstractFurnaceMenu	net/minecraft/class_1720
CLASS	net/minecraft/world/inventory/AbstractFurnaceMenu$1	net/minecraft/class_1720$1
CLASS	net/minecraft/world/inventory/AbstractMountInventoryMenu	net/minecraft/class_12343
CLASS	net/minecraft/world/inventory/AnvilMenu	net/minecraft/class_1706
CLASS	net/minecraft/world/inventory/ArmorSlot	net/minecraft/class_9692
CLASS	net/minecraft/world/inventory/BeaconMenu	net/minecraft/class_1704
CLASS	net/minecraft/world/inventory/BeaconMenu$1	net/minecraft/class_1704$1
CLASS	net/minecraft/world/inventory/BeaconMenu$PaymentSlot	net/minecraft/class_1704$class_1705
CLASS	net/minecraft/world/inventory/BlastFurnaceMenu	net/minecraft/class_3705
CLASS	net/minecraft/world/inventory/BrewingStandMenu	net/minecraft/class_1708
CLASS	net/minecraft/world/inventory/BrewingStandMenu$FuelSlot	net/minecraft/class_1708$class_1709
CLASS	net/minecraft/world/inventory/BrewingStandMenu$IngredientsSlot	net/minecraft/class_1708$class_1710
CLASS	net/minecraft/world/inventory/BrewingStandMenu$PotionSlot	net/minecraft/class_1708$class_1711
CLASS	net/minecraft/world/inventory/CartographyTableMenu	net/minecraft/class_3910
CLASS	net/minecraft/world/inventory/CartographyTableMenu$1	net/minecraft/class_3910$1
CLASS	net/minecraft/world/inventory/CartographyTableMenu$2	net/minecraft/class_3910$2
CLASS	net/minecraft/world/inventory/CartographyTableMenu$3	net/minecraft/class_3910$3
CLASS	net/minecraft/world/inventory/CartographyTableMenu$4	net/minecraft/class_3910$4
CLASS	net/minecraft/world/inventory/CartographyTableMenu$5	net/minecraft/class_3910$5
CLASS	net/minecraft/world/inventory/ChestMenu	net/minecraft/class_1707
CLASS	net/minecraft/world/inventory/ClickAction	net/minecraft/class_5536
CLASS	net/minecraft/world/inventory/ClickType	net/minecraft/class_1713
CLASS	net/minecraft/world/inventory/ContainerData	net/minecraft/class_3913
CLASS	net/minecraft/world/inventory/ContainerLevelAccess	net/minecraft/class_3914
CLASS	net/minecraft/world/inventory/ContainerLevelAccess$1	net/minecraft/class_3914$1
CLASS	net/minecraft/world/inventory/ContainerLevelAccess$2	net/minecraft/class_3914$2
CLASS	net/minecraft/world/inventory/ContainerListener	net/minecraft/class_1712
CLASS	net/minecraft/world/inventory/ContainerSynchronizer	net/minecraft/class_5916
CLASS	net/minecraft/world/inventory/CrafterMenu	net/minecraft/class_8881
CLASS	net/minecraft/world/inventory/CrafterSlot	net/minecraft/class_8882
CLASS	net/minecraft/world/inventory/CraftingContainer	net/minecraft/class_8566
CLASS	net/minecraft/world/inventory/CraftingMenu	net/minecraft/class_1714
CLASS	net/minecraft/world/inventory/DataSlot	net/minecraft/class_3915
CLASS	net/minecraft/world/inventory/DataSlot$1	net/minecraft/class_3915$1
CLASS	net/minecraft/world/inventory/DataSlot$2	net/minecraft/class_3915$2
CLASS	net/minecraft/world/inventory/DataSlot$3	net/minecraft/class_3915$3
CLASS	net/minecraft/world/inventory/DispenserMenu	net/minecraft/class_1716
CLASS	net/minecraft/world/inventory/EnchantmentMenu	net/minecraft/class_1718
CLASS	net/minecraft/world/inventory/EnchantmentMenu$1	net/minecraft/class_1718$1
CLASS	net/minecraft/world/inventory/EnchantmentMenu$2	net/minecraft/class_1718$2
CLASS	net/minecraft/world/inventory/EnchantmentMenu$3	net/minecraft/class_1718$3
CLASS	net/minecraft/world/inventory/FurnaceFuelSlot	net/minecraft/class_1717
CLASS	net/minecraft/world/inventory/FurnaceMenu	net/minecraft/class_3858
CLASS	net/minecraft/world/inventory/FurnaceResultSlot	net/minecraft/class_1719
CLASS	net/minecraft/world/inventory/GrindstoneMenu	net/minecraft/class_3803
CLASS	net/minecraft/world/inventory/GrindstoneMenu$1	net/minecraft/class_3803$1
CLASS	net/minecraft/world/inventory/GrindstoneMenu$2	net/minecraft/class_3803$2
CLASS	net/minecraft/world/inventory/GrindstoneMenu$3	net/minecraft/class_3803$3
CLASS	net/minecraft/world/inventory/GrindstoneMenu$4	net/minecraft/class_3803$4
CLASS	net/minecraft/world/inventory/HopperMenu	net/minecraft/class_1722
CLASS	net/minecraft/world/inventory/HorseInventoryMenu	net/minecraft/class_1724
CLASS	net/minecraft/world/inventory/HorseInventoryMenu$1	net/minecraft/class_1724$1
CLASS	net/minecraft/world/inventory/HorseInventoryMenu$2	net/minecraft/class_1724$2
CLASS	net/minecraft/world/inventory/InventoryMenu	net/minecraft/class_1723
CLASS	net/minecraft/world/inventory/InventoryMenu$1	net/minecraft/class_1723$1
CLASS	net/minecraft/world/inventory/ItemCombinerMenu	net/minecraft/class_4861
CLASS	net/minecraft/world/inventory/ItemCombinerMenu$1	net/minecraft/class_4861$1
CLASS	net/minecraft/world/inventory/ItemCombinerMenu$2	net/minecraft/class_4861$2
CLASS	net/minecraft/world/inventory/ItemCombinerMenu$3	net/minecraft/class_4861$3
CLASS	net/minecraft/world/inventory/ItemCombinerMenu$4	net/minecraft/class_4861$4
CLASS	net/minecraft/world/inventory/ItemCombinerMenuSlotDefinition	net/minecraft/class_8047
CLASS	net/minecraft/world/inventory/ItemCombinerMenuSlotDefinition$Builder	net/minecraft/class_8047$class_8048
CLASS	net/minecraft/world/inventory/ItemCombinerMenuSlotDefinition$SlotDefinition	net/minecraft/class_8047$class_8049
CLASS	net/minecraft/world/inventory/LecternMenu	net/minecraft/class_3916
CLASS	net/minecraft/world/inventory/LecternMenu$1	net/minecraft/class_3916$1
CLASS	net/minecraft/world/inventory/LoomMenu	net/minecraft/class_1726
CLASS	net/minecraft/world/inventory/LoomMenu$1	net/minecraft/class_1726$1
CLASS	net/minecraft/world/inventory/LoomMenu$2	net/minecraft/class_1726$2
CLASS	net/minecraft/world/inventory/LoomMenu$3	net/minecraft/class_1726$3
CLASS	net/minecraft/world/inventory/LoomMenu$4	net/minecraft/class_1726$4
CLASS	net/minecraft/world/inventory/LoomMenu$5	net/minecraft/class_1726$5
CLASS	net/minecraft/world/inventory/LoomMenu$6	net/minecraft/class_1726$6
CLASS	net/minecraft/world/inventory/MenuConstructor	net/minecraft/class_1270
CLASS	net/minecraft/world/inventory/MenuType	net/minecraft/class_3917
CLASS	net/minecraft/world/inventory/MenuType$MenuSupplier	net/minecraft/class_3917$class_3918
CLASS	net/minecraft/world/inventory/MerchantContainer	net/minecraft/class_1725
CLASS	net/minecraft/world/inventory/MerchantMenu	net/minecraft/class_1728
CLASS	net/minecraft/world/inventory/MerchantResultSlot	net/minecraft/class_1727
CLASS	net/minecraft/world/inventory/NautilusInventoryMenu	net/minecraft/class_12344
CLASS	net/minecraft/world/inventory/NautilusInventoryMenu$1	net/minecraft/class_12344$1
CLASS	net/minecraft/world/inventory/NautilusInventoryMenu$2	net/minecraft/class_12344$2
CLASS	net/minecraft/world/inventory/NonInteractiveResultSlot	net/minecraft/class_8883
CLASS	net/minecraft/world/inventory/PlayerEnderChestContainer	net/minecraft/class_1730
CLASS	net/minecraft/world/inventory/RecipeBookMenu	net/minecraft/class_1729
CLASS	net/minecraft/world/inventory/RecipeBookMenu$PostPlaceAction	net/minecraft/class_1729$class_9885
CLASS	net/minecraft/world/inventory/RecipeBookType	net/minecraft/class_5421
CLASS	net/minecraft/world/inventory/RecipeCraftingHolder	net/minecraft/class_1732
CLASS	net/minecraft/world/inventory/RemoteSlot	net/minecraft/class_10927
CLASS	net/minecraft/world/inventory/RemoteSlot$1	net/minecraft/class_10927$1
CLASS	net/minecraft/world/inventory/RemoteSlot$Synchronized	net/minecraft/class_10927$class_10928
CLASS	net/minecraft/world/inventory/ResultContainer	net/minecraft/class_1731
CLASS	net/minecraft/world/inventory/ResultSlot	net/minecraft/class_1734
CLASS	net/minecraft/world/inventory/ShulkerBoxMenu	net/minecraft/class_1733
CLASS	net/minecraft/world/inventory/ShulkerBoxSlot	net/minecraft/class_1736
CLASS	net/minecraft/world/inventory/SimpleContainerData	net/minecraft/class_3919
CLASS	net/minecraft/world/inventory/Slot	net/minecraft/class_1735
CLASS	net/minecraft/world/inventory/SlotRange	net/minecraft/class_9348
CLASS	net/minecraft/world/inventory/SlotRange$1	net/minecraft/class_9348$1
CLASS	net/minecraft/world/inventory/SlotRanges	net/minecraft/class_9349
CLASS	net/minecraft/world/inventory/SmithingMenu	net/minecraft/class_4862
CLASS	net/minecraft/world/inventory/SmokerMenu	net/minecraft/class_3706
CLASS	net/minecraft/world/inventory/StackedContentsCompatible	net/minecraft/class_1737
CLASS	net/minecraft/world/inventory/StonecutterMenu	net/minecraft/class_3971
CLASS	net/minecraft/world/inventory/StonecutterMenu$1	net/minecraft/class_3971$1
CLASS	net/minecraft/world/inventory/StonecutterMenu$2	net/minecraft/class_3971$2
CLASS	net/minecraft/world/inventory/TransientCraftingContainer	net/minecraft/class_1715
CLASS	net/minecraft/world/inventory/package-info	net/minecraft/class_6077
CLASS	net/minecraft/world/inventory/tooltip/BundleTooltip	net/minecraft/class_5631
CLASS	net/minecraft/world/inventory/tooltip/TooltipComponent	net/minecraft/class_5632
CLASS	net/minecraft/world/inventory/tooltip/package-info	net/minecraft/class_6078
CLASS	net/minecraft/world/item/AdventureModePredicate	net/minecraft/class_6538
CLASS	net/minecraft/world/item/AirItem	net/minecraft/class_1739
CLASS	net/minecraft/world/item/ArmorStandItem	net/minecraft/class_1742
CLASS	net/minecraft/world/item/ArrowItem	net/minecraft/class_1744
CLASS	net/minecraft/world/item/AxeItem	net/minecraft/class_1743
CLASS	net/minecraft/world/item/BannerItem	net/minecraft/class_1746
CLASS	net/minecraft/world/item/BedItem	net/minecraft/class_1748
CLASS	net/minecraft/world/item/BlockItem	net/minecraft/class_1747
CLASS	net/minecraft/world/item/BoatItem	net/minecraft/class_1749
CLASS	net/minecraft/world/item/BoneMealItem	net/minecraft/class_1752
CLASS	net/minecraft/world/item/BoneMealItem$1	net/minecraft/class_1752$1
CLASS	net/minecraft/world/item/BottleItem	net/minecraft/class_1754
CLASS	net/minecraft/world/item/BowItem	net/minecraft/class_1753
CLASS	net/minecraft/world/item/BrushItem	net/minecraft/class_8162
CLASS	net/minecraft/world/item/BrushItem$1	net/minecraft/class_8162$1
CLASS	net/minecraft/world/item/BrushItem$DustParticlesDelta	net/minecraft/class_8162$class_8163
CLASS	net/minecraft/world/item/BucketItem	net/minecraft/class_1755
CLASS	net/minecraft/world/item/BundleItem	net/minecraft/class_5537
CLASS	net/minecraft/world/item/BundleItem$1	net/minecraft/class_5537$1
CLASS	net/minecraft/world/item/CompassItem	net/minecraft/class_1759
CLASS	net/minecraft/world/item/CreativeModeTab	net/minecraft/class_1761
CLASS	net/minecraft/world/item/CreativeModeTab$Builder	net/minecraft/class_1761$class_7913
CLASS	net/minecraft/world/item/CreativeModeTab$DisplayItemsGenerator	net/minecraft/class_1761$class_7914
CLASS	net/minecraft/world/item/CreativeModeTab$ItemDisplayBuilder	net/minecraft/class_1761$class_7703
CLASS	net/minecraft/world/item/CreativeModeTab$ItemDisplayParameters	net/minecraft/class_1761$class_8128
CLASS	net/minecraft/world/item/CreativeModeTab$Output	net/minecraft/class_1761$class_7704
CLASS	net/minecraft/world/item/CreativeModeTab$Row	net/minecraft/class_1761$class_7915
CLASS	net/minecraft/world/item/CreativeModeTab$TabVisibility	net/minecraft/class_1761$class_7705
CLASS	net/minecraft/world/item/CreativeModeTab$Type	net/minecraft/class_1761$class_7916
CLASS	net/minecraft/world/item/CreativeModeTabs	net/minecraft/class_7706
CLASS	net/minecraft/world/item/CrossbowItem	net/minecraft/class_1764
CLASS	net/minecraft/world/item/CrossbowItem$ChargeType	net/minecraft/class_1764$class_10393
CLASS	net/minecraft/world/item/CrossbowItem$ChargingSounds	net/minecraft/class_1764$class_9693
CLASS	net/minecraft/world/item/DebugStickItem	net/minecraft/class_1763
CLASS	net/minecraft/world/item/DiscFragmentItem	net/minecraft/class_7409
CLASS	net/minecraft/world/item/DispensibleContainerItem	net/minecraft/class_5633
CLASS	net/minecraft/world/item/DoubleHighBlockItem	net/minecraft/class_1765
CLASS	net/minecraft/world/item/DyeColor	net/minecraft/class_1767
CLASS	net/minecraft/world/item/DyeItem	net/minecraft/class_1769
CLASS	net/minecraft/world/item/EggItem	net/minecraft/class_1771
CLASS	net/minecraft/world/item/EitherHolder	net/minecraft/class_9791
CLASS	net/minecraft/world/item/EmptyMapItem	net/minecraft/class_1773
CLASS	net/minecraft/world/item/EndCrystalItem	net/minecraft/class_1774
CLASS	net/minecraft/world/item/EnderEyeItem	net/minecraft/class_1777
CLASS	net/minecraft/world/item/EnderpearlItem	net/minecraft/class_1776
CLASS	net/minecraft/world/item/ExperienceBottleItem	net/minecraft/class_1779
CLASS	net/minecraft/world/item/FireChargeItem	net/minecraft/class_1778
CLASS	net/minecraft/world/item/FireworkRocketItem	net/minecraft/class_1781
CLASS	net/minecraft/world/item/FishingRodItem	net/minecraft/class_1787
CLASS	net/minecraft/world/item/FlintAndSteelItem	net/minecraft/class_1786
CLASS	net/minecraft/world/item/FoodOnAStickItem	net/minecraft/class_1758
CLASS	net/minecraft/world/item/GameMasterBlockItem	net/minecraft/class_1788
CLASS	net/minecraft/world/item/GlowInkSacItem	net/minecraft/class_8232
CLASS	net/minecraft/world/item/HangingEntityItem	net/minecraft/class_1790
CLASS	net/minecraft/world/item/HangingSignItem	net/minecraft/class_7707
CLASS	net/minecraft/world/item/HoeItem	net/minecraft/class_1794
CLASS	net/minecraft/world/item/HoneycombItem	net/minecraft/class_5953
CLASS	net/minecraft/world/item/InkSacItem	net/minecraft/class_8233
CLASS	net/minecraft/world/item/Instrument	net/minecraft/class_7444
CLASS	net/minecraft/world/item/InstrumentItem	net/minecraft/class_7430
CLASS	net/minecraft/world/item/Instruments	net/minecraft/class_7445
CLASS	net/minecraft/world/item/Item	net/minecraft/class_1792
CLASS	net/minecraft/world/item/Item$Properties	net/minecraft/class_1792$class_1793
CLASS	net/minecraft/world/item/Item$TooltipContext	net/minecraft/class_1792$class_9635
CLASS	net/minecraft/world/item/Item$TooltipContext$1	net/minecraft/class_1792$class_9635$1
CLASS	net/minecraft/world/item/Item$TooltipContext$2	net/minecraft/class_1792$class_9635$2
CLASS	net/minecraft/world/item/Item$TooltipContext$3	net/minecraft/class_1792$class_9635$3
CLASS	net/minecraft/world/item/ItemCooldowns	net/minecraft/class_1796
CLASS	net/minecraft/world/item/ItemCooldowns$CooldownInstance	net/minecraft/class_1796$class_1797
CLASS	net/minecraft/world/item/ItemDisplayContext	net/minecraft/class_811
CLASS	net/minecraft/world/item/ItemFrameItem	net/minecraft/class_1795
CLASS	net/minecraft/world/item/ItemStack	net/minecraft/class_1799
CLASS	net/minecraft/world/item/ItemStack$1	net/minecraft/class_1799$1
CLASS	net/minecraft/world/item/ItemStack$2	net/minecraft/class_1799$2
CLASS	net/minecraft/world/item/ItemStack$3	net/minecraft/class_1799$3
CLASS	net/minecraft/world/item/ItemStack$4	net/minecraft/class_1799$4
CLASS	net/minecraft/world/item/ItemStackLinkedSet	net/minecraft/class_7708
CLASS	net/minecraft/world/item/ItemStackLinkedSet$1	net/minecraft/class_7708$1
CLASS	net/minecraft/world/item/ItemUseAnimation	net/minecraft/class_1839
CLASS	net/minecraft/world/item/ItemUtils	net/minecraft/class_5328
CLASS	net/minecraft/world/item/Items	net/minecraft/class_1802
CLASS	net/minecraft/world/item/JukeboxPlayable	net/minecraft/class_9792
CLASS	net/minecraft/world/item/JukeboxSong	net/minecraft/class_9793
CLASS	net/minecraft/world/item/JukeboxSongPlayer	net/minecraft/class_9794
CLASS	net/minecraft/world/item/JukeboxSongPlayer$OnSongChanged	net/minecraft/class_9794$class_9795
CLASS	net/minecraft/world/item/JukeboxSongs	net/minecraft/class_9796
CLASS	net/minecraft/world/item/KnowledgeBookItem	net/minecraft/class_1801
CLASS	net/minecraft/world/item/LeadItem	net/minecraft/class_1804
CLASS	net/minecraft/world/item/LingeringPotionItem	net/minecraft/class_1803
CLASS	net/minecraft/world/item/MaceItem	net/minecraft/class_9362
CLASS	net/minecraft/world/item/MapItem	net/minecraft/class_1806
CLASS	net/minecraft/world/item/MapItem$1	net/minecraft/class_1806$1
CLASS	net/minecraft/world/item/MinecartItem	net/minecraft/class_1808
CLASS	net/minecraft/world/item/MobBucketItem	net/minecraft/class_1785
CLASS	net/minecraft/world/item/NameTagItem	net/minecraft/class_1807
CLASS	net/minecraft/world/item/PlaceOnWaterBlockItem	net/minecraft/class_1841
CLASS	net/minecraft/world/item/PlayerHeadItem	net/minecraft/class_1809
CLASS	net/minecraft/world/item/PotionItem	net/minecraft/class_1812
CLASS	net/minecraft/world/item/ProjectileItem	net/minecraft/class_9463
CLASS	net/minecraft/world/item/ProjectileItem$DispenseConfig	net/minecraft/class_9463$class_9464
CLASS	net/minecraft/world/item/ProjectileItem$DispenseConfig$Builder	net/minecraft/class_9463$class_9464$class_9465
CLASS	net/minecraft/world/item/ProjectileItem$PositionFunction	net/minecraft/class_9463$class_9466
CLASS	net/minecraft/world/item/ProjectileWeaponItem	net/minecraft/class_1811
CLASS	net/minecraft/world/item/Rarity	net/minecraft/class_1814
CLASS	net/minecraft/world/item/ScaffoldingBlockItem	net/minecraft/class_3734
CLASS	net/minecraft/world/item/ServerItemCooldowns	net/minecraft/class_1817
CLASS	net/minecraft/world/item/ShearsItem	net/minecraft/class_1820
CLASS	net/minecraft/world/item/ShieldItem	net/minecraft/class_1819
CLASS	net/minecraft/world/item/ShovelItem	net/minecraft/class_1821
CLASS	net/minecraft/world/item/SignApplicator	net/minecraft/class_8234
CLASS	net/minecraft/world/item/SignItem	net/minecraft/class_1822
CLASS	net/minecraft/world/item/SmithingTemplateItem	net/minecraft/class_8052
CLASS	net/minecraft/world/item/SnowballItem	net/minecraft/class_1823
CLASS	net/minecraft/world/item/SolidBucketItem	net/minecraft/class_5634
CLASS	net/minecraft/world/item/SpawnEggItem	net/minecraft/class_1826
CLASS	net/minecraft/world/item/SpectralArrowItem	net/minecraft/class_1825
CLASS	net/minecraft/world/item/SplashPotionItem	net/minecraft/class_1828
CLASS	net/minecraft/world/item/SpyglassItem	net/minecraft/class_5538
CLASS	net/minecraft/world/item/StandingAndWallBlockItem	net/minecraft/class_1827
CLASS	net/minecraft/world/item/SwingAnimationType	net/minecraft/class_12122
CLASS	net/minecraft/world/item/ThrowablePotionItem	net/minecraft/class_4537
CLASS	net/minecraft/world/item/TippedArrowItem	net/minecraft/class_1833
CLASS	net/minecraft/world/item/ToolMaterial	net/minecraft/class_9886
CLASS	net/minecraft/world/item/TooltipFlag	net/minecraft/class_1836
CLASS	net/minecraft/world/item/TooltipFlag$Default	net/minecraft/class_1836$class_1837
CLASS	net/minecraft/world/item/TridentItem	net/minecraft/class_1835
CLASS	net/minecraft/world/item/WeatheringCopperItems	net/minecraft/class_11708
CLASS	net/minecraft/world/item/WindChargeItem	net/minecraft/class_9239
CLASS	net/minecraft/world/item/WritableBookItem	net/minecraft/class_1840
CLASS	net/minecraft/world/item/WrittenBookItem	net/minecraft/class_1843
CLASS	net/minecraft/world/item/alchemy/Potion	net/minecraft/class_1842
CLASS	net/minecraft/world/item/alchemy/PotionBrewing	net/minecraft/class_1845
CLASS	net/minecraft/world/item/alchemy/PotionBrewing$Builder	net/minecraft/class_1845$class_9665
CLASS	net/minecraft/world/item/alchemy/PotionBrewing$Mix	net/minecraft/class_1845$class_1846
CLASS	net/minecraft/world/item/alchemy/PotionContents	net/minecraft/class_1844
CLASS	net/minecraft/world/item/alchemy/Potions	net/minecraft/class_1847
CLASS	net/minecraft/world/item/alchemy/package-info	net/minecraft/class_6080
CLASS	net/minecraft/world/item/component/AttackRange	net/minecraft/class_12392
CLASS	net/minecraft/world/item/component/Bees	net/minecraft/class_10706
CLASS	net/minecraft/world/item/component/BlockItemStateProperties	net/minecraft/class_9275
CLASS	net/minecraft/world/item/component/BlocksAttacks	net/minecraft/class_10707
CLASS	net/minecraft/world/item/component/BlocksAttacks$DamageReduction	net/minecraft/class_10707$class_10708
CLASS	net/minecraft/world/item/component/BlocksAttacks$ItemDamageFunction	net/minecraft/class_10707$class_10709
CLASS	net/minecraft/world/item/component/BookContent	net/minecraft/class_9364
CLASS	net/minecraft/world/item/component/BundleContents	net/minecraft/class_9276
CLASS	net/minecraft/world/item/component/BundleContents$Mutable	net/minecraft/class_9276$class_9277
CLASS	net/minecraft/world/item/component/ChargedProjectiles	net/minecraft/class_9278
CLASS	net/minecraft/world/item/component/Consumable	net/minecraft/class_10124
CLASS	net/minecraft/world/item/component/Consumable$Builder	net/minecraft/class_10124$class_10125
CLASS	net/minecraft/world/item/component/Consumable$OverrideConsumeSound	net/minecraft/class_10124$class_10126
CLASS	net/minecraft/world/item/component/ConsumableListener	net/minecraft/class_10127
CLASS	net/minecraft/world/item/component/Consumables	net/minecraft/class_10128
CLASS	net/minecraft/world/item/component/CustomData	net/minecraft/class_9279
CLASS	net/minecraft/world/item/component/CustomModelData	net/minecraft/class_9280
CLASS	net/minecraft/world/item/component/DamageResistant	net/minecraft/class_10215
CLASS	net/minecraft/world/item/component/DeathProtection	net/minecraft/class_10216
CLASS	net/minecraft/world/item/component/DebugStickState	net/minecraft/class_9281
CLASS	net/minecraft/world/item/component/DyedItemColor	net/minecraft/class_9282
CLASS	net/minecraft/world/item/component/FireworkExplosion	net/minecraft/class_9283
CLASS	net/minecraft/world/item/component/FireworkExplosion$Shape	net/minecraft/class_9283$class_1782
CLASS	net/minecraft/world/item/component/Fireworks	net/minecraft/class_9284
CLASS	net/minecraft/world/item/component/InstrumentComponent	net/minecraft/class_10710
CLASS	net/minecraft/world/item/component/ItemAttributeModifiers	net/minecraft/class_9285
CLASS	net/minecraft/world/item/component/ItemAttributeModifiers$1	net/minecraft/class_9285$1
CLASS	net/minecraft/world/item/component/ItemAttributeModifiers$Builder	net/minecraft/class_9285$class_9286
CLASS	net/minecraft/world/item/component/ItemAttributeModifiers$Display	net/minecraft/class_9285$class_11193
CLASS	net/minecraft/world/item/component/ItemAttributeModifiers$Display$Default	net/minecraft/class_9285$class_11193$class_11194
CLASS	net/minecraft/world/item/component/ItemAttributeModifiers$Display$Hidden	net/minecraft/class_9285$class_11193$class_11195
CLASS	net/minecraft/world/item/component/ItemAttributeModifiers$Display$OverrideText	net/minecraft/class_9285$class_11193$class_11196
CLASS	net/minecraft/world/item/component/ItemAttributeModifiers$Display$Type	net/minecraft/class_9285$class_11193$class_11197
CLASS	net/minecraft/world/item/component/ItemAttributeModifiers$Entry	net/minecraft/class_9285$class_9287
CLASS	net/minecraft/world/item/component/ItemContainerContents	net/minecraft/class_9288
CLASS	net/minecraft/world/item/component/ItemContainerContents$Slot	net/minecraft/class_9288$class_9289
CLASS	net/minecraft/world/item/component/ItemLore	net/minecraft/class_9290
CLASS	net/minecraft/world/item/component/KineticWeapon	net/minecraft/class_12123
CLASS	net/minecraft/world/item/component/KineticWeapon$Condition	net/minecraft/class_12123$class_12124
CLASS	net/minecraft/world/item/component/LodestoneTracker	net/minecraft/class_9291
CLASS	net/minecraft/world/item/component/MapDecorations	net/minecraft/class_9292
CLASS	net/minecraft/world/item/component/MapDecorations$Entry	net/minecraft/class_9292$class_9293
CLASS	net/minecraft/world/item/component/MapItemColor	net/minecraft/class_9294
CLASS	net/minecraft/world/item/component/MapPostProcessing	net/minecraft/class_9295
CLASS	net/minecraft/world/item/component/OminousBottleAmplifier	net/minecraft/class_10129
CLASS	net/minecraft/world/item/component/PiercingWeapon	net/minecraft/class_12125
CLASS	net/minecraft/world/item/component/ProvidesTrimMaterial	net/minecraft/class_10711
CLASS	net/minecraft/world/item/component/ResolvableProfile	net/minecraft/class_9296
CLASS	net/minecraft/world/item/component/ResolvableProfile$Dynamic	net/minecraft/class_9296$class_11756
CLASS	net/minecraft/world/item/component/ResolvableProfile$Partial	net/minecraft/class_9296$class_11757
CLASS	net/minecraft/world/item/component/ResolvableProfile$Static	net/minecraft/class_9296$class_11758
CLASS	net/minecraft/world/item/component/SeededContainerLoot	net/minecraft/class_9297
CLASS	net/minecraft/world/item/component/SuspiciousStewEffects	net/minecraft/class_9298
CLASS	net/minecraft/world/item/component/SuspiciousStewEffects$Entry	net/minecraft/class_9298$class_8751
CLASS	net/minecraft/world/item/component/SwingAnimation	net/minecraft/class_12126
CLASS	net/minecraft/world/item/component/Tool	net/minecraft/class_9424
CLASS	net/minecraft/world/item/component/Tool$Rule	net/minecraft/class_9424$class_9425
CLASS	net/minecraft/world/item/component/TooltipDisplay	net/minecraft/class_10712
CLASS	net/minecraft/world/item/component/TooltipProvider	net/minecraft/class_9299
CLASS	net/minecraft/world/item/component/TypedEntityData	net/minecraft/class_11580
CLASS	net/minecraft/world/item/component/TypedEntityData$1	net/minecraft/class_11580$1
CLASS	net/minecraft/world/item/component/UseCooldown	net/minecraft/class_10130
CLASS	net/minecraft/world/item/component/UseEffects	net/minecraft/class_12127
CLASS	net/minecraft/world/item/component/UseRemainder	net/minecraft/class_10131
CLASS	net/minecraft/world/item/component/UseRemainder$OnExtraCreatedRemainder	net/minecraft/class_10131$class_10259
CLASS	net/minecraft/world/item/component/Weapon	net/minecraft/class_10590
CLASS	net/minecraft/world/item/component/WritableBookContent	net/minecraft/class_9301
CLASS	net/minecraft/world/item/component/WrittenBookContent	net/minecraft/class_9302
CLASS	net/minecraft/world/item/component/package-info	net/minecraft/class_9303
CLASS	net/minecraft/world/item/consume_effects/ApplyStatusEffectsConsumeEffect	net/minecraft/class_10132
CLASS	net/minecraft/world/item/consume_effects/ClearAllStatusEffectsConsumeEffect	net/minecraft/class_10133
CLASS	net/minecraft/world/item/consume_effects/ConsumeEffect	net/minecraft/class_10134
CLASS	net/minecraft/world/item/consume_effects/ConsumeEffect$Type	net/minecraft/class_10134$class_10135
CLASS	net/minecraft/world/item/consume_effects/PlaySoundConsumeEffect	net/minecraft/class_10136
CLASS	net/minecraft/world/item/consume_effects/RemoveStatusEffectsConsumeEffect	net/minecraft/class_10137
CLASS	net/minecraft/world/item/consume_effects/TeleportRandomlyConsumeEffect	net/minecraft/class_10138
CLASS	net/minecraft/world/item/consume_effects/package-info	net/minecraft/class_10139
CLASS	net/minecraft/world/item/context/BlockPlaceContext	net/minecraft/class_1750
CLASS	net/minecraft/world/item/context/DirectionalPlaceContext	net/minecraft/class_2968
CLASS	net/minecraft/world/item/context/DirectionalPlaceContext$1	net/minecraft/class_2968$1
CLASS	net/minecraft/world/item/context/UseOnContext	net/minecraft/class_1838
CLASS	net/minecraft/world/item/context/package-info	net/minecraft/class_6081
CLASS	net/minecraft/world/item/crafting/AbstractCookingRecipe	net/minecraft/class_1874
CLASS	net/minecraft/world/item/crafting/AbstractCookingRecipe$Factory	net/minecraft/class_1874$class_3958
CLASS	net/minecraft/world/item/crafting/AbstractCookingRecipe$Serializer	net/minecraft/class_1874$class_10285
CLASS	net/minecraft/world/item/crafting/ArmorDyeRecipe	net/minecraft/class_1849
CLASS	net/minecraft/world/item/crafting/BannerDuplicateRecipe	net/minecraft/class_1848
CLASS	net/minecraft/world/item/crafting/BlastingRecipe	net/minecraft/class_3859
CLASS	net/minecraft/world/item/crafting/BlastingRecipe$1	net/minecraft/class_3859$1
CLASS	net/minecraft/world/item/crafting/BookCloningRecipe	net/minecraft/class_1850
CLASS	net/minecraft/world/item/crafting/CampfireCookingRecipe	net/minecraft/class_3920
CLASS	net/minecraft/world/item/crafting/CookingBookCategory	net/minecraft/class_7709
CLASS	net/minecraft/world/item/crafting/CraftingBookCategory	net/minecraft/class_7710
CLASS	net/minecraft/world/item/crafting/CraftingInput	net/minecraft/class_9694
CLASS	net/minecraft/world/item/crafting/CraftingInput$Positioned	net/minecraft/class_9694$class_9765
CLASS	net/minecraft/world/item/crafting/CraftingRecipe	net/minecraft/class_3955
CLASS	net/minecraft/world/item/crafting/CraftingRecipe$1	net/minecraft/class_3955$1
CLASS	net/minecraft/world/item/crafting/CustomRecipe	net/minecraft/class_1852
CLASS	net/minecraft/world/item/crafting/CustomRecipe$Serializer	net/minecraft/class_1852$class_1866
CLASS	net/minecraft/world/item/crafting/CustomRecipe$Serializer$Factory	net/minecraft/class_1852$class_1866$class_7711
CLASS	net/minecraft/world/item/crafting/DecoratedPotRecipe	net/minecraft/class_8164
CLASS	net/minecraft/world/item/crafting/ExtendedRecipeBookCategory	net/minecraft/class_10287
CLASS	net/minecraft/world/item/crafting/FireworkRocketRecipe	net/minecraft/class_1851
CLASS	net/minecraft/world/item/crafting/FireworkStarFadeRecipe	net/minecraft/class_1854
CLASS	net/minecraft/world/item/crafting/FireworkStarRecipe	net/minecraft/class_1853
CLASS	net/minecraft/world/item/crafting/Ingredient	net/minecraft/class_1856
CLASS	net/minecraft/world/item/crafting/MapCloningRecipe	net/minecraft/class_1855
CLASS	net/minecraft/world/item/crafting/MapExtendingRecipe	net/minecraft/class_1861
CLASS	net/minecraft/world/item/crafting/PlacementInfo	net/minecraft/class_9887
CLASS	net/minecraft/world/item/crafting/Recipe	net/minecraft/class_1860
CLASS	net/minecraft/world/item/crafting/RecipeAccess	net/minecraft/class_10286
CLASS	net/minecraft/world/item/crafting/RecipeBookCategories	net/minecraft/class_314
CLASS	net/minecraft/world/item/crafting/RecipeBookCategory	net/minecraft/class_10355
CLASS	net/minecraft/world/item/crafting/RecipeCache	net/minecraft/class_8884
CLASS	net/minecraft/world/item/crafting/RecipeCache$Entry	net/minecraft/class_8884$class_8885
CLASS	net/minecraft/world/item/crafting/RecipeHolder	net/minecraft/class_8786
CLASS	net/minecraft/world/item/crafting/RecipeInput	net/minecraft/class_9695
CLASS	net/minecraft/world/item/crafting/RecipeManager	net/minecraft/class_1863
CLASS	net/minecraft/world/item/crafting/RecipeManager$1	net/minecraft/class_1863$1
CLASS	net/minecraft/world/item/crafting/RecipeManager$CachedCheck	net/minecraft/class_1863$class_7266
CLASS	net/minecraft/world/item/crafting/RecipeManager$IngredientCollector	net/minecraft/class_1863$class_10356
CLASS	net/minecraft/world/item/crafting/RecipeManager$IngredientExtractor	net/minecraft/class_1863$class_10357
CLASS	net/minecraft/world/item/crafting/RecipeManager$ServerDisplayInfo	net/minecraft/class_1863$class_10288
CLASS	net/minecraft/world/item/crafting/RecipeMap	net/minecraft/class_10289
CLASS	net/minecraft/world/item/crafting/RecipePropertySet	net/minecraft/class_10290
CLASS	net/minecraft/world/item/crafting/RecipeSerializer	net/minecraft/class_1865
CLASS	net/minecraft/world/item/crafting/RecipeType	net/minecraft/class_3956
CLASS	net/minecraft/world/item/crafting/RecipeType$1	net/minecraft/class_3956$1
CLASS	net/minecraft/world/item/crafting/RepairItemRecipe	net/minecraft/class_4317
CLASS	net/minecraft/world/item/crafting/SelectableRecipe	net/minecraft/class_10291
CLASS	net/minecraft/world/item/crafting/SelectableRecipe$SingleInputEntry	net/minecraft/class_10291$class_10292
CLASS	net/minecraft/world/item/crafting/SelectableRecipe$SingleInputSet	net/minecraft/class_10291$class_10293
CLASS	net/minecraft/world/item/crafting/ShapedRecipe	net/minecraft/class_1869
CLASS	net/minecraft/world/item/crafting/ShapedRecipe$Serializer	net/minecraft/class_1869$class_1870
CLASS	net/minecraft/world/item/crafting/ShapedRecipePattern	net/minecraft/class_8957
CLASS	net/minecraft/world/item/crafting/ShapedRecipePattern$Data	net/minecraft/class_8957$class_8958
CLASS	net/minecraft/world/item/crafting/ShapelessRecipe	net/minecraft/class_1867
CLASS	net/minecraft/world/item/crafting/ShapelessRecipe$Serializer	net/minecraft/class_1867$class_1868
CLASS	net/minecraft/world/item/crafting/ShieldDecorationRecipe	net/minecraft/class_1872
CLASS	net/minecraft/world/item/crafting/SingleItemRecipe	net/minecraft/class_3972
CLASS	net/minecraft/world/item/crafting/SingleItemRecipe$Factory	net/minecraft/class_3972$class_3974
CLASS	net/minecraft/world/item/crafting/SingleItemRecipe$Serializer	net/minecraft/class_3972$class_3973
CLASS	net/minecraft/world/item/crafting/SingleRecipeInput	net/minecraft/class_9696
CLASS	net/minecraft/world/item/crafting/SmeltingRecipe	net/minecraft/class_3861
CLASS	net/minecraft/world/item/crafting/SmeltingRecipe$1	net/minecraft/class_3861$1
CLASS	net/minecraft/world/item/crafting/SmithingRecipe	net/minecraft/class_8059
CLASS	net/minecraft/world/item/crafting/SmithingRecipeInput	net/minecraft/class_9697
CLASS	net/minecraft/world/item/crafting/SmithingTransformRecipe	net/minecraft/class_8060
CLASS	net/minecraft/world/item/crafting/SmithingTransformRecipe$Serializer	net/minecraft/class_8060$class_8061
CLASS	net/minecraft/world/item/crafting/SmithingTrimRecipe	net/minecraft/class_8062
CLASS	net/minecraft/world/item/crafting/SmithingTrimRecipe$Serializer	net/minecraft/class_8062$class_8063
CLASS	net/minecraft/world/item/crafting/SmokingRecipe	net/minecraft/class_3862
CLASS	net/minecraft/world/item/crafting/StonecutterRecipe	net/minecraft/class_3975
CLASS	net/minecraft/world/item/crafting/TippedArrowRecipe	net/minecraft/class_1876
CLASS	net/minecraft/world/item/crafting/TransmuteRecipe	net/minecraft/class_10223
CLASS	net/minecraft/world/item/crafting/TransmuteRecipe$Serializer	net/minecraft/class_10223$class_10224
CLASS	net/minecraft/world/item/crafting/TransmuteResult	net/minecraft/class_10591
CLASS	net/minecraft/world/item/crafting/display/DisplayContentsFactory	net/minecraft/class_10358
CLASS	net/minecraft/world/item/crafting/display/DisplayContentsFactory$ForRemainders	net/minecraft/class_10358$class_10359
CLASS	net/minecraft/world/item/crafting/display/DisplayContentsFactory$ForStacks	net/minecraft/class_10358$class_10360
CLASS	net/minecraft/world/item/crafting/display/FurnaceRecipeDisplay	net/minecraft/class_10294
CLASS	net/minecraft/world/item/crafting/display/RecipeDisplay	net/minecraft/class_10295
CLASS	net/minecraft/world/item/crafting/display/RecipeDisplay$Type	net/minecraft/class_10295$class_10296
CLASS	net/minecraft/world/item/crafting/display/RecipeDisplayEntry	net/minecraft/class_10297
CLASS	net/minecraft/world/item/crafting/display/RecipeDisplayId	net/minecraft/class_10298
CLASS	net/minecraft/world/item/crafting/display/RecipeDisplays	net/minecraft/class_10299
CLASS	net/minecraft/world/item/crafting/display/ShapedCraftingRecipeDisplay	net/minecraft/class_10300
CLASS	net/minecraft/world/item/crafting/display/ShapelessCraftingRecipeDisplay	net/minecraft/class_10301
CLASS	net/minecraft/world/item/crafting/display/SlotDisplay	net/minecraft/class_10302
CLASS	net/minecraft/world/item/crafting/display/SlotDisplay$AnyFuel	net/minecraft/class_10302$class_10303
CLASS	net/minecraft/world/item/crafting/display/SlotDisplay$Composite	net/minecraft/class_10302$class_10304
CLASS	net/minecraft/world/item/crafting/display/SlotDisplay$Empty	net/minecraft/class_10302$class_10305
CLASS	net/minecraft/world/item/crafting/display/SlotDisplay$ItemSlotDisplay	net/minecraft/class_10302$class_10306
CLASS	net/minecraft/world/item/crafting/display/SlotDisplay$ItemStackContentsFactory	net/minecraft/class_10302$class_10361
CLASS	net/minecraft/world/item/crafting/display/SlotDisplay$ItemStackSlotDisplay	net/minecraft/class_10302$class_10307
CLASS	net/minecraft/world/item/crafting/display/SlotDisplay$SmithingTrimDemoSlotDisplay	net/minecraft/class_10302$class_10310
CLASS	net/minecraft/world/item/crafting/display/SlotDisplay$TagSlotDisplay	net/minecraft/class_10302$class_10311
CLASS	net/minecraft/world/item/crafting/display/SlotDisplay$Type	net/minecraft/class_10302$class_10312
CLASS	net/minecraft/world/item/crafting/display/SlotDisplay$WithRemainder	net/minecraft/class_10302$class_10362
CLASS	net/minecraft/world/item/crafting/display/SlotDisplayContext	net/minecraft/class_10363
CLASS	net/minecraft/world/item/crafting/display/SlotDisplays	net/minecraft/class_10313
CLASS	net/minecraft/world/item/crafting/display/SmithingRecipeDisplay	net/minecraft/class_10314
CLASS	net/minecraft/world/item/crafting/display/StonecutterRecipeDisplay	net/minecraft/class_10315
CLASS	net/minecraft/world/item/crafting/display/package-info	net/minecraft/class_10316
CLASS	net/minecraft/world/item/crafting/package-info	net/minecraft/class_6082
CLASS	net/minecraft/world/item/enchantment/ConditionalEffect	net/minecraft/class_9698
CLASS	net/minecraft/world/item/enchantment/Enchantable	net/minecraft/class_9889
CLASS	net/minecraft/world/item/enchantment/EnchantedItemInUse	net/minecraft/class_9699
CLASS	net/minecraft/world/item/enchantment/Enchantment	net/minecraft/class_1887
CLASS	net/minecraft/world/item/enchantment/Enchantment$1	net/minecraft/class_1887$1
CLASS	net/minecraft/world/item/enchantment/Enchantment$Builder	net/minecraft/class_1887$class_9700
CLASS	net/minecraft/world/item/enchantment/Enchantment$Cost	net/minecraft/class_1887$class_9426
CLASS	net/minecraft/world/item/enchantment/Enchantment$EnchantmentDefinition	net/minecraft/class_1887$class_9427
CLASS	net/minecraft/world/item/enchantment/EnchantmentEffectComponents	net/minecraft/class_9701
CLASS	net/minecraft/world/item/enchantment/EnchantmentHelper	net/minecraft/class_1890
CLASS	net/minecraft/world/item/enchantment/EnchantmentHelper$EnchantmentInSlotVisitor	net/minecraft/class_1890$class_9702
CLASS	net/minecraft/world/item/enchantment/EnchantmentHelper$EnchantmentVisitor	net/minecraft/class_1890$class_1891
CLASS	net/minecraft/world/item/enchantment/EnchantmentInstance	net/minecraft/class_1889
CLASS	net/minecraft/world/item/enchantment/EnchantmentTarget	net/minecraft/class_9703
CLASS	net/minecraft/world/item/enchantment/Enchantments	net/minecraft/class_1893
CLASS	net/minecraft/world/item/enchantment/ItemEnchantments	net/minecraft/class_9304
CLASS	net/minecraft/world/item/enchantment/ItemEnchantments$Mutable	net/minecraft/class_9304$class_9305
CLASS	net/minecraft/world/item/enchantment/LevelBasedValue	net/minecraft/class_9704
CLASS	net/minecraft/world/item/enchantment/LevelBasedValue$Clamped	net/minecraft/class_9704$class_9705
CLASS	net/minecraft/world/item/enchantment/LevelBasedValue$Constant	net/minecraft/class_9704$class_9706
CLASS	net/minecraft/world/item/enchantment/LevelBasedValue$Exponent	net/minecraft/class_9704$class_12128
CLASS	net/minecraft/world/item/enchantment/LevelBasedValue$Fraction	net/minecraft/class_9704$class_9707
CLASS	net/minecraft/world/item/enchantment/LevelBasedValue$LevelsSquared	net/minecraft/class_9704$class_9708
CLASS	net/minecraft/world/item/enchantment/LevelBasedValue$Linear	net/minecraft/class_9704$class_9709
CLASS	net/minecraft/world/item/enchantment/LevelBasedValue$Lookup	net/minecraft/class_9704$class_9819
CLASS	net/minecraft/world/item/enchantment/Repairable	net/minecraft/class_9890
CLASS	net/minecraft/world/item/enchantment/TargetedConditionalEffect	net/minecraft/class_9710
CLASS	net/minecraft/world/item/enchantment/effects/AddValue	net/minecraft/class_9711
CLASS	net/minecraft/world/item/enchantment/effects/AllOf	net/minecraft/class_9712
CLASS	net/minecraft/world/item/enchantment/effects/AllOf$EntityEffects	net/minecraft/class_9712$class_9713
CLASS	net/minecraft/world/item/enchantment/effects/AllOf$LocationBasedEffects	net/minecraft/class_9712$class_9714
CLASS	net/minecraft/world/item/enchantment/effects/AllOf$ValueEffects	net/minecraft/class_9712$class_9715
CLASS	net/minecraft/world/item/enchantment/effects/ApplyEntityImpulse	net/minecraft/class_12129
CLASS	net/minecraft/world/item/enchantment/effects/ApplyExhaustion	net/minecraft/class_12241
CLASS	net/minecraft/world/item/enchantment/effects/ApplyMobEffect	net/minecraft/class_9716
CLASS	net/minecraft/world/item/enchantment/effects/ChangeItemDamage	net/minecraft/class_9719
CLASS	net/minecraft/world/item/enchantment/effects/DamageEntity	net/minecraft/class_9717
CLASS	net/minecraft/world/item/enchantment/effects/DamageImmunity	net/minecraft/class_9718
CLASS	net/minecraft/world/item/enchantment/effects/EnchantmentAttributeEffect	net/minecraft/class_9720
CLASS	net/minecraft/world/item/enchantment/effects/EnchantmentEntityEffect	net/minecraft/class_9721
CLASS	net/minecraft/world/item/enchantment/effects/EnchantmentLocationBasedEffect	net/minecraft/class_9722
CLASS	net/minecraft/world/item/enchantment/effects/EnchantmentValueEffect	net/minecraft/class_9723
CLASS	net/minecraft/world/item/enchantment/effects/ExplodeEffect	net/minecraft/class_9724
CLASS	net/minecraft/world/item/enchantment/effects/Ignite	net/minecraft/class_9725
CLASS	net/minecraft/world/item/enchantment/effects/MultiplyValue	net/minecraft/class_9726
CLASS	net/minecraft/world/item/enchantment/effects/PlaySoundEffect	net/minecraft/class_9727
CLASS	net/minecraft/world/item/enchantment/effects/RemoveBinomial	net/minecraft/class_9728
CLASS	net/minecraft/world/item/enchantment/effects/ReplaceBlock	net/minecraft/class_9729
CLASS	net/minecraft/world/item/enchantment/effects/ReplaceDisk	net/minecraft/class_9730
CLASS	net/minecraft/world/item/enchantment/effects/RunFunction	net/minecraft/class_9731
CLASS	net/minecraft/world/item/enchantment/effects/ScaleExponentially	net/minecraft/class_12130
CLASS	net/minecraft/world/item/enchantment/effects/SetBlockProperties	net/minecraft/class_9732
CLASS	net/minecraft/world/item/enchantment/effects/SetValue	net/minecraft/class_9733
CLASS	net/minecraft/world/item/enchantment/effects/SpawnParticlesEffect	net/minecraft/class_9734
CLASS	net/minecraft/world/item/enchantment/effects/SpawnParticlesEffect$PositionSource	net/minecraft/class_9734$class_9735
CLASS	net/minecraft/world/item/enchantment/effects/SpawnParticlesEffect$PositionSourceType	net/minecraft/class_9734$class_9736
CLASS	net/minecraft/world/item/enchantment/effects/SpawnParticlesEffect$PositionSourceType$CoordinateSource	net/minecraft/class_9734$class_9736$class_9737
CLASS	net/minecraft/world/item/enchantment/effects/SpawnParticlesEffect$VelocitySource	net/minecraft/class_9734$class_9738
CLASS	net/minecraft/world/item/enchantment/effects/SummonEntityEffect	net/minecraft/class_9739
CLASS	net/minecraft/world/item/enchantment/effects/package-info	net/minecraft/class_9740
CLASS	net/minecraft/world/item/enchantment/package-info	net/minecraft/class_6083
CLASS	net/minecraft/world/item/enchantment/providers/EnchantmentProvider	net/minecraft/class_9741
CLASS	net/minecraft/world/item/enchantment/providers/EnchantmentProviderTypes	net/minecraft/class_9742
CLASS	net/minecraft/world/item/enchantment/providers/EnchantmentsByCost	net/minecraft/class_9743
CLASS	net/minecraft/world/item/enchantment/providers/EnchantmentsByCostWithDifficulty	net/minecraft/class_9744
CLASS	net/minecraft/world/item/enchantment/providers/SingleEnchantment	net/minecraft/class_9745
CLASS	net/minecraft/world/item/enchantment/providers/TradeRebalanceEnchantmentProviders	net/minecraft/class_9746
CLASS	net/minecraft/world/item/enchantment/providers/VanillaEnchantmentProviders	net/minecraft/class_9747
CLASS	net/minecraft/world/item/enchantment/providers/package-info	net/minecraft/class_9748
CLASS	net/minecraft/world/item/equipment/AllowedEntitiesProvider	net/minecraft/class_10713
CLASS	net/minecraft/world/item/equipment/ArmorMaterial	net/minecraft/class_1741
CLASS	net/minecraft/world/item/equipment/ArmorMaterials	net/minecraft/class_1740
CLASS	net/minecraft/world/item/equipment/ArmorType	net/minecraft/class_8051
CLASS	net/minecraft/world/item/equipment/EquipmentAsset	net/minecraft/class_10394
CLASS	net/minecraft/world/item/equipment/EquipmentAssets	net/minecraft/class_10191
CLASS	net/minecraft/world/item/equipment/Equippable	net/minecraft/class_10192
CLASS	net/minecraft/world/item/equipment/Equippable$Builder	net/minecraft/class_10192$class_10217
CLASS	net/minecraft/world/item/equipment/package-info	net/minecraft/class_10193
CLASS	net/minecraft/world/item/equipment/trim/ArmorTrim	net/minecraft/class_8053
CLASS	net/minecraft/world/item/equipment/trim/MaterialAssetGroup	net/minecraft/class_10714
CLASS	net/minecraft/world/item/equipment/trim/MaterialAssetGroup$AssetInfo	net/minecraft/class_10714$class_10715
CLASS	net/minecraft/world/item/equipment/trim/TrimMaterial	net/minecraft/class_8054
CLASS	net/minecraft/world/item/equipment/trim/TrimMaterials	net/minecraft/class_8055
CLASS	net/minecraft/world/item/equipment/trim/TrimPattern	net/minecraft/class_8056
CLASS	net/minecraft/world/item/equipment/trim/TrimPatterns	net/minecraft/class_8057
CLASS	net/minecraft/world/item/equipment/trim/package-info	net/minecraft/class_10194
CLASS	net/minecraft/world/item/package-info	net/minecraft/class_6084
CLASS	net/minecraft/world/item/slot/CompositeSlotSource	net/minecraft/class_12264
CLASS	net/minecraft/world/item/slot/ContentsSlotSource	net/minecraft/class_12265
CLASS	net/minecraft/world/item/slot/EmptySlotSource	net/minecraft/class_12266
CLASS	net/minecraft/world/item/slot/FilteredSlotSource	net/minecraft/class_12267
CLASS	net/minecraft/world/item/slot/GroupSlotSource	net/minecraft/class_12268
CLASS	net/minecraft/world/item/slot/LimitSlotSource	net/minecraft/class_12269
CLASS	net/minecraft/world/item/slot/RangeSlotSource	net/minecraft/class_12270
CLASS	net/minecraft/world/item/slot/SlotCollection	net/minecraft/class_12271
CLASS	net/minecraft/world/item/slot/SlotCollection$Filtered	net/minecraft/class_12271$class_12272
CLASS	net/minecraft/world/item/slot/SlotCollection$FlatMapped	net/minecraft/class_12271$class_12273
CLASS	net/minecraft/world/item/slot/SlotCollection$Limited	net/minecraft/class_12271$class_12274
CLASS	net/minecraft/world/item/slot/SlotSource	net/minecraft/class_12275
CLASS	net/minecraft/world/item/slot/SlotSources	net/minecraft/class_12276
CLASS	net/minecraft/world/item/slot/TransformedSlotSource	net/minecraft/class_12277
CLASS	net/minecraft/world/item/slot/package-info	net/minecraft/class_12278
CLASS	net/minecraft/world/item/trading/ItemCost	net/minecraft/class_9306
CLASS	net/minecraft/world/item/trading/Merchant	net/minecraft/class_1915
CLASS	net/minecraft/world/item/trading/MerchantOffer	net/minecraft/class_1914
CLASS	net/minecraft/world/item/trading/MerchantOffers	net/minecraft/class_1916
CLASS	net/minecraft/world/item/trading/package-info	net/minecraft/class_6085
CLASS	net/minecraft/world/level/BaseCommandBlock	net/minecraft/class_1918
CLASS	net/minecraft/world/level/BaseCommandBlock$CloseableCommandBlockSource	net/minecraft/class_1918$class_11874
CLASS	net/minecraft/world/level/BaseSpawner	net/minecraft/class_1917
CLASS	net/minecraft/world/level/BlockAndTintGetter	net/minecraft/class_1920
CLASS	net/minecraft/world/level/BlockCollisions	net/minecraft/class_5329
CLASS	net/minecraft/world/level/BlockEventData	net/minecraft/class_1919
CLASS	net/minecraft/world/level/BlockGetter	net/minecraft/class_1922
CLASS	net/minecraft/world/level/BlockGetter$BlockStepVisitor	net/minecraft/class_1922$class_10781
CLASS	net/minecraft/world/level/ChunkPos	net/minecraft/class_1923
CLASS	net/minecraft/world/level/ChunkPos$1	net/minecraft/class_1923$1
CLASS	net/minecraft/world/level/ChunkPos$2	net/minecraft/class_1923$2
CLASS	net/minecraft/world/level/ClipBlockStateContext	net/minecraft/class_5702
CLASS	net/minecraft/world/level/ClipContext	net/minecraft/class_3959
CLASS	net/minecraft/world/level/ClipContext$Block	net/minecraft/class_3959$class_3960
CLASS	net/minecraft/world/level/ClipContext$Fluid	net/minecraft/class_3959$class_242
CLASS	net/minecraft/world/level/ClipContext$ShapeGetter	net/minecraft/class_3959$class_3961
CLASS	net/minecraft/world/level/CollisionGetter	net/minecraft/class_1941
CLASS	net/minecraft/world/level/ColorMapColorUtil	net/minecraft/class_10828
CLASS	net/minecraft/world/level/ColorResolver	net/minecraft/class_6539
CLASS	net/minecraft/world/level/CommonLevelAccessor	net/minecraft/class_5423
CLASS	net/minecraft/world/level/CustomSpawner	net/minecraft/class_5304
CLASS	net/minecraft/world/level/DataPackConfig	net/minecraft/class_5359
CLASS	net/minecraft/world/level/DryFoliageColor	net/minecraft/class_10829
CLASS	net/minecraft/world/level/EmptyBlockAndTintGetter	net/minecraft/class_9891
CLASS	net/minecraft/world/level/EmptyBlockGetter	net/minecraft/class_2682
CLASS	net/minecraft/world/level/EntityBasedExplosionDamageCalculator	net/minecraft/class_5361
CLASS	net/minecraft/world/level/EntityGetter	net/minecraft/class_1924
CLASS	net/minecraft/world/level/Explosion	net/minecraft/class_1927
CLASS	net/minecraft/world/level/Explosion$BlockInteraction	net/minecraft/class_1927$class_4179
CLASS	net/minecraft/world/level/ExplosionDamageCalculator	net/minecraft/class_5362
CLASS	net/minecraft/world/level/FoliageColor	net/minecraft/class_1926
CLASS	net/minecraft/world/level/GameType	net/minecraft/class_1934
CLASS	net/minecraft/world/level/GrassColor	net/minecraft/class_1933
CLASS	net/minecraft/world/level/ItemLike	net/minecraft/class_1935
CLASS	net/minecraft/world/level/Level	net/minecraft/class_1937
CLASS	net/minecraft/world/level/Level$ExplosionInteraction	net/minecraft/class_1937$class_7867
CLASS	net/minecraft/world/level/LevelAccessor	net/minecraft/class_1936
CLASS	net/minecraft/world/level/LevelHeightAccessor	net/minecraft/class_5539
CLASS	net/minecraft/world/level/LevelHeightAccessor$1	net/minecraft/class_5539$1
CLASS	net/minecraft/world/level/LevelReader	net/minecraft/class_4538
CLASS	net/minecraft/world/level/LevelSettings	net/minecraft/class_1940
CLASS	net/minecraft/world/level/LevelSimulatedRW	net/minecraft/class_3747
CLASS	net/minecraft/world/level/LevelSimulatedReader	net/minecraft/class_3746
CLASS	net/minecraft/world/level/LevelWriter	net/minecraft/class_1945
CLASS	net/minecraft/world/level/LightLayer	net/minecraft/class_1944
CLASS	net/minecraft/world/level/LocalMobCapCalculator	net/minecraft/class_6540
CLASS	net/minecraft/world/level/LocalMobCapCalculator$MobCounts	net/minecraft/class_6540$class_6541
CLASS	net/minecraft/world/level/MoonPhase	net/minecraft/class_12131
CLASS	net/minecraft/world/level/NaturalSpawner	net/minecraft/class_1948
CLASS	net/minecraft/world/level/NaturalSpawner$AfterSpawnCallback	net/minecraft/class_1948$class_5259
CLASS	net/minecraft/world/level/NaturalSpawner$ChunkGetter	net/minecraft/class_1948$class_5260
CLASS	net/minecraft/world/level/NaturalSpawner$SpawnPredicate	net/minecraft/class_1948$class_5261
CLASS	net/minecraft/world/level/NaturalSpawner$SpawnState	net/minecraft/class_1948$class_5262
CLASS	net/minecraft/world/level/NoiseColumn	net/minecraft/class_4966
CLASS	net/minecraft/world/level/PathNavigationRegion	net/minecraft/class_1950
CLASS	net/minecraft/world/level/PotentialCalculator	net/minecraft/class_5263
CLASS	net/minecraft/world/level/PotentialCalculator$PointCharge	net/minecraft/class_5263$class_5264
CLASS	net/minecraft/world/level/ScheduledTickAccess	net/minecraft/class_10225
CLASS	net/minecraft/world/level/ServerExplosion	net/minecraft/class_9892
CLASS	net/minecraft/world/level/ServerExplosion$StackCollector	net/minecraft/class_9892$class_9893
CLASS	net/minecraft/world/level/ServerLevelAccessor	net/minecraft/class_5425
CLASS	net/minecraft/world/level/SignalGetter	net/minecraft/class_8235
CLASS	net/minecraft/world/level/SimpleExplosionDamageCalculator	net/minecraft/class_9749
CLASS	net/minecraft/world/level/SpawnData	net/minecraft/class_1952
CLASS	net/minecraft/world/level/SpawnData$CustomSpawnRules	net/minecraft/class_1952$class_6542
CLASS	net/minecraft/world/level/Spawner	net/minecraft/class_8959
CLASS	net/minecraft/world/level/StructureManager	net/minecraft/class_5138
CLASS	net/minecraft/world/level/TicketStorage	net/minecraft/class_10592
CLASS	net/minecraft/world/level/TicketStorage$ChunkUpdated	net/minecraft/class_10592$class_10593
CLASS	net/minecraft/world/level/TicketStorage$TicketPredicate	net/minecraft/class_10592$class_11581
CLASS	net/minecraft/world/level/WorldDataConfiguration	net/minecraft/class_7712
CLASS	net/minecraft/world/level/WorldGenLevel	net/minecraft/class_5281
CLASS	net/minecraft/world/level/biome/Biome	net/minecraft/class_1959
CLASS	net/minecraft/world/level/biome/Biome$1	net/minecraft/class_1959$1
CLASS	net/minecraft/world/level/biome/Biome$BiomeBuilder	net/minecraft/class_1959$class_1960
CLASS	net/minecraft/world/level/biome/Biome$ClimateSettings	net/minecraft/class_1959$class_5482
CLASS	net/minecraft/world/level/biome/Biome$Precipitation	net/minecraft/class_1959$class_1963
CLASS	net/minecraft/world/level/biome/Biome$TemperatureModifier	net/minecraft/class_1959$class_5484
CLASS	net/minecraft/world/level/biome/Biome$TemperatureModifier$1	net/minecraft/class_1959$class_5484$1
CLASS	net/minecraft/world/level/biome/Biome$TemperatureModifier$2	net/minecraft/class_1959$class_5484$2
CLASS	net/minecraft/world/level/biome/BiomeGenerationSettings	net/minecraft/class_5485
CLASS	net/minecraft/world/level/biome/BiomeGenerationSettings$Builder	net/minecraft/class_5485$class_5495
CLASS	net/minecraft/world/level/biome/BiomeGenerationSettings$PlainBuilder	net/minecraft/class_5485$class_7868
CLASS	net/minecraft/world/level/biome/BiomeManager	net/minecraft/class_4543
CLASS	net/minecraft/world/level/biome/BiomeManager$NoiseBiomeSource	net/minecraft/class_4543$class_4544
CLASS	net/minecraft/world/level/biome/BiomeResolver	net/minecraft/class_6780
CLASS	net/minecraft/world/level/biome/BiomeSource	net/minecraft/class_1966
CLASS	net/minecraft/world/level/biome/BiomeSources	net/minecraft/class_7509
CLASS	net/minecraft/world/level/biome/BiomeSpecialEffects	net/minecraft/class_4763
CLASS	net/minecraft/world/level/biome/BiomeSpecialEffects$Builder	net/minecraft/class_4763$class_4764
CLASS	net/minecraft/world/level/biome/BiomeSpecialEffects$GrassColorModifier	net/minecraft/class_4763$class_5486
CLASS	net/minecraft/world/level/biome/BiomeSpecialEffects$GrassColorModifier$1	net/minecraft/class_4763$class_5486$1
CLASS	net/minecraft/world/level/biome/BiomeSpecialEffects$GrassColorModifier$2	net/minecraft/class_4763$class_5486$2
CLASS	net/minecraft/world/level/biome/BiomeSpecialEffects$GrassColorModifier$3	net/minecraft/class_4763$class_5486$3
CLASS	net/minecraft/world/level/biome/Biomes	net/minecraft/class_1972
CLASS	net/minecraft/world/level/biome/CheckerboardColumnBiomeSource	net/minecraft/class_1973
CLASS	net/minecraft/world/level/biome/Climate	net/minecraft/class_6544
CLASS	net/minecraft/world/level/biome/Climate$DistanceMetric	net/minecraft/class_6544$class_6545
CLASS	net/minecraft/world/level/biome/Climate$Parameter	net/minecraft/class_6544$class_6546
CLASS	net/minecraft/world/level/biome/Climate$ParameterList	net/minecraft/class_6544$class_6547
CLASS	net/minecraft/world/level/biome/Climate$ParameterPoint	net/minecraft/class_6544$class_4762
CLASS	net/minecraft/world/level/biome/Climate$RTree	net/minecraft/class_6544$class_6548
CLASS	net/minecraft/world/level/biome/Climate$RTree$Leaf	net/minecraft/class_6544$class_6548$class_6549
CLASS	net/minecraft/world/level/biome/Climate$RTree$Node	net/minecraft/class_6544$class_6548$class_6550
CLASS	net/minecraft/world/level/biome/Climate$RTree$SubTree	net/minecraft/class_6544$class_6548$class_6551
CLASS	net/minecraft/world/level/biome/Climate$Sampler	net/minecraft/class_6544$class_6552
CLASS	net/minecraft/world/level/biome/Climate$SpawnFinder	net/minecraft/class_6544$class_6729
CLASS	net/minecraft/world/level/biome/Climate$SpawnFinder$Result	net/minecraft/class_6544$class_6729$class_6730
CLASS	net/minecraft/world/level/biome/Climate$TargetPoint	net/minecraft/class_6544$class_6553
CLASS	net/minecraft/world/level/biome/FeatureSorter	net/minecraft/class_7510
CLASS	net/minecraft/world/level/biome/FeatureSorter$1FeatureData	net/minecraft/class_7510$class_6543
CLASS	net/minecraft/world/level/biome/FeatureSorter$StepFeatureData	net/minecraft/class_7510$class_6827
CLASS	net/minecraft/world/level/biome/FixedBiomeSource	net/minecraft/class_1992
CLASS	net/minecraft/world/level/biome/MobSpawnSettings	net/minecraft/class_5483
CLASS	net/minecraft/world/level/biome/MobSpawnSettings$Builder	net/minecraft/class_5483$class_5496
CLASS	net/minecraft/world/level/biome/MobSpawnSettings$MobSpawnCost	net/minecraft/class_5483$class_5265
CLASS	net/minecraft/world/level/biome/MobSpawnSettings$SpawnerData	net/minecraft/class_5483$class_1964
CLASS	net/minecraft/world/level/biome/MultiNoiseBiomeSource	net/minecraft/class_4766
CLASS	net/minecraft/world/level/biome/MultiNoiseBiomeSourceParameterList	net/minecraft/class_8197
CLASS	net/minecraft/world/level/biome/MultiNoiseBiomeSourceParameterList$Preset	net/minecraft/class_8197$class_5305
CLASS	net/minecraft/world/level/biome/MultiNoiseBiomeSourceParameterList$Preset$1	net/minecraft/class_8197$class_5305$1
CLASS	net/minecraft/world/level/biome/MultiNoiseBiomeSourceParameterList$Preset$2	net/minecraft/class_8197$class_5305$2
CLASS	net/minecraft/world/level/biome/MultiNoiseBiomeSourceParameterList$Preset$SourceProvider	net/minecraft/class_8197$class_5305$class_8165
CLASS	net/minecraft/world/level/biome/MultiNoiseBiomeSourceParameterLists	net/minecraft/class_8198
CLASS	net/minecraft/world/level/biome/OverworldBiomeBuilder	net/minecraft/class_6554
CLASS	net/minecraft/world/level/biome/TheEndBiomeSource	net/minecraft/class_2169
CLASS	net/minecraft/world/level/biome/package-info	net/minecraft/class_6086
CLASS	net/minecraft/world/level/block/AbstractBannerBlock	net/minecraft/class_2185
CLASS	net/minecraft/world/level/block/AbstractCandleBlock	net/minecraft/class_5540
CLASS	net/minecraft/world/level/block/AbstractCauldronBlock	net/minecraft/class_2275
CLASS	net/minecraft/world/level/block/AbstractChestBlock	net/minecraft/class_4739
CLASS	net/minecraft/world/level/block/AbstractFurnaceBlock	net/minecraft/class_2363
CLASS	net/minecraft/world/level/block/AbstractSkullBlock	net/minecraft/class_2190
CLASS	net/minecraft/world/level/block/AirBlock	net/minecraft/class_2189
CLASS	net/minecraft/world/level/block/AmethystBlock	net/minecraft/class_5541
CLASS	net/minecraft/world/level/block/AmethystClusterBlock	net/minecraft/class_5542
CLASS	net/minecraft/world/level/block/AnvilBlock	net/minecraft/class_2199
CLASS	net/minecraft/world/level/block/AttachedStemBlock	net/minecraft/class_2195
CLASS	net/minecraft/world/level/block/AzaleaBlock	net/minecraft/class_5800
CLASS	net/minecraft/world/level/block/BambooSaplingBlock	net/minecraft/class_2202
CLASS	net/minecraft/world/level/block/BambooStalkBlock	net/minecraft/class_2211
CLASS	net/minecraft/world/level/block/BannerBlock	net/minecraft/class_2215
CLASS	net/minecraft/world/level/block/BarrelBlock	net/minecraft/class_3708
CLASS	net/minecraft/world/level/block/BarrierBlock	net/minecraft/class_2213
CLASS	net/minecraft/world/level/block/BaseCoralFanBlock	net/minecraft/class_2221
CLASS	net/minecraft/world/level/block/BaseCoralPlantBlock	net/minecraft/class_2217
CLASS	net/minecraft/world/level/block/BaseCoralPlantTypeBlock	net/minecraft/class_2230
CLASS	net/minecraft/world/level/block/BaseCoralWallFanBlock	net/minecraft/class_2222
CLASS	net/minecraft/world/level/block/BaseEntityBlock	net/minecraft/class_2237
CLASS	net/minecraft/world/level/block/BaseFireBlock	net/minecraft/class_4770
CLASS	net/minecraft/world/level/block/BasePressurePlateBlock	net/minecraft/class_2231
CLASS	net/minecraft/world/level/block/BaseRailBlock	net/minecraft/class_2241
CLASS	net/minecraft/world/level/block/BaseRailBlock$1	net/minecraft/class_2241$1
CLASS	net/minecraft/world/level/block/BaseTorchBlock	net/minecraft/class_8810
CLASS	net/minecraft/world/level/block/BeaconBeamBlock	net/minecraft/class_4275
CLASS	net/minecraft/world/level/block/BeaconBlock	net/minecraft/class_2238
CLASS	net/minecraft/world/level/block/BedBlock	net/minecraft/class_2244
CLASS	net/minecraft/world/level/block/BeehiveBlock	net/minecraft/class_4481
CLASS	net/minecraft/world/level/block/BeetrootBlock	net/minecraft/class_2242
CLASS	net/minecraft/world/level/block/BellBlock	net/minecraft/class_3709
CLASS	net/minecraft/world/level/block/BellBlock$1	net/minecraft/class_3709$1
CLASS	net/minecraft/world/level/block/BigDripleafBlock	net/minecraft/class_5801
CLASS	net/minecraft/world/level/block/BigDripleafStemBlock	net/minecraft/class_5802
CLASS	net/minecraft/world/level/block/BlastFurnaceBlock	net/minecraft/class_3710
CLASS	net/minecraft/world/level/block/Block	net/minecraft/class_2248
CLASS	net/minecraft/world/level/block/Block$1	net/minecraft/class_2248$1
CLASS	net/minecraft/world/level/block/Block$2	net/minecraft/class_2248$2
CLASS	net/minecraft/world/level/block/Block$ShapePairKey	net/minecraft/class_2248$class_9894
CLASS	net/minecraft/world/level/block/Block$UpdateFlags	net/minecraft/class_2248$class_12132
CLASS	net/minecraft/world/level/block/BlockTypes	net/minecraft/class_8811
CLASS	net/minecraft/world/level/block/Blocks	net/minecraft/class_2246
CLASS	net/minecraft/world/level/block/BonemealableBlock	net/minecraft/class_2256
CLASS	net/minecraft/world/level/block/BonemealableBlock$Type	net/minecraft/class_2256$class_9077
CLASS	net/minecraft/world/level/block/BonemealableFeaturePlacerBlock	net/minecraft/class_10318
CLASS	net/minecraft/world/level/block/BrewingStandBlock	net/minecraft/class_2260
CLASS	net/minecraft/world/level/block/BrushableBlock	net/minecraft/class_8170
CLASS	net/minecraft/world/level/block/BubbleColumnBlock	net/minecraft/class_2258
CLASS	net/minecraft/world/level/block/BucketPickup	net/minecraft/class_2263
CLASS	net/minecraft/world/level/block/BuddingAmethystBlock	net/minecraft/class_5543
CLASS	net/minecraft/world/level/block/BushBlock	net/minecraft/class_10735
CLASS	net/minecraft/world/level/block/ButtonBlock	net/minecraft/class_2269
CLASS	net/minecraft/world/level/block/CactusBlock	net/minecraft/class_2266
CLASS	net/minecraft/world/level/block/CactusFlowerBlock	net/minecraft/class_10760
CLASS	net/minecraft/world/level/block/CakeBlock	net/minecraft/class_2272
CLASS	net/minecraft/world/level/block/CalibratedSculkSensorBlock	net/minecraft/class_8236
CLASS	net/minecraft/world/level/block/CampfireBlock	net/minecraft/class_3922
CLASS	net/minecraft/world/level/block/CandleBlock	net/minecraft/class_5544
CLASS	net/minecraft/world/level/block/CandleCakeBlock	net/minecraft/class_5545
CLASS	net/minecraft/world/level/block/CarpetBlock	net/minecraft/class_2577
CLASS	net/minecraft/world/level/block/CarrotBlock	net/minecraft/class_2271
CLASS	net/minecraft/world/level/block/CartographyTableBlock	net/minecraft/class_3711
CLASS	net/minecraft/world/level/block/CarvedPumpkinBlock	net/minecraft/class_2276
CLASS	net/minecraft/world/level/block/CauldronBlock	net/minecraft/class_5546
CLASS	net/minecraft/world/level/block/CaveVines	net/minecraft/class_5803
CLASS	net/minecraft/world/level/block/CaveVinesBlock	net/minecraft/class_5805
CLASS	net/minecraft/world/level/block/CaveVinesPlantBlock	net/minecraft/class_5804
CLASS	net/minecraft/world/level/block/CeilingHangingSignBlock	net/minecraft/class_7713
CLASS	net/minecraft/world/level/block/ChainBlock	net/minecraft/class_5172
CLASS	net/minecraft/world/level/block/ChangeOverTimeBlock	net/minecraft/class_5547
CLASS	net/minecraft/world/level/block/ChestBlock	net/minecraft/class_2281
CLASS	net/minecraft/world/level/block/ChestBlock$1	net/minecraft/class_2281$1
CLASS	net/minecraft/world/level/block/ChestBlock$2	net/minecraft/class_2281$2
CLASS	net/minecraft/world/level/block/ChestBlock$2$1	net/minecraft/class_2281$2$1
CLASS	net/minecraft/world/level/block/ChestBlock$3	net/minecraft/class_2281$3
CLASS	net/minecraft/world/level/block/ChestBlock$4	net/minecraft/class_2281$4
CLASS	net/minecraft/world/level/block/ChiseledBookShelfBlock	net/minecraft/class_7714
CLASS	net/minecraft/world/level/block/ChorusFlowerBlock	net/minecraft/class_2279
CLASS	net/minecraft/world/level/block/ChorusPlantBlock	net/minecraft/class_2283
CLASS	net/minecraft/world/level/block/CocoaBlock	net/minecraft/class_2282
CLASS	net/minecraft/world/level/block/ColoredFallingBlock	net/minecraft/class_8812
CLASS	net/minecraft/world/level/block/CommandBlock	net/minecraft/class_2288
CLASS	net/minecraft/world/level/block/ComparatorBlock	net/minecraft/class_2286
CLASS	net/minecraft/world/level/block/ComposterBlock	net/minecraft/class_3962
CLASS	net/minecraft/world/level/block/ComposterBlock$EmptyContainer	net/minecraft/class_3962$class_3925
CLASS	net/minecraft/world/level/block/ComposterBlock$InputContainer	net/minecraft/class_3962$class_3963
CLASS	net/minecraft/world/level/block/ComposterBlock$OutputContainer	net/minecraft/class_3962$class_3964
CLASS	net/minecraft/world/level/block/ConcretePowderBlock	net/minecraft/class_2292
CLASS	net/minecraft/world/level/block/ConduitBlock	net/minecraft/class_2289
CLASS	net/minecraft/world/level/block/CopperBulbBlock	net/minecraft/class_8922
CLASS	net/minecraft/world/level/block/CopperChestBlock	net/minecraft/class_11582
CLASS	net/minecraft/world/level/block/CopperGolemStatueBlock	net/minecraft/class_11583
CLASS	net/minecraft/world/level/block/CopperGolemStatueBlock$Pose	net/minecraft/class_11583$class_11584
CLASS	net/minecraft/world/level/block/CoralBlock	net/minecraft/class_2298
CLASS	net/minecraft/world/level/block/CoralFanBlock	net/minecraft/class_2297
CLASS	net/minecraft/world/level/block/CoralPlantBlock	net/minecraft/class_2301
CLASS	net/minecraft/world/level/block/CoralWallFanBlock	net/minecraft/class_2299
CLASS	net/minecraft/world/level/block/CrafterBlock	net/minecraft/class_8886
CLASS	net/minecraft/world/level/block/CrafterBlock$1	net/minecraft/class_8886$1
CLASS	net/minecraft/world/level/block/CraftingTableBlock	net/minecraft/class_2304
CLASS	net/minecraft/world/level/block/CreakingHeartBlock	net/minecraft/class_10319
CLASS	net/minecraft/world/level/block/CropBlock	net/minecraft/class_2302
CLASS	net/minecraft/world/level/block/CrossCollisionBlock	net/minecraft/class_2310
CLASS	net/minecraft/world/level/block/CrossCollisionBlock$1	net/minecraft/class_2310$1
CLASS	net/minecraft/world/level/block/CryingObsidianBlock	net/minecraft/class_4848
CLASS	net/minecraft/world/level/block/DaylightDetectorBlock	net/minecraft/class_2309
CLASS	net/minecraft/world/level/block/DecoratedPotBlock	net/minecraft/class_8168
CLASS	net/minecraft/world/level/block/DetectorRailBlock	net/minecraft/class_2313
CLASS	net/minecraft/world/level/block/DiodeBlock	net/minecraft/class_2312
CLASS	net/minecraft/world/level/block/DirectionalBlock	net/minecraft/class_2318
CLASS	net/minecraft/world/level/block/DirtPathBlock	net/minecraft/class_2369
CLASS	net/minecraft/world/level/block/DispenserBlock	net/minecraft/class_2315
CLASS	net/minecraft/world/level/block/DoorBlock	net/minecraft/class_2323
CLASS	net/minecraft/world/level/block/DoorBlock$1	net/minecraft/class_2323$1
CLASS	net/minecraft/world/level/block/DoubleBlockCombiner	net/minecraft/class_4732
CLASS	net/minecraft/world/level/block/DoubleBlockCombiner$BlockType	net/minecraft/class_4732$class_4733
CLASS	net/minecraft/world/level/block/DoubleBlockCombiner$Combiner	net/minecraft/class_4732$class_3923
CLASS	net/minecraft/world/level/block/DoubleBlockCombiner$NeighborCombineResult	net/minecraft/class_4732$class_4734
CLASS	net/minecraft/world/level/block/DoubleBlockCombiner$NeighborCombineResult$Double	net/minecraft/class_4732$class_4734$class_4735
CLASS	net/minecraft/world/level/block/DoubleBlockCombiner$NeighborCombineResult$Single	net/minecraft/class_4732$class_4734$class_4736
CLASS	net/minecraft/world/level/block/DoublePlantBlock	net/minecraft/class_2320
CLASS	net/minecraft/world/level/block/DragonEggBlock	net/minecraft/class_2328
CLASS	net/minecraft/world/level/block/DriedGhastBlock	net/minecraft/class_11198
CLASS	net/minecraft/world/level/block/DropExperienceBlock	net/minecraft/class_2431
CLASS	net/minecraft/world/level/block/DropperBlock	net/minecraft/class_2325
CLASS	net/minecraft/world/level/block/DryVegetationBlock	net/minecraft/class_2311
CLASS	net/minecraft/world/level/block/EnchantingTableBlock	net/minecraft/class_2331
CLASS	net/minecraft/world/level/block/EndGatewayBlock	net/minecraft/class_2329
CLASS	net/minecraft/world/level/block/EndPortalBlock	net/minecraft/class_2334
CLASS	net/minecraft/world/level/block/EndPortalFrameBlock	net/minecraft/class_2333
CLASS	net/minecraft/world/level/block/EndRodBlock	net/minecraft/class_5551
CLASS	net/minecraft/world/level/block/EnderChestBlock	net/minecraft/class_2336
CLASS	net/minecraft/world/level/block/EntityBlock	net/minecraft/class_2343
CLASS	net/minecraft/world/level/block/EyeblossomBlock	net/minecraft/class_10374
CLASS	net/minecraft/world/level/block/EyeblossomBlock$Type	net/minecraft/class_10374$class_10375
CLASS	net/minecraft/world/level/block/FaceAttachedHorizontalDirectionalBlock	net/minecraft/class_2341
CLASS	net/minecraft/world/level/block/FaceAttachedHorizontalDirectionalBlock$1	net/minecraft/class_2341$1
CLASS	net/minecraft/world/level/block/Fallable	net/minecraft/class_5688
CLASS	net/minecraft/world/level/block/FallingBlock	net/minecraft/class_2346
CLASS	net/minecraft/world/level/block/FarmBlock	net/minecraft/class_2344
CLASS	net/minecraft/world/level/block/FenceBlock	net/minecraft/class_2354
CLASS	net/minecraft/world/level/block/FenceGateBlock	net/minecraft/class_2349
CLASS	net/minecraft/world/level/block/FenceGateBlock$1	net/minecraft/class_2349$1
CLASS	net/minecraft/world/level/block/FireBlock	net/minecraft/class_2358
CLASS	net/minecraft/world/level/block/FireflyBushBlock	net/minecraft/class_10736
CLASS	net/minecraft/world/level/block/FlowerBedBlock	net/minecraft/class_10594
CLASS	net/minecraft/world/level/block/FlowerBlock	net/minecraft/class_2356
CLASS	net/minecraft/world/level/block/FlowerPotBlock	net/minecraft/class_2362
CLASS	net/minecraft/world/level/block/FrogspawnBlock	net/minecraft/class_7113
CLASS	net/minecraft/world/level/block/FrostedIceBlock	net/minecraft/class_2360
CLASS	net/minecraft/world/level/block/FungusBlock	net/minecraft/class_4771
CLASS	net/minecraft/world/level/block/FurnaceBlock	net/minecraft/class_3865
CLASS	net/minecraft/world/level/block/GameMasterBlock	net/minecraft/class_5552
CLASS	net/minecraft/world/level/block/GlazedTerracottaBlock	net/minecraft/class_2366
CLASS	net/minecraft/world/level/block/GlowLichenBlock	net/minecraft/class_5777
CLASS	net/minecraft/world/level/block/GrassBlock	net/minecraft/class_2372
CLASS	net/minecraft/world/level/block/GrindstoneBlock	net/minecraft/class_3713
CLASS	net/minecraft/world/level/block/GrowingPlantBlock	net/minecraft/class_4863
CLASS	net/minecraft/world/level/block/GrowingPlantBodyBlock	net/minecraft/class_4864
CLASS	net/minecraft/world/level/block/GrowingPlantHeadBlock	net/minecraft/class_4865
CLASS	net/minecraft/world/level/block/HalfTransparentBlock	net/minecraft/class_2373
CLASS	net/minecraft/world/level/block/HangingMossBlock	net/minecraft/class_10321
CLASS	net/minecraft/world/level/block/HangingRootsBlock	net/minecraft/class_5806
CLASS	net/minecraft/world/level/block/HayBlock	net/minecraft/class_2380
CLASS	net/minecraft/world/level/block/HeavyCoreBlock	net/minecraft/class_9366
CLASS	net/minecraft/world/level/block/HoneyBlock	net/minecraft/class_4622
CLASS	net/minecraft/world/level/block/HopperBlock	net/minecraft/class_2377
CLASS	net/minecraft/world/level/block/HorizontalDirectionalBlock	net/minecraft/class_2383
CLASS	net/minecraft/world/level/block/HugeMushroomBlock	net/minecraft/class_2381
CLASS	net/minecraft/world/level/block/IceBlock	net/minecraft/class_2386
CLASS	net/minecraft/world/level/block/InfestedBlock	net/minecraft/class_2384
CLASS	net/minecraft/world/level/block/InfestedRotatedPillarBlock	net/minecraft/class_6348
CLASS	net/minecraft/world/level/block/IronBarsBlock	net/minecraft/class_2389
CLASS	net/minecraft/world/level/block/JigsawBlock	net/minecraft/class_3748
CLASS	net/minecraft/world/level/block/JukeboxBlock	net/minecraft/class_2387
CLASS	net/minecraft/world/level/block/KelpBlock	net/minecraft/class_2393
CLASS	net/minecraft/world/level/block/KelpPlantBlock	net/minecraft/class_2391
CLASS	net/minecraft/world/level/block/LadderBlock	net/minecraft/class_2399
CLASS	net/minecraft/world/level/block/LanternBlock	net/minecraft/class_3749
CLASS	net/minecraft/world/level/block/LavaCauldronBlock	net/minecraft/class_5553
CLASS	net/minecraft/world/level/block/LayeredCauldronBlock	net/minecraft/class_5556
CLASS	net/minecraft/world/level/block/LeafLitterBlock	net/minecraft/class_10595
CLASS	net/minecraft/world/level/block/LeavesBlock	net/minecraft/class_2397
CLASS	net/minecraft/world/level/block/LecternBlock	net/minecraft/class_3715
CLASS	net/minecraft/world/level/block/LevelEvent	net/minecraft/class_6088
CLASS	net/minecraft/world/level/block/LeverBlock	net/minecraft/class_2401
CLASS	net/minecraft/world/level/block/LightBlock	net/minecraft/class_6089
CLASS	net/minecraft/world/level/block/LightningRodBlock	net/minecraft/class_5554
CLASS	net/minecraft/world/level/block/LiquidBlock	net/minecraft/class_2404
CLASS	net/minecraft/world/level/block/LiquidBlockContainer	net/minecraft/class_2402
CLASS	net/minecraft/world/level/block/LoomBlock	net/minecraft/class_2406
CLASS	net/minecraft/world/level/block/MagmaBlock	net/minecraft/class_2413
CLASS	net/minecraft/world/level/block/MangroveLeavesBlock	net/minecraft/class_7114
CLASS	net/minecraft/world/level/block/MangrovePropaguleBlock	net/minecraft/class_7115
CLASS	net/minecraft/world/level/block/MangroveRootsBlock	net/minecraft/class_7116
CLASS	net/minecraft/world/level/block/Mirror	net/minecraft/class_2415
CLASS	net/minecraft/world/level/block/MossyCarpetBlock	net/minecraft/class_10322
CLASS	net/minecraft/world/level/block/MossyCarpetBlock$1	net/minecraft/class_10322$1
CLASS	net/minecraft/world/level/block/MudBlock	net/minecraft/class_7117
CLASS	net/minecraft/world/level/block/MultifaceBlock	net/minecraft/class_5778
CLASS	net/minecraft/world/level/block/MultifaceSpreadeableBlock	net/minecraft/class_10376
CLASS	net/minecraft/world/level/block/MultifaceSpreader	net/minecraft/class_7118
CLASS	net/minecraft/world/level/block/MultifaceSpreader$DefaultSpreaderConfig	net/minecraft/class_7118$class_7119
CLASS	net/minecraft/world/level/block/MultifaceSpreader$SpreadConfig	net/minecraft/class_7118$class_7120
CLASS	net/minecraft/world/level/block/MultifaceSpreader$SpreadPos	net/minecraft/class_7118$class_7121
CLASS	net/minecraft/world/level/block/MultifaceSpreader$SpreadPredicate	net/minecraft/class_7118$class_7122
CLASS	net/minecraft/world/level/block/MultifaceSpreader$SpreadType	net/minecraft/class_7118$class_7123
CLASS	net/minecraft/world/level/block/MultifaceSpreader$SpreadType$1	net/minecraft/class_7118$class_7123$1
CLASS	net/minecraft/world/level/block/MultifaceSpreader$SpreadType$2	net/minecraft/class_7118$class_7123$2
CLASS	net/minecraft/world/level/block/MultifaceSpreader$SpreadType$3	net/minecraft/class_7118$class_7123$3
CLASS	net/minecraft/world/level/block/MushroomBlock	net/minecraft/class_2420
CLASS	net/minecraft/world/level/block/MyceliumBlock	net/minecraft/class_2418
CLASS	net/minecraft/world/level/block/NetherPortalBlock	net/minecraft/class_2423
CLASS	net/minecraft/world/level/block/NetherPortalBlock$1	net/minecraft/class_2423$1
CLASS	net/minecraft/world/level/block/NetherSproutsBlock	net/minecraft/class_4772
CLASS	net/minecraft/world/level/block/NetherVines	net/minecraft/class_4949
CLASS	net/minecraft/world/level/block/NetherWartBlock	net/minecraft/class_2421
CLASS	net/minecraft/world/level/block/NetherrackBlock	net/minecraft/class_4773
CLASS	net/minecraft/world/level/block/NoteBlock	net/minecraft/class_2428
CLASS	net/minecraft/world/level/block/NyliumBlock	net/minecraft/class_4849
CLASS	net/minecraft/world/level/block/ObserverBlock	net/minecraft/class_2426
CLASS	net/minecraft/world/level/block/PiglinWallSkullBlock	net/minecraft/class_7938
CLASS	net/minecraft/world/level/block/PipeBlock	net/minecraft/class_2429
CLASS	net/minecraft/world/level/block/PitcherCropBlock	net/minecraft/class_8237
CLASS	net/minecraft/world/level/block/PitcherCropBlock$1	net/minecraft/class_8237$1
CLASS	net/minecraft/world/level/block/PitcherCropBlock$PosAndState	net/minecraft/class_8237$class_8587
CLASS	net/minecraft/world/level/block/PlayerHeadBlock	net/minecraft/class_2435
CLASS	net/minecraft/world/level/block/PlayerWallHeadBlock	net/minecraft/class_2433
CLASS	net/minecraft/world/level/block/PointedDripstoneBlock	net/minecraft/class_5689
CLASS	net/minecraft/world/level/block/PointedDripstoneBlock$1	net/minecraft/class_5689$1
CLASS	net/minecraft/world/level/block/PointedDripstoneBlock$FluidInfo	net/minecraft/class_5689$class_7381
CLASS	net/minecraft/world/level/block/Portal	net/minecraft/class_9797
CLASS	net/minecraft/world/level/block/Portal$Transition	net/minecraft/class_9797$class_9798
CLASS	net/minecraft/world/level/block/PotatoBlock	net/minecraft/class_2439
CLASS	net/minecraft/world/level/block/PowderSnowBlock	net/minecraft/class_5635
CLASS	net/minecraft/world/level/block/PoweredBlock	net/minecraft/class_2436
CLASS	net/minecraft/world/level/block/PoweredRailBlock	net/minecraft/class_2442
CLASS	net/minecraft/world/level/block/PoweredRailBlock$1	net/minecraft/class_2442$1
CLASS	net/minecraft/world/level/block/PressurePlateBlock	net/minecraft/class_2440
CLASS	net/minecraft/world/level/block/PressurePlateBlock$1	net/minecraft/class_2440$1
CLASS	net/minecraft/world/level/block/PumpkinBlock	net/minecraft/class_2445
CLASS	net/minecraft/world/level/block/RailBlock	net/minecraft/class_2443
CLASS	net/minecraft/world/level/block/RailState	net/minecraft/class_2452
CLASS	net/minecraft/world/level/block/RailState$1	net/minecraft/class_2452$1
CLASS	net/minecraft/world/level/block/RedStoneOreBlock	net/minecraft/class_2449
CLASS	net/minecraft/world/level/block/RedStoneWireBlock	net/minecraft/class_2457
CLASS	net/minecraft/world/level/block/RedStoneWireBlock$1	net/minecraft/class_2457$1
CLASS	net/minecraft/world/level/block/RedstoneLampBlock	net/minecraft/class_2453
CLASS	net/minecraft/world/level/block/RedstoneTorchBlock	net/minecraft/class_2459
CLASS	net/minecraft/world/level/block/RedstoneTorchBlock$Toggle	net/minecraft/class_2459$class_2460
CLASS	net/minecraft/world/level/block/RedstoneWallTorchBlock	net/minecraft/class_2458
CLASS	net/minecraft/world/level/block/RenderShape	net/minecraft/class_2464
CLASS	net/minecraft/world/level/block/RepeaterBlock	net/minecraft/class_2462
CLASS	net/minecraft/world/level/block/RespawnAnchorBlock	net/minecraft/class_4969
CLASS	net/minecraft/world/level/block/RespawnAnchorBlock$1	net/minecraft/class_4969$1
CLASS	net/minecraft/world/level/block/RodBlock	net/minecraft/class_2337
CLASS	net/minecraft/world/level/block/RootedDirtBlock	net/minecraft/class_5954
CLASS	net/minecraft/world/level/block/RootsBlock	net/minecraft/class_4774
CLASS	net/minecraft/world/level/block/RotatedPillarBlock	net/minecraft/class_2465
CLASS	net/minecraft/world/level/block/RotatedPillarBlock$1	net/minecraft/class_2465$1
CLASS	net/minecraft/world/level/block/Rotation	net/minecraft/class_2470
CLASS	net/minecraft/world/level/block/SandBlock	net/minecraft/class_10737
CLASS	net/minecraft/world/level/block/SaplingBlock	net/minecraft/class_2473
CLASS	net/minecraft/world/level/block/ScaffoldingBlock	net/minecraft/class_3736
CLASS	net/minecraft/world/level/block/SculkBehaviour	net/minecraft/class_7124
CLASS	net/minecraft/world/level/block/SculkBehaviour$1	net/minecraft/class_7124$1
CLASS	net/minecraft/world/level/block/SculkBlock	net/minecraft/class_7125
CLASS	net/minecraft/world/level/block/SculkCatalystBlock	net/minecraft/class_7126
CLASS	net/minecraft/world/level/block/SculkSensorBlock	net/minecraft/class_5703
CLASS	net/minecraft/world/level/block/SculkShriekerBlock	net/minecraft/class_7268
CLASS	net/minecraft/world/level/block/SculkSpreader	net/minecraft/class_7128
CLASS	net/minecraft/world/level/block/SculkSpreader$ChargeCursor	net/minecraft/class_7128$class_7129
CLASS	net/minecraft/world/level/block/SculkVeinBlock	net/minecraft/class_7130
CLASS	net/minecraft/world/level/block/SculkVeinBlock$SculkVeinSpreaderConfig	net/minecraft/class_7130$class_7131
CLASS	net/minecraft/world/level/block/SeaPickleBlock	net/minecraft/class_2472
CLASS	net/minecraft/world/level/block/SeagrassBlock	net/minecraft/class_2476
CLASS	net/minecraft/world/level/block/SegmentableBlock	net/minecraft/class_10596
CLASS	net/minecraft/world/level/block/SelectableSlotContainer	net/minecraft/class_11585
CLASS	net/minecraft/world/level/block/SelectableSlotContainer$1	net/minecraft/class_11585$1
CLASS	net/minecraft/world/level/block/ShelfBlock	net/minecraft/class_11586
CLASS	net/minecraft/world/level/block/ShortDryGrassBlock	net/minecraft/class_10761
CLASS	net/minecraft/world/level/block/ShulkerBoxBlock	net/minecraft/class_2480
CLASS	net/minecraft/world/level/block/ShulkerBoxBlock$1	net/minecraft/class_2480$1
CLASS	net/minecraft/world/level/block/SideChainPartBlock	net/minecraft/class_11587
CLASS	net/minecraft/world/level/block/SideChainPartBlock$EmptyNeighbor	net/minecraft/class_11587$class_11588
CLASS	net/minecraft/world/level/block/SideChainPartBlock$Neighbor	net/minecraft/class_11587$class_11589
CLASS	net/minecraft/world/level/block/SideChainPartBlock$Neighbors	net/minecraft/class_11587$class_11590
CLASS	net/minecraft/world/level/block/SideChainPartBlock$SideChainNeighbor	net/minecraft/class_11587$class_11591
CLASS	net/minecraft/world/level/block/SignBlock	net/minecraft/class_2478
CLASS	net/minecraft/world/level/block/SimpleWaterloggedBlock	net/minecraft/class_3737
CLASS	net/minecraft/world/level/block/SkullBlock	net/minecraft/class_2484
CLASS	net/minecraft/world/level/block/SkullBlock$Type	net/minecraft/class_2484$class_2485
CLASS	net/minecraft/world/level/block/SkullBlock$Types	net/minecraft/class_2484$class_2486
CLASS	net/minecraft/world/level/block/SlabBlock	net/minecraft/class_2482
CLASS	net/minecraft/world/level/block/SlabBlock$1	net/minecraft/class_2482$1
CLASS	net/minecraft/world/level/block/SlimeBlock	net/minecraft/class_2490
CLASS	net/minecraft/world/level/block/SmallDripleafBlock	net/minecraft/class_5808
CLASS	net/minecraft/world/level/block/SmithingTableBlock	net/minecraft/class_3717
CLASS	net/minecraft/world/level/block/SmokerBlock	net/minecraft/class_3716
CLASS	net/minecraft/world/level/block/SnifferEggBlock	net/minecraft/class_8238
CLASS	net/minecraft/world/level/block/SnowLayerBlock	net/minecraft/class_2488
CLASS	net/minecraft/world/level/block/SnowyDirtBlock	net/minecraft/class_2493
CLASS	net/minecraft/world/level/block/SoulFireBlock	net/minecraft/class_4775
CLASS	net/minecraft/world/level/block/SoulSandBlock	net/minecraft/class_2492
CLASS	net/minecraft/world/level/block/SoundType	net/minecraft/class_2498
CLASS	net/minecraft/world/level/block/SpawnerBlock	net/minecraft/class_2496
CLASS	net/minecraft/world/level/block/SpongeBlock	net/minecraft/class_2502
CLASS	net/minecraft/world/level/block/SporeBlossomBlock	net/minecraft/class_5809
CLASS	net/minecraft/world/level/block/SpreadingSnowyDirtBlock	net/minecraft/class_2500
CLASS	net/minecraft/world/level/block/StainedGlassBlock	net/minecraft/class_2506
CLASS	net/minecraft/world/level/block/StainedGlassPaneBlock	net/minecraft/class_2504
CLASS	net/minecraft/world/level/block/StairBlock	net/minecraft/class_2510
CLASS	net/minecraft/world/level/block/StairBlock$1	net/minecraft/class_2510$1
CLASS	net/minecraft/world/level/block/StandingSignBlock	net/minecraft/class_2508
CLASS	net/minecraft/world/level/block/StemBlock	net/minecraft/class_2513
CLASS	net/minecraft/world/level/block/StonecutterBlock	net/minecraft/class_3718
CLASS	net/minecraft/world/level/block/StructureBlock	net/minecraft/class_2515
CLASS	net/minecraft/world/level/block/StructureBlock$1	net/minecraft/class_2515$1
CLASS	net/minecraft/world/level/block/StructureVoidBlock	net/minecraft/class_2518
CLASS	net/minecraft/world/level/block/SugarCaneBlock	net/minecraft/class_2523
CLASS	net/minecraft/world/level/block/SupportType	net/minecraft/class_5431
CLASS	net/minecraft/world/level/block/SupportType$1	net/minecraft/class_5431$1
CLASS	net/minecraft/world/level/block/SupportType$2	net/minecraft/class_5431$2
CLASS	net/minecraft/world/level/block/SupportType$3	net/minecraft/class_5431$3
CLASS	net/minecraft/world/level/block/SuspiciousEffectHolder	net/minecraft/class_7917
CLASS	net/minecraft/world/level/block/SweetBerryBushBlock	net/minecraft/class_3830
CLASS	net/minecraft/world/level/block/TallDryGrassBlock	net/minecraft/class_10762
CLASS	net/minecraft/world/level/block/TallFlowerBlock	net/minecraft/class_2521
CLASS	net/minecraft/world/level/block/TallGrassBlock	net/minecraft/class_2526
CLASS	net/minecraft/world/level/block/TallSeagrassBlock	net/minecraft/class_2525
CLASS	net/minecraft/world/level/block/TargetBlock	net/minecraft/class_4850
CLASS	net/minecraft/world/level/block/TestBlock	net/minecraft/class_10631
CLASS	net/minecraft/world/level/block/TestInstanceBlock	net/minecraft/class_10632
CLASS	net/minecraft/world/level/block/TintedGlassBlock	net/minecraft/class_5555
CLASS	net/minecraft/world/level/block/TintedParticleLeavesBlock	net/minecraft/class_10716
CLASS	net/minecraft/world/level/block/TntBlock	net/minecraft/class_2530
CLASS	net/minecraft/world/level/block/TorchBlock	net/minecraft/class_2527
CLASS	net/minecraft/world/level/block/TorchflowerCropBlock	net/minecraft/class_8171
CLASS	net/minecraft/world/level/block/TransparentBlock	net/minecraft/class_8923
CLASS	net/minecraft/world/level/block/TrapDoorBlock	net/minecraft/class_2533
CLASS	net/minecraft/world/level/block/TrapDoorBlock$1	net/minecraft/class_2533$1
CLASS	net/minecraft/world/level/block/TrappedChestBlock	net/minecraft/class_2531
CLASS	net/minecraft/world/level/block/TrialSpawnerBlock	net/minecraft/class_8960
CLASS	net/minecraft/world/level/block/TripWireBlock	net/minecraft/class_2538
CLASS	net/minecraft/world/level/block/TripWireBlock$1	net/minecraft/class_2538$1
CLASS	net/minecraft/world/level/block/TripWireHookBlock	net/minecraft/class_2537
CLASS	net/minecraft/world/level/block/TurtleEggBlock	net/minecraft/class_2542
CLASS	net/minecraft/world/level/block/TwistingVinesBlock	net/minecraft/class_4777
CLASS	net/minecraft/world/level/block/TwistingVinesPlantBlock	net/minecraft/class_4950
CLASS	net/minecraft/world/level/block/UntintedParticleLeavesBlock	net/minecraft/class_10717
CLASS	net/minecraft/world/level/block/VaultBlock	net/minecraft/class_9197
CLASS	net/minecraft/world/level/block/VegetationBlock	net/minecraft/class_2261
CLASS	net/minecraft/world/level/block/VineBlock	net/minecraft/class_2541
CLASS	net/minecraft/world/level/block/VineBlock$1	net/minecraft/class_2541$1
CLASS	net/minecraft/world/level/block/WallBannerBlock	net/minecraft/class_2546
CLASS	net/minecraft/world/level/block/WallBlock	net/minecraft/class_2544
CLASS	net/minecraft/world/level/block/WallBlock$1	net/minecraft/class_2544$1
CLASS	net/minecraft/world/level/block/WallHangingSignBlock	net/minecraft/class_7715
CLASS	net/minecraft/world/level/block/WallSignBlock	net/minecraft/class_2551
CLASS	net/minecraft/world/level/block/WallSkullBlock	net/minecraft/class_2549
CLASS	net/minecraft/world/level/block/WallTorchBlock	net/minecraft/class_2555
CLASS	net/minecraft/world/level/block/WaterlilyBlock	net/minecraft/class_2553
CLASS	net/minecraft/world/level/block/WaterloggedTransparentBlock	net/minecraft/class_9009
CLASS	net/minecraft/world/level/block/WeatheringCopper	net/minecraft/class_5955
CLASS	net/minecraft/world/level/block/WeatheringCopper$WeatherState	net/minecraft/class_5955$class_5811
CLASS	net/minecraft/world/level/block/WeatheringCopperBarsBlock	net/minecraft/class_11709
CLASS	net/minecraft/world/level/block/WeatheringCopperBlocks	net/minecraft/class_11710
CLASS	net/minecraft/world/level/block/WeatheringCopperBulbBlock	net/minecraft/class_8924
CLASS	net/minecraft/world/level/block/WeatheringCopperChainBlock	net/minecraft/class_11711
CLASS	net/minecraft/world/level/block/WeatheringCopperChestBlock	net/minecraft/class_11592
CLASS	net/minecraft/world/level/block/WeatheringCopperDoorBlock	net/minecraft/class_8925
CLASS	net/minecraft/world/level/block/WeatheringCopperFullBlock	net/minecraft/class_5812
CLASS	net/minecraft/world/level/block/WeatheringCopperGolemStatueBlock	net/minecraft/class_11593
CLASS	net/minecraft/world/level/block/WeatheringCopperGrateBlock	net/minecraft/class_8926
CLASS	net/minecraft/world/level/block/WeatheringCopperSlabBlock	net/minecraft/class_5813
CLASS	net/minecraft/world/level/block/WeatheringCopperStairBlock	net/minecraft/class_5814
CLASS	net/minecraft/world/level/block/WeatheringCopperTrapDoorBlock	net/minecraft/class_8927
CLASS	net/minecraft/world/level/block/WeatheringLanternBlock	net/minecraft/class_11712
CLASS	net/minecraft/world/level/block/WeatheringLightningRodBlock	net/minecraft/class_11594
CLASS	net/minecraft/world/level/block/WebBlock	net/minecraft/class_2560
CLASS	net/minecraft/world/level/block/WeepingVinesBlock	net/minecraft/class_4776
CLASS	net/minecraft/world/level/block/WeepingVinesPlantBlock	net/minecraft/class_4951
CLASS	net/minecraft/world/level/block/WeightedPressurePlateBlock	net/minecraft/class_2557
CLASS	net/minecraft/world/level/block/WetSpongeBlock	net/minecraft/class_2565
CLASS	net/minecraft/world/level/block/WitherRoseBlock	net/minecraft/class_2563
CLASS	net/minecraft/world/level/block/WitherSkullBlock	net/minecraft/class_2570
CLASS	net/minecraft/world/level/block/WitherWallSkullBlock	net/minecraft/class_2567
CLASS	net/minecraft/world/level/block/WoolCarpetBlock	net/minecraft/class_5815
CLASS	net/minecraft/world/level/block/entity/AbstractFurnaceBlockEntity	net/minecraft/class_2609
CLASS	net/minecraft/world/level/block/entity/AbstractFurnaceBlockEntity$1	net/minecraft/class_2609$1
CLASS	net/minecraft/world/level/block/entity/BannerBlockEntity	net/minecraft/class_2573
CLASS	net/minecraft/world/level/block/entity/BannerPattern	net/minecraft/class_2582
CLASS	net/minecraft/world/level/block/entity/BannerPatternLayers	net/minecraft/class_9307
CLASS	net/minecraft/world/level/block/entity/BannerPatternLayers$Builder	net/minecraft/class_9307$class_3750
CLASS	net/minecraft/world/level/block/entity/BannerPatternLayers$Layer	net/minecraft/class_9307$class_9308
CLASS	net/minecraft/world/level/block/entity/BannerPatterns	net/minecraft/class_7446
CLASS	net/minecraft/world/level/block/entity/BarrelBlockEntity	net/minecraft/class_3719
CLASS	net/minecraft/world/level/block/entity/BarrelBlockEntity$1	net/minecraft/class_3719$1
CLASS	net/minecraft/world/level/block/entity/BaseContainerBlockEntity	net/minecraft/class_2624
CLASS	net/minecraft/world/level/block/entity/BeaconBeamOwner	net/minecraft/class_10633
CLASS	net/minecraft/world/level/block/entity/BeaconBeamOwner$Section	net/minecraft/class_10633$class_2581
CLASS	net/minecraft/world/level/block/entity/BeaconBlockEntity	net/minecraft/class_2580
CLASS	net/minecraft/world/level/block/entity/BeaconBlockEntity$1	net/minecraft/class_2580$1
CLASS	net/minecraft/world/level/block/entity/BedBlockEntity	net/minecraft/class_2587
CLASS	net/minecraft/world/level/block/entity/BeehiveBlockEntity	net/minecraft/class_4482
CLASS	net/minecraft/world/level/block/entity/BeehiveBlockEntity$BeeData	net/minecraft/class_4482$class_4483
CLASS	net/minecraft/world/level/block/entity/BeehiveBlockEntity$BeeReleaseStatus	net/minecraft/class_4482$class_4484
CLASS	net/minecraft/world/level/block/entity/BeehiveBlockEntity$Occupant	net/minecraft/class_4482$class_9309
CLASS	net/minecraft/world/level/block/entity/BellBlockEntity	net/minecraft/class_3721
CLASS	net/minecraft/world/level/block/entity/BellBlockEntity$ResonationEndAction	net/minecraft/class_3721$class_5557
CLASS	net/minecraft/world/level/block/entity/BlastFurnaceBlockEntity	net/minecraft/class_3720
CLASS	net/minecraft/world/level/block/entity/BlockEntity	net/minecraft/class_2586
CLASS	net/minecraft/world/level/block/entity/BlockEntity$1	net/minecraft/class_2586$1
CLASS	net/minecraft/world/level/block/entity/BlockEntity$BlockEntityPathElement	net/minecraft/class_2586$class_11348
CLASS	net/minecraft/world/level/block/entity/BlockEntityTicker	net/minecraft/class_5558
CLASS	net/minecraft/world/level/block/entity/BlockEntityType	net/minecraft/class_2591
CLASS	net/minecraft/world/level/block/entity/BlockEntityType$BlockEntitySupplier	net/minecraft/class_2591$class_5559
CLASS	net/minecraft/world/level/block/entity/BoundingBoxRenderable	net/minecraft/class_10634
CLASS	net/minecraft/world/level/block/entity/BoundingBoxRenderable$Mode	net/minecraft/class_10634$class_10635
CLASS	net/minecraft/world/level/block/entity/BoundingBoxRenderable$RenderableBox	net/minecraft/class_10634$class_10636
CLASS	net/minecraft/world/level/block/entity/BrewingStandBlockEntity	net/minecraft/class_2589
CLASS	net/minecraft/world/level/block/entity/BrewingStandBlockEntity$1	net/minecraft/class_2589$1
CLASS	net/minecraft/world/level/block/entity/BrushableBlockEntity	net/minecraft/class_8174
CLASS	net/minecraft/world/level/block/entity/CalibratedSculkSensorBlockEntity	net/minecraft/class_8239
CLASS	net/minecraft/world/level/block/entity/CalibratedSculkSensorBlockEntity$VibrationUser	net/minecraft/class_8239$class_8240
CLASS	net/minecraft/world/level/block/entity/CampfireBlockEntity	net/minecraft/class_3924
CLASS	net/minecraft/world/level/block/entity/ChestBlockEntity	net/minecraft/class_2595
CLASS	net/minecraft/world/level/block/entity/ChestBlockEntity$1	net/minecraft/class_2595$1
CLASS	net/minecraft/world/level/block/entity/ChestLidController	net/minecraft/class_5560
CLASS	net/minecraft/world/level/block/entity/ChiseledBookShelfBlockEntity	net/minecraft/class_7716
CLASS	net/minecraft/world/level/block/entity/CommandBlockEntity	net/minecraft/class_2593
CLASS	net/minecraft/world/level/block/entity/CommandBlockEntity$1	net/minecraft/class_2593$1
CLASS	net/minecraft/world/level/block/entity/CommandBlockEntity$Mode	net/minecraft/class_2593$class_2594
CLASS	net/minecraft/world/level/block/entity/ComparatorBlockEntity	net/minecraft/class_2599
CLASS	net/minecraft/world/level/block/entity/ConduitBlockEntity	net/minecraft/class_2597
CLASS	net/minecraft/world/level/block/entity/ContainerOpenersCounter	net/minecraft/class_5561
CLASS	net/minecraft/world/level/block/entity/CopperGolemStatueBlockEntity	net/minecraft/class_11595
CLASS	net/minecraft/world/level/block/entity/CrafterBlockEntity	net/minecraft/class_8887
CLASS	net/minecraft/world/level/block/entity/CrafterBlockEntity$1	net/minecraft/class_8887$1
CLASS	net/minecraft/world/level/block/entity/CreakingHeartBlockEntity	net/minecraft/class_10323
CLASS	net/minecraft/world/level/block/entity/DaylightDetectorBlockEntity	net/minecraft/class_2603
CLASS	net/minecraft/world/level/block/entity/DecoratedPotBlockEntity	net/minecraft/class_8172
CLASS	net/minecraft/world/level/block/entity/DecoratedPotBlockEntity$WobbleStyle	net/minecraft/class_8172$class_8837
CLASS	net/minecraft/world/level/block/entity/DecoratedPotPattern	net/minecraft/class_9766
CLASS	net/minecraft/world/level/block/entity/DecoratedPotPatterns	net/minecraft/class_8173
CLASS	net/minecraft/world/level/block/entity/DispenserBlockEntity	net/minecraft/class_2601
CLASS	net/minecraft/world/level/block/entity/DropperBlockEntity	net/minecraft/class_2608
CLASS	net/minecraft/world/level/block/entity/EnchantingTableBlockEntity	net/minecraft/class_2605
CLASS	net/minecraft/world/level/block/entity/EnderChestBlockEntity	net/minecraft/class_2611
CLASS	net/minecraft/world/level/block/entity/EnderChestBlockEntity$1	net/minecraft/class_2611$1
CLASS	net/minecraft/world/level/block/entity/FuelValues	net/minecraft/class_9895
CLASS	net/minecraft/world/level/block/entity/FuelValues$Builder	net/minecraft/class_9895$class_9896
CLASS	net/minecraft/world/level/block/entity/FurnaceBlockEntity	net/minecraft/class_3866
CLASS	net/minecraft/world/level/block/entity/HangingSignBlockEntity	net/minecraft/class_7717
CLASS	net/minecraft/world/level/block/entity/Hopper	net/minecraft/class_2615
CLASS	net/minecraft/world/level/block/entity/HopperBlockEntity	net/minecraft/class_2614
CLASS	net/minecraft/world/level/block/entity/JigsawBlockEntity	net/minecraft/class_3751
CLASS	net/minecraft/world/level/block/entity/JigsawBlockEntity$JointType	net/minecraft/class_3751$class_4991
CLASS	net/minecraft/world/level/block/entity/JukeboxBlockEntity	net/minecraft/class_2619
CLASS	net/minecraft/world/level/block/entity/LecternBlockEntity	net/minecraft/class_3722
CLASS	net/minecraft/world/level/block/entity/LecternBlockEntity$1	net/minecraft/class_3722$1
CLASS	net/minecraft/world/level/block/entity/LecternBlockEntity$2	net/minecraft/class_3722$2
CLASS	net/minecraft/world/level/block/entity/LidBlockEntity	net/minecraft/class_2618
CLASS	net/minecraft/world/level/block/entity/ListBackedContainer	net/minecraft/class_11596
CLASS	net/minecraft/world/level/block/entity/PotDecorations	net/minecraft/class_8526
CLASS	net/minecraft/world/level/block/entity/RandomizableContainerBlockEntity	net/minecraft/class_2621
CLASS	net/minecraft/world/level/block/entity/SculkCatalystBlockEntity	net/minecraft/class_7132
CLASS	net/minecraft/world/level/block/entity/SculkCatalystBlockEntity$CatalystListener	net/minecraft/class_7132$class_8510
CLASS	net/minecraft/world/level/block/entity/SculkSensorBlockEntity	net/minecraft/class_5704
CLASS	net/minecraft/world/level/block/entity/SculkSensorBlockEntity$VibrationUser	net/minecraft/class_5704$class_8241
CLASS	net/minecraft/world/level/block/entity/SculkShriekerBlockEntity	net/minecraft/class_7133
CLASS	net/minecraft/world/level/block/entity/SculkShriekerBlockEntity$VibrationUser	net/minecraft/class_7133$class_8511
CLASS	net/minecraft/world/level/block/entity/ShelfBlockEntity	net/minecraft/class_11597
CLASS	net/minecraft/world/level/block/entity/ShulkerBoxBlockEntity	net/minecraft/class_2627
CLASS	net/minecraft/world/level/block/entity/ShulkerBoxBlockEntity$AnimationStatus	net/minecraft/class_2627$class_2628
CLASS	net/minecraft/world/level/block/entity/SignBlockEntity	net/minecraft/class_2625
CLASS	net/minecraft/world/level/block/entity/SignText	net/minecraft/class_8242
CLASS	net/minecraft/world/level/block/entity/SkullBlockEntity	net/minecraft/class_2631
CLASS	net/minecraft/world/level/block/entity/SmokerBlockEntity	net/minecraft/class_3723
CLASS	net/minecraft/world/level/block/entity/SpawnerBlockEntity	net/minecraft/class_2636
CLASS	net/minecraft/world/level/block/entity/SpawnerBlockEntity$1	net/minecraft/class_2636$1
CLASS	net/minecraft/world/level/block/entity/StructureBlockEntity	net/minecraft/class_2633
CLASS	net/minecraft/world/level/block/entity/StructureBlockEntity$1	net/minecraft/class_2633$1
CLASS	net/minecraft/world/level/block/entity/StructureBlockEntity$UpdateType	net/minecraft/class_2633$class_2634
CLASS	net/minecraft/world/level/block/entity/TestBlockEntity	net/minecraft/class_10637
CLASS	net/minecraft/world/level/block/entity/TestInstanceBlockEntity	net/minecraft/class_10638
CLASS	net/minecraft/world/level/block/entity/TestInstanceBlockEntity$1	net/minecraft/class_10638$1
CLASS	net/minecraft/world/level/block/entity/TestInstanceBlockEntity$Data	net/minecraft/class_10638$class_10639
CLASS	net/minecraft/world/level/block/entity/TestInstanceBlockEntity$ErrorMarker	net/minecraft/class_10638$class_12034
CLASS	net/minecraft/world/level/block/entity/TestInstanceBlockEntity$Status	net/minecraft/class_10638$class_10640
CLASS	net/minecraft/world/level/block/entity/TheEndGatewayBlockEntity	net/minecraft/class_2643
CLASS	net/minecraft/world/level/block/entity/TheEndPortalBlockEntity	net/minecraft/class_2640
CLASS	net/minecraft/world/level/block/entity/TickingBlockEntity	net/minecraft/class_5562
CLASS	net/minecraft/world/level/block/entity/TrappedChestBlockEntity	net/minecraft/class_2646
CLASS	net/minecraft/world/level/block/entity/TrialSpawnerBlockEntity	net/minecraft/class_8961
CLASS	net/minecraft/world/level/block/entity/package-info	net/minecraft/class_6090
CLASS	net/minecraft/world/level/block/entity/trialspawner/PlayerDetector	net/minecraft/class_8962
CLASS	net/minecraft/world/level/block/entity/trialspawner/PlayerDetector$EntitySelector	net/minecraft/class_8962$class_9198
CLASS	net/minecraft/world/level/block/entity/trialspawner/PlayerDetector$EntitySelector$1	net/minecraft/class_8962$class_9198$1
CLASS	net/minecraft/world/level/block/entity/trialspawner/PlayerDetector$EntitySelector$2	net/minecraft/class_8962$class_9198$2
CLASS	net/minecraft/world/level/block/entity/trialspawner/TrialSpawner	net/minecraft/class_8963
CLASS	net/minecraft/world/level/block/entity/trialspawner/TrialSpawner$FlameParticle	net/minecraft/class_8963$class_9474
CLASS	net/minecraft/world/level/block/entity/trialspawner/TrialSpawner$FullConfig	net/minecraft/class_8963$class_11349
CLASS	net/minecraft/world/level/block/entity/trialspawner/TrialSpawner$StateAccessor	net/minecraft/class_8963$class_8964
CLASS	net/minecraft/world/level/block/entity/trialspawner/TrialSpawnerConfig	net/minecraft/class_8965
CLASS	net/minecraft/world/level/block/entity/trialspawner/TrialSpawnerConfig$Builder	net/minecraft/class_8965$class_10165
CLASS	net/minecraft/world/level/block/entity/trialspawner/TrialSpawnerConfigs	net/minecraft/class_10166
CLASS	net/minecraft/world/level/block/entity/trialspawner/TrialSpawnerConfigs$Keys	net/minecraft/class_10166$class_10167
CLASS	net/minecraft/world/level/block/entity/trialspawner/TrialSpawnerState	net/minecraft/class_8967
CLASS	net/minecraft/world/level/block/entity/trialspawner/TrialSpawnerState$LightLevel	net/minecraft/class_8967$class_8968
CLASS	net/minecraft/world/level/block/entity/trialspawner/TrialSpawnerState$ParticleEmission	net/minecraft/class_8967$class_8969
CLASS	net/minecraft/world/level/block/entity/trialspawner/TrialSpawnerState$SpinningMob	net/minecraft/class_8967$class_8970
CLASS	net/minecraft/world/level/block/entity/trialspawner/TrialSpawnerStateData	net/minecraft/class_8966
CLASS	net/minecraft/world/level/block/entity/trialspawner/TrialSpawnerStateData$Packed	net/minecraft/class_8966$class_11350
CLASS	net/minecraft/world/level/block/entity/trialspawner/package-info	net/minecraft/class_8971
CLASS	net/minecraft/world/level/block/entity/vault/VaultBlockEntity	net/minecraft/class_9199
CLASS	net/minecraft/world/level/block/entity/vault/VaultBlockEntity$Client	net/minecraft/class_9199$class_9200
CLASS	net/minecraft/world/level/block/entity/vault/VaultBlockEntity$Server	net/minecraft/class_9199$class_9201
CLASS	net/minecraft/world/level/block/entity/vault/VaultClientData	net/minecraft/class_9202
CLASS	net/minecraft/world/level/block/entity/vault/VaultConfig	net/minecraft/class_9203
CLASS	net/minecraft/world/level/block/entity/vault/VaultServerData	net/minecraft/class_9204
CLASS	net/minecraft/world/level/block/entity/vault/VaultSharedData	net/minecraft/class_9205
CLASS	net/minecraft/world/level/block/entity/vault/VaultState	net/minecraft/class_9206
CLASS	net/minecraft/world/level/block/entity/vault/VaultState$1	net/minecraft/class_9206$1
CLASS	net/minecraft/world/level/block/entity/vault/VaultState$2	net/minecraft/class_9206$2
CLASS	net/minecraft/world/level/block/entity/vault/VaultState$3	net/minecraft/class_9206$3
CLASS	net/minecraft/world/level/block/entity/vault/VaultState$4	net/minecraft/class_9206$4
CLASS	net/minecraft/world/level/block/entity/vault/VaultState$LightLevel	net/minecraft/class_9206$class_9207
CLASS	net/minecraft/world/level/block/entity/vault/package-info	net/minecraft/class_9208
CLASS	net/minecraft/world/level/block/grower/TreeGrower	net/minecraft/class_8813
CLASS	net/minecraft/world/level/block/grower/package-info	net/minecraft/class_6091
CLASS	net/minecraft/world/level/block/package-info	net/minecraft/class_6092
CLASS	net/minecraft/world/level/block/piston/MovingPistonBlock	net/minecraft/class_2667
CLASS	net/minecraft/world/level/block/piston/PistonBaseBlock	net/minecraft/class_2665
CLASS	net/minecraft/world/level/block/piston/PistonBaseBlock$1	net/minecraft/class_2665$1
CLASS	net/minecraft/world/level/block/piston/PistonHeadBlock	net/minecraft/class_2671
CLASS	net/minecraft/world/level/block/piston/PistonMath	net/minecraft/class_4623
CLASS	net/minecraft/world/level/block/piston/PistonMath$1	net/minecraft/class_4623$1
CLASS	net/minecraft/world/level/block/piston/PistonMovingBlockEntity	net/minecraft/class_2669
CLASS	net/minecraft/world/level/block/piston/PistonMovingBlockEntity$1	net/minecraft/class_2669$1
CLASS	net/minecraft/world/level/block/piston/PistonStructureResolver	net/minecraft/class_2674
CLASS	net/minecraft/world/level/block/piston/package-info	net/minecraft/class_6093
CLASS	net/minecraft/world/level/block/sounds/AmbientDesertBlockSoundsPlayer	net/minecraft/class_10739
CLASS	net/minecraft/world/level/block/sounds/package-info	net/minecraft/class_11727
CLASS	net/minecraft/world/level/block/state/BlockBehaviour	net/minecraft/class_4970
CLASS	net/minecraft/world/level/block/state/BlockBehaviour$1	net/minecraft/class_4970$1
CLASS	net/minecraft/world/level/block/state/BlockBehaviour$BlockStateBase	net/minecraft/class_4970$class_4971
CLASS	net/minecraft/world/level/block/state/BlockBehaviour$BlockStateBase$Cache	net/minecraft/class_4970$class_4971$class_3752
CLASS	net/minecraft/world/level/block/state/BlockBehaviour$OffsetFunction	net/minecraft/class_4970$class_8176
CLASS	net/minecraft/world/level/block/state/BlockBehaviour$OffsetType	net/minecraft/class_4970$class_2250
CLASS	net/minecraft/world/level/block/state/BlockBehaviour$Properties	net/minecraft/class_4970$class_2251
CLASS	net/minecraft/world/level/block/state/BlockBehaviour$StateArgumentPredicate	net/minecraft/class_4970$class_4972
CLASS	net/minecraft/world/level/block/state/BlockBehaviour$StatePredicate	net/minecraft/class_4970$class_4973
CLASS	net/minecraft/world/level/block/state/BlockState	net/minecraft/class_2680
CLASS	net/minecraft/world/level/block/state/StateDefinition	net/minecraft/class_2689
CLASS	net/minecraft/world/level/block/state/StateDefinition$Builder	net/minecraft/class_2689$class_2690
CLASS	net/minecraft/world/level/block/state/StateDefinition$Factory	net/minecraft/class_2689$class_2691
CLASS	net/minecraft/world/level/block/state/StateHolder	net/minecraft/class_2688
CLASS	net/minecraft/world/level/block/state/StateHolder$1	net/minecraft/class_2688$1
CLASS	net/minecraft/world/level/block/state/package-info	net/minecraft/class_6094
CLASS	net/minecraft/world/level/block/state/pattern/BlockInWorld	net/minecraft/class_2694
CLASS	net/minecraft/world/level/block/state/pattern/BlockPattern	net/minecraft/class_2700
CLASS	net/minecraft/world/level/block/state/pattern/BlockPattern$BlockCacheLoader	net/minecraft/class_2700$class_2701
CLASS	net/minecraft/world/level/block/state/pattern/BlockPattern$BlockPatternMatch	net/minecraft/class_2700$class_2702
CLASS	net/minecraft/world/level/block/state/pattern/BlockPatternBuilder	net/minecraft/class_2697
CLASS	net/minecraft/world/level/block/state/pattern/package-info	net/minecraft/class_6095
CLASS	net/minecraft/world/level/block/state/predicate/BlockPredicate	net/minecraft/class_2717
CLASS	net/minecraft/world/level/block/state/predicate/BlockStatePredicate	net/minecraft/class_2715
CLASS	net/minecraft/world/level/block/state/predicate/package-info	net/minecraft/class_6096
CLASS	net/minecraft/world/level/block/state/properties/AttachFace	net/minecraft/class_2738
CLASS	net/minecraft/world/level/block/state/properties/BambooLeaves	net/minecraft/class_2737
CLASS	net/minecraft/world/level/block/state/properties/BedPart	net/minecraft/class_2742
CLASS	net/minecraft/world/level/block/state/properties/BellAttachType	net/minecraft/class_3867
CLASS	net/minecraft/world/level/block/state/properties/BlockSetType	net/minecraft/class_8177
CLASS	net/minecraft/world/level/block/state/properties/BlockSetType$PressurePlateSensitivity	net/minecraft/class_8177$class_2441
CLASS	net/minecraft/world/level/block/state/properties/BlockStateProperties	net/minecraft/class_2741
CLASS	net/minecraft/world/level/block/state/properties/BooleanProperty	net/minecraft/class_2746
CLASS	net/minecraft/world/level/block/state/properties/ChestType	net/minecraft/class_2745
CLASS	net/minecraft/world/level/block/state/properties/ComparatorMode	net/minecraft/class_2747
CLASS	net/minecraft/world/level/block/state/properties/CreakingHeartState	net/minecraft/class_10597
CLASS	net/minecraft/world/level/block/state/properties/DoorHingeSide	net/minecraft/class_2750
CLASS	net/minecraft/world/level/block/state/properties/DoubleBlockHalf	net/minecraft/class_2756
CLASS	net/minecraft/world/level/block/state/properties/DripstoneThickness	net/minecraft/class_5691
CLASS	net/minecraft/world/level/block/state/properties/EnumProperty	net/minecraft/class_2754
CLASS	net/minecraft/world/level/block/state/properties/Half	net/minecraft/class_2760
CLASS	net/minecraft/world/level/block/state/properties/IntegerProperty	net/minecraft/class_2758
CLASS	net/minecraft/world/level/block/state/properties/NoteBlockInstrument	net/minecraft/class_2766
CLASS	net/minecraft/world/level/block/state/properties/NoteBlockInstrument$Type	net/minecraft/class_2766$class_7994
CLASS	net/minecraft/world/level/block/state/properties/PistonType	net/minecraft/class_2764
CLASS	net/minecraft/world/level/block/state/properties/Property	net/minecraft/class_2769
CLASS	net/minecraft/world/level/block/state/properties/Property$Value	net/minecraft/class_2769$class_4933
CLASS	net/minecraft/world/level/block/state/properties/RailShape	net/minecraft/class_2768
CLASS	net/minecraft/world/level/block/state/properties/RedstoneSide	net/minecraft/class_2773
CLASS	net/minecraft/world/level/block/state/properties/RotationSegment	net/minecraft/class_7718
CLASS	net/minecraft/world/level/block/state/properties/SculkSensorPhase	net/minecraft/class_5705
CLASS	net/minecraft/world/level/block/state/properties/SideChainPart	net/minecraft/class_11598
CLASS	net/minecraft/world/level/block/state/properties/SlabType	net/minecraft/class_2771
CLASS	net/minecraft/world/level/block/state/properties/StairsShape	net/minecraft/class_2778
CLASS	net/minecraft/world/level/block/state/properties/StructureMode	net/minecraft/class_2776
CLASS	net/minecraft/world/level/block/state/properties/TestBlockMode	net/minecraft/class_10641
CLASS	net/minecraft/world/level/block/state/properties/Tilt	net/minecraft/class_5816
CLASS	net/minecraft/world/level/block/state/properties/WallSide	net/minecraft/class_4778
CLASS	net/minecraft/world/level/block/state/properties/WoodType	net/minecraft/class_4719
CLASS	net/minecraft/world/level/block/state/properties/package-info	net/minecraft/class_6097
CLASS	net/minecraft/world/level/border/BorderChangeListener	net/minecraft/class_2780
CLASS	net/minecraft/world/level/border/BorderStatus	net/minecraft/class_2789
CLASS	net/minecraft/world/level/border/WorldBorder	net/minecraft/class_2784
CLASS	net/minecraft/world/level/border/WorldBorder$BorderExtent	net/minecraft/class_2784$class_2785
CLASS	net/minecraft/world/level/border/WorldBorder$MovingBorderExtent	net/minecraft/class_2784$class_2786
CLASS	net/minecraft/world/level/border/WorldBorder$Settings	net/minecraft/class_2784$class_5200
CLASS	net/minecraft/world/level/border/WorldBorder$StaticBorderExtent	net/minecraft/class_2784$class_2787
CLASS	net/minecraft/world/level/border/package-info	net/minecraft/class_6098
CLASS	net/minecraft/world/level/chunk/BlockColumn	net/minecraft/class_6557
CLASS	net/minecraft/world/level/chunk/BulkSectionAccess	net/minecraft/class_5867
CLASS	net/minecraft/world/level/chunk/CarvingMask	net/minecraft/class_6643
CLASS	net/minecraft/world/level/chunk/CarvingMask$Mask	net/minecraft/class_6643$class_6828
CLASS	net/minecraft/world/level/chunk/ChunkAccess	net/minecraft/class_2791
CLASS	net/minecraft/world/level/chunk/ChunkAccess$ChunkPathElement	net/minecraft/class_2791$class_11351
CLASS	net/minecraft/world/level/chunk/ChunkAccess$PackedTicks	net/minecraft/class_2791$class_6745
CLASS	net/minecraft/world/level/chunk/ChunkGenerator	net/minecraft/class_2794
CLASS	net/minecraft/world/level/chunk/ChunkGeneratorStructureState	net/minecraft/class_7869
CLASS	net/minecraft/world/level/chunk/ChunkGenerators	net/minecraft/class_7511
CLASS	net/minecraft/world/level/chunk/ChunkSource	net/minecraft/class_2802
CLASS	net/minecraft/world/level/chunk/Configuration	net/minecraft/class_11895
CLASS	net/minecraft/world/level/chunk/Configuration$Global	net/minecraft/class_11895$class_11896
CLASS	net/minecraft/world/level/chunk/Configuration$Simple	net/minecraft/class_11895$class_6560
CLASS	net/minecraft/world/level/chunk/DataLayer	net/minecraft/class_2804
CLASS	net/minecraft/world/level/chunk/EmptyLevelChunk	net/minecraft/class_2812
CLASS	net/minecraft/world/level/chunk/GlobalPalette	net/minecraft/class_2816
CLASS	net/minecraft/world/level/chunk/HashMapPalette	net/minecraft/class_2814
CLASS	net/minecraft/world/level/chunk/ImposterProtoChunk	net/minecraft/class_2821
CLASS	net/minecraft/world/level/chunk/LevelChunk	net/minecraft/class_2818
CLASS	net/minecraft/world/level/chunk/LevelChunk$1	net/minecraft/class_2818$1
CLASS	net/minecraft/world/level/chunk/LevelChunk$BoundTickingBlockEntity	net/minecraft/class_2818$class_5563
CLASS	net/minecraft/world/level/chunk/LevelChunk$EntityCreationType	net/minecraft/class_2818$class_2819
CLASS	net/minecraft/world/level/chunk/LevelChunk$PostLoadProcessor	net/minecraft/class_2818$class_6829
CLASS	net/minecraft/world/level/chunk/LevelChunk$RebindableTickingBlockEntityWrapper	net/minecraft/class_2818$class_5564
CLASS	net/minecraft/world/level/chunk/LevelChunk$UnsavedListener	net/minecraft/class_2818$class_10368
CLASS	net/minecraft/world/level/chunk/LevelChunkSection	net/minecraft/class_2826
CLASS	net/minecraft/world/level/chunk/LevelChunkSection$1BlockCounter	net/minecraft/class_2826$class_6869
CLASS	net/minecraft/world/level/chunk/LightChunk	net/minecraft/class_8527
CLASS	net/minecraft/world/level/chunk/LightChunkGetter	net/minecraft/class_2823
CLASS	net/minecraft/world/level/chunk/LinearPalette	net/minecraft/class_2834
CLASS	net/minecraft/world/level/chunk/MissingPaletteEntryException	net/minecraft/class_6558
CLASS	net/minecraft/world/level/chunk/Palette	net/minecraft/class_2837
CLASS	net/minecraft/world/level/chunk/Palette$Factory	net/minecraft/class_2837$class_6559
CLASS	net/minecraft/world/level/chunk/PaletteResize	net/minecraft/class_2835
CLASS	net/minecraft/world/level/chunk/PalettedContainer	net/minecraft/class_2841
CLASS	net/minecraft/world/level/chunk/PalettedContainer$CountConsumer	net/minecraft/class_2841$class_4464
CLASS	net/minecraft/world/level/chunk/PalettedContainer$Data	net/minecraft/class_2841$class_6561
CLASS	net/minecraft/world/level/chunk/PalettedContainerFactory	net/minecraft/class_11897
CLASS	net/minecraft/world/level/chunk/PalettedContainerRO	net/minecraft/class_7522
CLASS	net/minecraft/world/level/chunk/PalettedContainerRO$PackedData	net/minecraft/class_7522$class_6562
CLASS	net/minecraft/world/level/chunk/PalettedContainerRO$Unpacker	net/minecraft/class_7522$class_7523
CLASS	net/minecraft/world/level/chunk/ProtoChunk	net/minecraft/class_2839
CLASS	net/minecraft/world/level/chunk/SingleValuePalette	net/minecraft/class_6564
CLASS	net/minecraft/world/level/chunk/Strategy	net/minecraft/class_6563
CLASS	net/minecraft/world/level/chunk/Strategy$1	net/minecraft/class_6563$1
CLASS	net/minecraft/world/level/chunk/Strategy$2	net/minecraft/class_6563$2
CLASS	net/minecraft/world/level/chunk/StructureAccess	net/minecraft/class_2810
CLASS	net/minecraft/world/level/chunk/UpgradeData	net/minecraft/class_2843
CLASS	net/minecraft/world/level/chunk/UpgradeData$BlockFixer	net/minecraft/class_2843$class_2844
CLASS	net/minecraft/world/level/chunk/UpgradeData$BlockFixers	net/minecraft/class_2843$class_2845
CLASS	net/minecraft/world/level/chunk/UpgradeData$BlockFixers$1	net/minecraft/class_2843$class_2845$1
CLASS	net/minecraft/world/level/chunk/UpgradeData$BlockFixers$2	net/minecraft/class_2843$class_2845$2
CLASS	net/minecraft/world/level/chunk/UpgradeData$BlockFixers$3	net/minecraft/class_2843$class_2845$3
CLASS	net/minecraft/world/level/chunk/UpgradeData$BlockFixers$4	net/minecraft/class_2843$class_2845$4
CLASS	net/minecraft/world/level/chunk/UpgradeData$BlockFixers$5	net/minecraft/class_2843$class_2845$5
CLASS	net/minecraft/world/level/chunk/package-info	net/minecraft/class_6099
CLASS	net/minecraft/world/level/chunk/status/ChunkDependencies	net/minecraft/class_9767
CLASS	net/minecraft/world/level/chunk/status/ChunkPyramid	net/minecraft/class_9768
CLASS	net/minecraft/world/level/chunk/status/ChunkPyramid$Builder	net/minecraft/class_9768$class_9769
CLASS	net/minecraft/world/level/chunk/status/ChunkStatus	net/minecraft/class_2806
CLASS	net/minecraft/world/level/chunk/status/ChunkStatusTask	net/minecraft/class_2807
CLASS	net/minecraft/world/level/chunk/status/ChunkStatusTasks	net/minecraft/class_9310
CLASS	net/minecraft/world/level/chunk/status/ChunkStep	net/minecraft/class_9770
CLASS	net/minecraft/world/level/chunk/status/ChunkStep$Builder	net/minecraft/class_9770$class_9771
CLASS	net/minecraft/world/level/chunk/status/ChunkType	net/minecraft/class_2808
CLASS	net/minecraft/world/level/chunk/status/WorldGenContext	net/minecraft/class_9312
CLASS	net/minecraft/world/level/chunk/status/package-info	net/minecraft/class_9313
CLASS	net/minecraft/world/level/chunk/storage/ChunkIOErrorReporter	net/minecraft/class_9820
CLASS	net/minecraft/world/level/chunk/storage/ChunkScanAccess	net/minecraft/class_6830
CLASS	net/minecraft/world/level/chunk/storage/EntityStorage	net/minecraft/class_5565
CLASS	net/minecraft/world/level/chunk/storage/IOWorker	net/minecraft/class_4698
CLASS	net/minecraft/world/level/chunk/storage/IOWorker$PendingStore	net/minecraft/class_4698$class_4699
CLASS	net/minecraft/world/level/chunk/storage/IOWorker$Priority	net/minecraft/class_4698$class_5276
CLASS	net/minecraft/world/level/chunk/storage/IOWorker$ThrowingSupplier	net/minecraft/class_4698$class_10195
CLASS	net/minecraft/world/level/chunk/storage/LegacyTagFixer	net/minecraft/class_12242
CLASS	net/minecraft/world/level/chunk/storage/RecreatingSimpleRegionStorage	net/minecraft/class_9171
CLASS	net/minecraft/world/level/chunk/storage/RegionBitmap	net/minecraft/class_4485
CLASS	net/minecraft/world/level/chunk/storage/RegionFile	net/minecraft/class_2861
CLASS	net/minecraft/world/level/chunk/storage/RegionFile$ChunkBuffer	net/minecraft/class_2861$class_2862
CLASS	net/minecraft/world/level/chunk/storage/RegionFile$CommitOp	net/minecraft/class_2861$class_4549
CLASS	net/minecraft/world/level/chunk/storage/RegionFileStorage	net/minecraft/class_2867
CLASS	net/minecraft/world/level/chunk/storage/RegionFileVersion	net/minecraft/class_4486
CLASS	net/minecraft/world/level/chunk/storage/RegionFileVersion$StreamWrapper	net/minecraft/class_4486$class_4487
CLASS	net/minecraft/world/level/chunk/storage/RegionStorageInfo	net/minecraft/class_9240
CLASS	net/minecraft/world/level/chunk/storage/SectionStorage	net/minecraft/class_4180
CLASS	net/minecraft/world/level/chunk/storage/SectionStorage$PackedChunk	net/minecraft/class_4180$class_9897
CLASS	net/minecraft/world/level/chunk/storage/SerializableChunkData	net/minecraft/class_2852
CLASS	net/minecraft/world/level/chunk/storage/SerializableChunkData$ChunkReadException	net/minecraft/class_2852$class_9314
CLASS	net/minecraft/world/level/chunk/storage/SerializableChunkData$SectionData	net/minecraft/class_2852$class_9898
CLASS	net/minecraft/world/level/chunk/storage/SimpleRegionStorage	net/minecraft/class_3977
CLASS	net/minecraft/world/level/chunk/storage/package-info	net/minecraft/class_6100
CLASS	net/minecraft/world/level/dimension/BuiltinDimensionTypes	net/minecraft/class_7134
CLASS	net/minecraft/world/level/dimension/DimensionDefaults	net/minecraft/class_6101
CLASS	net/minecraft/world/level/dimension/DimensionType	net/minecraft/class_2874
CLASS	net/minecraft/world/level/dimension/DimensionType$CardinalLightType	net/minecraft/class_2874$class_12325
CLASS	net/minecraft/world/level/dimension/DimensionType$MonsterSettings	net/minecraft/class_2874$class_7512
CLASS	net/minecraft/world/level/dimension/DimensionType$Skybox	net/minecraft/class_2874$class_12326
CLASS	net/minecraft/world/level/dimension/LevelStem	net/minecraft/class_5363
CLASS	net/minecraft/world/level/dimension/end/DragonRespawnAnimation	net/minecraft/class_2876
CLASS	net/minecraft/world/level/dimension/end/DragonRespawnAnimation$1	net/minecraft/class_2876$1
CLASS	net/minecraft/world/level/dimension/end/DragonRespawnAnimation$2	net/minecraft/class_2876$2
CLASS	net/minecraft/world/level/dimension/end/DragonRespawnAnimation$3	net/minecraft/class_2876$3
CLASS	net/minecraft/world/level/dimension/end/DragonRespawnAnimation$4	net/minecraft/class_2876$4
CLASS	net/minecraft/world/level/dimension/end/DragonRespawnAnimation$5	net/minecraft/class_2876$5
CLASS	net/minecraft/world/level/dimension/end/EndDragonFight	net/minecraft/class_2881
CLASS	net/minecraft/world/level/dimension/end/EndDragonFight$Data	net/minecraft/class_2881$class_8576
CLASS	net/minecraft/world/level/dimension/end/package-info	net/minecraft/class_6102
CLASS	net/minecraft/world/level/dimension/package-info	net/minecraft/class_6103
CLASS	net/minecraft/world/level/entity/ChunkEntities	net/minecraft/class_5566
CLASS	net/minecraft/world/level/entity/ChunkStatusUpdateListener	net/minecraft/class_5567
CLASS	net/minecraft/world/level/entity/EntityAccess	net/minecraft/class_5568
CLASS	net/minecraft/world/level/entity/EntityInLevelCallback	net/minecraft/class_5569
CLASS	net/minecraft/world/level/entity/EntityInLevelCallback$1	net/minecraft/class_5569$1
CLASS	net/minecraft/world/level/entity/EntityLookup	net/minecraft/class_5570
CLASS	net/minecraft/world/level/entity/EntityPersistentStorage	net/minecraft/class_5571
CLASS	net/minecraft/world/level/entity/EntitySection	net/minecraft/class_5572
CLASS	net/minecraft/world/level/entity/EntitySectionStorage	net/minecraft/class_5573
CLASS	net/minecraft/world/level/entity/EntityTickList	net/minecraft/class_5574
CLASS	net/minecraft/world/level/entity/EntityTypeTest	net/minecraft/class_5575
CLASS	net/minecraft/world/level/entity/EntityTypeTest$1	net/minecraft/class_5575$1
CLASS	net/minecraft/world/level/entity/EntityTypeTest$2	net/minecraft/class_5575$2
CLASS	net/minecraft/world/level/entity/LevelCallback	net/minecraft/class_5576
CLASS	net/minecraft/world/level/entity/LevelEntityGetter	net/minecraft/class_5577
CLASS	net/minecraft/world/level/entity/LevelEntityGetterAdapter	net/minecraft/class_5578
CLASS	net/minecraft/world/level/entity/PersistentEntitySectionManager	net/minecraft/class_5579
CLASS	net/minecraft/world/level/entity/PersistentEntitySectionManager$Callback	net/minecraft/class_5579$class_5580
CLASS	net/minecraft/world/level/entity/PersistentEntitySectionManager$ChunkLoadStatus	net/minecraft/class_5579$class_5581
CLASS	net/minecraft/world/level/entity/TransientEntitySectionManager	net/minecraft/class_5582
CLASS	net/minecraft/world/level/entity/TransientEntitySectionManager$Callback	net/minecraft/class_5582$class_5583
CLASS	net/minecraft/world/level/entity/UUIDLookup	net/minecraft/class_10598
CLASS	net/minecraft/world/level/entity/UniquelyIdentifyable	net/minecraft/class_10599
CLASS	net/minecraft/world/level/entity/Visibility	net/minecraft/class_5584
CLASS	net/minecraft/world/level/entity/package-info	net/minecraft/class_6104
CLASS	net/minecraft/world/level/gameevent/BlockPositionSource	net/minecraft/class_5707
CLASS	net/minecraft/world/level/gameevent/BlockPositionSource$Type	net/minecraft/class_5707$class_5708
CLASS	net/minecraft/world/level/gameevent/DynamicGameEventListener	net/minecraft/class_5715
CLASS	net/minecraft/world/level/gameevent/EntityPositionSource	net/minecraft/class_5709
CLASS	net/minecraft/world/level/gameevent/EntityPositionSource$Type	net/minecraft/class_5709$class_5710
CLASS	net/minecraft/world/level/gameevent/EuclideanGameEventListenerRegistry	net/minecraft/class_5711
CLASS	net/minecraft/world/level/gameevent/EuclideanGameEventListenerRegistry$OnEmptyAction	net/minecraft/class_5711$class_8512
CLASS	net/minecraft/world/level/gameevent/GameEvent	net/minecraft/class_5712
CLASS	net/minecraft/world/level/gameevent/GameEvent$Context	net/minecraft/class_5712$class_7397
CLASS	net/minecraft/world/level/gameevent/GameEvent$ListenerInfo	net/minecraft/class_5712$class_7447
CLASS	net/minecraft/world/level/gameevent/GameEventDispatcher	net/minecraft/class_7719
CLASS	net/minecraft/world/level/gameevent/GameEventListener	net/minecraft/class_5714
CLASS	net/minecraft/world/level/gameevent/GameEventListener$DeliveryMode	net/minecraft/class_5714$class_7720
CLASS	net/minecraft/world/level/gameevent/GameEventListener$Provider	net/minecraft/class_5714$class_8513
CLASS	net/minecraft/world/level/gameevent/GameEventListenerRegistry	net/minecraft/class_5713
CLASS	net/minecraft/world/level/gameevent/GameEventListenerRegistry$1	net/minecraft/class_5713$1
CLASS	net/minecraft/world/level/gameevent/GameEventListenerRegistry$ListenerVisitor	net/minecraft/class_5713$class_7721
CLASS	net/minecraft/world/level/gameevent/PositionSource	net/minecraft/class_5716
CLASS	net/minecraft/world/level/gameevent/PositionSourceType	net/minecraft/class_5717
CLASS	net/minecraft/world/level/gameevent/package-info	net/minecraft/class_6105
CLASS	net/minecraft/world/level/gameevent/vibrations/VibrationInfo	net/minecraft/class_7269
CLASS	net/minecraft/world/level/gameevent/vibrations/VibrationSelector	net/minecraft/class_7722
CLASS	net/minecraft/world/level/gameevent/vibrations/VibrationSystem	net/minecraft/class_8514
CLASS	net/minecraft/world/level/gameevent/vibrations/VibrationSystem$Data	net/minecraft/class_8514$class_8515
CLASS	net/minecraft/world/level/gameevent/vibrations/VibrationSystem$Listener	net/minecraft/class_8514$class_8516
CLASS	net/minecraft/world/level/gameevent/vibrations/VibrationSystem$Ticker	net/minecraft/class_8514$class_8517
CLASS	net/minecraft/world/level/gameevent/vibrations/VibrationSystem$User	net/minecraft/class_8514$class_5719
CLASS	net/minecraft/world/level/gameevent/vibrations/package-info	net/minecraft/class_6106
CLASS	net/minecraft/world/level/gamerules/GameRule	net/minecraft/class_12279
CLASS	net/minecraft/world/level/gamerules/GameRuleCategory	net/minecraft/class_5198
CLASS	net/minecraft/world/level/gamerules/GameRuleMap	net/minecraft/class_12280
CLASS	net/minecraft/world/level/gamerules/GameRuleMap$Builder	net/minecraft/class_12280$class_12281
CLASS	net/minecraft/world/level/gamerules/GameRuleType	net/minecraft/class_11845
CLASS	net/minecraft/world/level/gamerules/GameRuleTypeVisitor	net/minecraft/class_4311
CLASS	net/minecraft/world/level/gamerules/GameRules	net/minecraft/class_1928
CLASS	net/minecraft/world/level/gamerules/GameRules$VisitorCaller	net/minecraft/class_1928$class_5199
CLASS	net/minecraft/world/level/gamerules/package-info	net/minecraft/class_12282
CLASS	net/minecraft/world/level/levelgen/Aquifer	net/minecraft/class_6350
CLASS	net/minecraft/world/level/levelgen/Aquifer$1	net/minecraft/class_6350$1
CLASS	net/minecraft/world/level/levelgen/Aquifer$FluidPicker	net/minecraft/class_6350$class_6565
CLASS	net/minecraft/world/level/levelgen/Aquifer$FluidStatus	net/minecraft/class_6350$class_6351
CLASS	net/minecraft/world/level/levelgen/Aquifer$NoiseBasedAquifer	net/minecraft/class_6350$class_5832
CLASS	net/minecraft/world/level/levelgen/Beardifier	net/minecraft/class_5817
CLASS	net/minecraft/world/level/levelgen/Beardifier$1	net/minecraft/class_5817$1
CLASS	net/minecraft/world/level/levelgen/Beardifier$Rigid	net/minecraft/class_5817$class_7301
CLASS	net/minecraft/world/level/levelgen/BelowZeroRetrogen	net/minecraft/class_6746
CLASS	net/minecraft/world/level/levelgen/BelowZeroRetrogen$1	net/minecraft/class_6746$1
CLASS	net/minecraft/world/level/levelgen/BitRandomSource	net/minecraft/class_6566
CLASS	net/minecraft/world/level/levelgen/Column	net/minecraft/class_5721
CLASS	net/minecraft/world/level/levelgen/Column$Line	net/minecraft/class_5721$class_5722
CLASS	net/minecraft/world/level/levelgen/Column$Range	net/minecraft/class_5721$class_5723
CLASS	net/minecraft/world/level/levelgen/Column$Ray	net/minecraft/class_5721$class_5724
CLASS	net/minecraft/world/level/levelgen/DebugLevelSource	net/minecraft/class_2891
CLASS	net/minecraft/world/level/levelgen/Density	net/minecraft/class_6567
CLASS	net/minecraft/world/level/levelgen/DensityFunction	net/minecraft/class_6910
CLASS	net/minecraft/world/level/levelgen/DensityFunction$ContextProvider	net/minecraft/class_6910$class_6911
CLASS	net/minecraft/world/level/levelgen/DensityFunction$FunctionContext	net/minecraft/class_6910$class_6912
CLASS	net/minecraft/world/level/levelgen/DensityFunction$NoiseHolder	net/minecraft/class_6910$class_7270
CLASS	net/minecraft/world/level/levelgen/DensityFunction$SimpleFunction	net/minecraft/class_6910$class_6913
CLASS	net/minecraft/world/level/levelgen/DensityFunction$SinglePointContext	net/minecraft/class_6910$class_6914
CLASS	net/minecraft/world/level/levelgen/DensityFunction$Visitor	net/minecraft/class_6910$class_6915
CLASS	net/minecraft/world/level/levelgen/DensityFunctions	net/minecraft/class_6916
CLASS	net/minecraft/world/level/levelgen/DensityFunctions$Ap2	net/minecraft/class_6916$class_6917
CLASS	net/minecraft/world/level/levelgen/DensityFunctions$BeardifierMarker	net/minecraft/class_6916$class_7049
CLASS	net/minecraft/world/level/levelgen/DensityFunctions$BeardifierOrMarker	net/minecraft/class_6916$class_7050
CLASS	net/minecraft/world/level/levelgen/DensityFunctions$BlendAlpha	net/minecraft/class_6916$class_6919
CLASS	net/minecraft/world/level/levelgen/DensityFunctions$BlendDensity	net/minecraft/class_6916$class_6920
CLASS	net/minecraft/world/level/levelgen/DensityFunctions$BlendOffset	net/minecraft/class_6916$class_6921
CLASS	net/minecraft/world/level/levelgen/DensityFunctions$Clamp	net/minecraft/class_6916$class_6922
CLASS	net/minecraft/world/level/levelgen/DensityFunctions$Constant	net/minecraft/class_6916$class_6923
CLASS	net/minecraft/world/level/levelgen/DensityFunctions$EndIslandDensityFunction	net/minecraft/class_6916$class_6924
CLASS	net/minecraft/world/level/levelgen/DensityFunctions$FindTopSurface	net/minecraft/class_6916$class_11599
CLASS	net/minecraft/world/level/levelgen/DensityFunctions$HolderHolder	net/minecraft/class_6916$class_7051
CLASS	net/minecraft/world/level/levelgen/DensityFunctions$Mapped	net/minecraft/class_6916$class_6925
CLASS	net/minecraft/world/level/levelgen/DensityFunctions$Mapped$Type	net/minecraft/class_6916$class_6925$class_6926
CLASS	net/minecraft/world/level/levelgen/DensityFunctions$Marker	net/minecraft/class_6916$class_6927
CLASS	net/minecraft/world/level/levelgen/DensityFunctions$Marker$Type	net/minecraft/class_6916$class_6927$class_6928
CLASS	net/minecraft/world/level/levelgen/DensityFunctions$MarkerOrMarked	net/minecraft/class_6916$class_7052
CLASS	net/minecraft/world/level/levelgen/DensityFunctions$MulOrAdd	net/minecraft/class_6916$class_6929
CLASS	net/minecraft/world/level/levelgen/DensityFunctions$MulOrAdd$Type	net/minecraft/class_6916$class_6929$class_6930
CLASS	net/minecraft/world/level/levelgen/DensityFunctions$Noise	net/minecraft/class_6916$class_6931
CLASS	net/minecraft/world/level/levelgen/DensityFunctions$PureTransformer	net/minecraft/class_6916$class_6932
CLASS	net/minecraft/world/level/levelgen/DensityFunctions$RangeChoice	net/minecraft/class_6916$class_6933
CLASS	net/minecraft/world/level/levelgen/DensityFunctions$Shift	net/minecraft/class_6916$class_6934
CLASS	net/minecraft/world/level/levelgen/DensityFunctions$ShiftA	net/minecraft/class_6916$class_6937
CLASS	net/minecraft/world/level/levelgen/DensityFunctions$ShiftB	net/minecraft/class_6916$class_6938
CLASS	net/minecraft/world/level/levelgen/DensityFunctions$ShiftNoise	net/minecraft/class_6916$class_6939
CLASS	net/minecraft/world/level/levelgen/DensityFunctions$ShiftedNoise	net/minecraft/class_6916$class_6940
CLASS	net/minecraft/world/level/levelgen/DensityFunctions$Spline	net/minecraft/class_6916$class_7076
CLASS	net/minecraft/world/level/levelgen/DensityFunctions$Spline$Coordinate	net/minecraft/class_6916$class_7076$class_7135
CLASS	net/minecraft/world/level/levelgen/DensityFunctions$Spline$Point	net/minecraft/class_6916$class_7076$class_7136
CLASS	net/minecraft/world/level/levelgen/DensityFunctions$TransformerWithContext	net/minecraft/class_6916$class_6943
CLASS	net/minecraft/world/level/levelgen/DensityFunctions$TwoArgumentSimpleFunction	net/minecraft/class_6916$class_7055
CLASS	net/minecraft/world/level/levelgen/DensityFunctions$TwoArgumentSimpleFunction$Type	net/minecraft/class_6916$class_7055$class_6918
CLASS	net/minecraft/world/level/levelgen/DensityFunctions$WeirdScaledSampler	net/minecraft/class_6916$class_6944
CLASS	net/minecraft/world/level/levelgen/DensityFunctions$WeirdScaledSampler$RarityValueMapper	net/minecraft/class_6916$class_6944$class_7048
CLASS	net/minecraft/world/level/levelgen/DensityFunctions$YClampedGradient	net/minecraft/class_6916$class_6945
CLASS	net/minecraft/world/level/levelgen/FlatLevelSource	net/minecraft/class_2897
CLASS	net/minecraft/world/level/levelgen/GenerationStep	net/minecraft/class_2893
CLASS	net/minecraft/world/level/levelgen/GenerationStep$Decoration	net/minecraft/class_2893$class_2895
CLASS	net/minecraft/world/level/levelgen/GeodeBlockSettings	net/minecraft/class_5585
CLASS	net/minecraft/world/level/levelgen/GeodeCrackSettings	net/minecraft/class_5586
CLASS	net/minecraft/world/level/levelgen/GeodeLayerSettings	net/minecraft/class_5587
CLASS	net/minecraft/world/level/levelgen/Heightmap	net/minecraft/class_2902
CLASS	net/minecraft/world/level/levelgen/Heightmap$Types	net/minecraft/class_2902$class_2903
CLASS	net/minecraft/world/level/levelgen/Heightmap$Usage	net/minecraft/class_2902$class_2904
CLASS	net/minecraft/world/level/levelgen/LegacyRandomSource	net/minecraft/class_5820
CLASS	net/minecraft/world/level/levelgen/LegacyRandomSource$LegacyPositionalRandomFactory	net/minecraft/class_5820$class_6671
CLASS	net/minecraft/world/level/levelgen/MarsagliaPolarGaussian	net/minecraft/class_6672
CLASS	net/minecraft/world/level/levelgen/NoiseBasedChunkGenerator	net/minecraft/class_3754
CLASS	net/minecraft/world/level/levelgen/NoiseChunk	net/minecraft/class_6568
CLASS	net/minecraft/world/level/levelgen/NoiseChunk$1	net/minecraft/class_6568$1
CLASS	net/minecraft/world/level/levelgen/NoiseChunk$2	net/minecraft/class_6568$2
CLASS	net/minecraft/world/level/levelgen/NoiseChunk$BlendAlpha	net/minecraft/class_6568$class_6946
CLASS	net/minecraft/world/level/levelgen/NoiseChunk$BlendOffset	net/minecraft/class_6568$class_6947
CLASS	net/minecraft/world/level/levelgen/NoiseChunk$BlockStateFiller	net/minecraft/class_6568$class_6569
CLASS	net/minecraft/world/level/levelgen/NoiseChunk$Cache2D	net/minecraft/class_6568$class_6948
CLASS	net/minecraft/world/level/levelgen/NoiseChunk$CacheAllInCell	net/minecraft/class_6568$class_6949
CLASS	net/minecraft/world/level/levelgen/NoiseChunk$CacheOnce	net/minecraft/class_6568$class_6950
CLASS	net/minecraft/world/level/levelgen/NoiseChunk$FlatCache	net/minecraft/class_6568$class_6951
CLASS	net/minecraft/world/level/levelgen/NoiseChunk$NoiseChunkDensityFunction	net/minecraft/class_6568$class_6952
CLASS	net/minecraft/world/level/levelgen/NoiseChunk$NoiseInterpolator	net/minecraft/class_6568$class_5917
CLASS	net/minecraft/world/level/levelgen/NoiseGeneratorSettings	net/minecraft/class_5284
CLASS	net/minecraft/world/level/levelgen/NoiseRouter	net/minecraft/class_6953
CLASS	net/minecraft/world/level/levelgen/NoiseRouterData	net/minecraft/class_6954
CLASS	net/minecraft/world/level/levelgen/NoiseRouterData$QuantizedSpaghettiRarity	net/minecraft/class_6954$class_5841
CLASS	net/minecraft/world/level/levelgen/NoiseSettings	net/minecraft/class_5309
CLASS	net/minecraft/world/level/levelgen/Noises	net/minecraft/class_6731
CLASS	net/minecraft/world/level/levelgen/OreVeinifier	net/minecraft/class_6955
CLASS	net/minecraft/world/level/levelgen/OreVeinifier$VeinType	net/minecraft/class_6955$class_6354
CLASS	net/minecraft/world/level/levelgen/PatrolSpawner	net/minecraft/class_3769
CLASS	net/minecraft/world/level/levelgen/PhantomSpawner	net/minecraft/class_2910
CLASS	net/minecraft/world/level/levelgen/PositionalRandomFactory	net/minecraft/class_6574
CLASS	net/minecraft/world/level/levelgen/RandomState	net/minecraft/class_7138
CLASS	net/minecraft/world/level/levelgen/RandomState$1	net/minecraft/class_7138$1
CLASS	net/minecraft/world/level/levelgen/RandomState$1NoiseWiringHelper	net/minecraft/class_7138$class_7271
CLASS	net/minecraft/world/level/levelgen/RandomSupport	net/minecraft/class_6673
CLASS	net/minecraft/world/level/levelgen/RandomSupport$Seed128bit	net/minecraft/class_6673$class_6674
CLASS	net/minecraft/world/level/levelgen/SingleThreadedRandomSource	net/minecraft/class_6575
CLASS	net/minecraft/world/level/levelgen/SurfaceRules	net/minecraft/class_6686
CLASS	net/minecraft/world/level/levelgen/SurfaceRules$AbovePreliminarySurface	net/minecraft/class_6686$class_6770
CLASS	net/minecraft/world/level/levelgen/SurfaceRules$Bandlands	net/minecraft/class_6686$class_6687
CLASS	net/minecraft/world/level/levelgen/SurfaceRules$BiomeConditionSource	net/minecraft/class_6686$class_6689
CLASS	net/minecraft/world/level/levelgen/SurfaceRules$BiomeConditionSource$1BiomeCondition	net/minecraft/class_6686$class_6689$class_6690
CLASS	net/minecraft/world/level/levelgen/SurfaceRules$BlockRuleSource	net/minecraft/class_6686$class_6691
CLASS	net/minecraft/world/level/levelgen/SurfaceRules$Condition	net/minecraft/class_6686$class_6692
CLASS	net/minecraft/world/level/levelgen/SurfaceRules$ConditionSource	net/minecraft/class_6686$class_6693
CLASS	net/minecraft/world/level/levelgen/SurfaceRules$Context	net/minecraft/class_6686$class_6694
CLASS	net/minecraft/world/level/levelgen/SurfaceRules$Context$AbovePreliminarySurfaceCondition	net/minecraft/class_6686$class_6694$class_6771
CLASS	net/minecraft/world/level/levelgen/SurfaceRules$Context$HoleCondition	net/minecraft/class_6686$class_6694$class_6695
CLASS	net/minecraft/world/level/levelgen/SurfaceRules$Context$SteepMaterialCondition	net/minecraft/class_6686$class_6694$class_6696
CLASS	net/minecraft/world/level/levelgen/SurfaceRules$Context$TemperatureHelperCondition	net/minecraft/class_6686$class_6694$class_6772
CLASS	net/minecraft/world/level/levelgen/SurfaceRules$Hole	net/minecraft/class_6686$class_6701
CLASS	net/minecraft/world/level/levelgen/SurfaceRules$LazyCondition	net/minecraft/class_6686$class_6702
CLASS	net/minecraft/world/level/levelgen/SurfaceRules$LazyXZCondition	net/minecraft/class_6686$class_6773
CLASS	net/minecraft/world/level/levelgen/SurfaceRules$LazyYCondition	net/minecraft/class_6686$class_6774
CLASS	net/minecraft/world/level/levelgen/SurfaceRules$NoiseThresholdConditionSource	net/minecraft/class_6686$class_6703
CLASS	net/minecraft/world/level/levelgen/SurfaceRules$NoiseThresholdConditionSource$1NoiseThresholdCondition	net/minecraft/class_6686$class_6703$class_6704
CLASS	net/minecraft/world/level/levelgen/SurfaceRules$NotCondition	net/minecraft/class_6686$class_6706
CLASS	net/minecraft/world/level/levelgen/SurfaceRules$NotConditionSource	net/minecraft/class_6686$class_6707
CLASS	net/minecraft/world/level/levelgen/SurfaceRules$RuleSource	net/minecraft/class_6686$class_6708
CLASS	net/minecraft/world/level/levelgen/SurfaceRules$SequenceRule	net/minecraft/class_6686$class_6709
CLASS	net/minecraft/world/level/levelgen/SurfaceRules$SequenceRuleSource	net/minecraft/class_6686$class_6710
CLASS	net/minecraft/world/level/levelgen/SurfaceRules$StateRule	net/minecraft/class_6686$class_6711
CLASS	net/minecraft/world/level/levelgen/SurfaceRules$Steep	net/minecraft/class_6686$class_6712
CLASS	net/minecraft/world/level/levelgen/SurfaceRules$StoneDepthCheck	net/minecraft/class_6686$class_6713
CLASS	net/minecraft/world/level/levelgen/SurfaceRules$StoneDepthCheck$1StoneDepthCondition	net/minecraft/class_6686$class_6713$class_6714
CLASS	net/minecraft/world/level/levelgen/SurfaceRules$SurfaceRule	net/minecraft/class_6686$class_6715
CLASS	net/minecraft/world/level/levelgen/SurfaceRules$Temperature	net/minecraft/class_6686$class_6716
CLASS	net/minecraft/world/level/levelgen/SurfaceRules$TestRule	net/minecraft/class_6686$class_6717
CLASS	net/minecraft/world/level/levelgen/SurfaceRules$TestRuleSource	net/minecraft/class_6686$class_6718
CLASS	net/minecraft/world/level/levelgen/SurfaceRules$VerticalGradientConditionSource	net/minecraft/class_6686$class_6775
CLASS	net/minecraft/world/level/levelgen/SurfaceRules$VerticalGradientConditionSource$1VerticalGradientCondition	net/minecraft/class_6686$class_6775$class_6776
CLASS	net/minecraft/world/level/levelgen/SurfaceRules$WaterConditionSource	net/minecraft/class_6686$class_6720
CLASS	net/minecraft/world/level/levelgen/SurfaceRules$WaterConditionSource$1WaterCondition	net/minecraft/class_6686$class_6720$class_6721
CLASS	net/minecraft/world/level/levelgen/SurfaceRules$YConditionSource	net/minecraft/class_6686$class_6722
CLASS	net/minecraft/world/level/levelgen/SurfaceRules$YConditionSource$1YCondition	net/minecraft/class_6686$class_6722$class_6723
CLASS	net/minecraft/world/level/levelgen/SurfaceSystem	net/minecraft/class_6724
CLASS	net/minecraft/world/level/levelgen/SurfaceSystem$1	net/minecraft/class_6724$1
CLASS	net/minecraft/world/level/levelgen/ThreadSafeLegacyRandomSource	net/minecraft/class_7384
CLASS	net/minecraft/world/level/levelgen/VerticalAnchor	net/minecraft/class_5843
CLASS	net/minecraft/world/level/levelgen/VerticalAnchor$AboveBottom	net/minecraft/class_5843$class_5844
CLASS	net/minecraft/world/level/levelgen/VerticalAnchor$Absolute	net/minecraft/class_5843$class_5845
CLASS	net/minecraft/world/level/levelgen/VerticalAnchor$BelowTop	net/minecraft/class_5843$class_5846
CLASS	net/minecraft/world/level/levelgen/WorldDimensions	net/minecraft/class_7723
CLASS	net/minecraft/world/level/levelgen/WorldDimensions$1Entry	net/minecraft/class_7723$class_7724
CLASS	net/minecraft/world/level/levelgen/WorldDimensions$Complete	net/minecraft/class_7723$class_7725
CLASS	net/minecraft/world/level/levelgen/WorldGenSettings	net/minecraft/class_7726
CLASS	net/minecraft/world/level/levelgen/WorldGenerationContext	net/minecraft/class_5868
CLASS	net/minecraft/world/level/levelgen/WorldOptions	net/minecraft/class_5285
CLASS	net/minecraft/world/level/levelgen/WorldgenRandom	net/minecraft/class_2919
CLASS	net/minecraft/world/level/levelgen/WorldgenRandom$Algorithm	net/minecraft/class_2919$class_6675
CLASS	net/minecraft/world/level/levelgen/Xoroshiro128PlusPlus	net/minecraft/class_6676
CLASS	net/minecraft/world/level/levelgen/XoroshiroRandomSource	net/minecraft/class_6677
CLASS	net/minecraft/world/level/levelgen/XoroshiroRandomSource$XoroshiroPositionalRandomFactory	net/minecraft/class_6677$class_6678
CLASS	net/minecraft/world/level/levelgen/blending/Blender	net/minecraft/class_6748
CLASS	net/minecraft/world/level/levelgen/blending/Blender$1	net/minecraft/class_6748$1
CLASS	net/minecraft/world/level/levelgen/blending/Blender$BlendingOutput	net/minecraft/class_6748$class_6956
CLASS	net/minecraft/world/level/levelgen/blending/Blender$CellValueGetter	net/minecraft/class_6748$class_6781
CLASS	net/minecraft/world/level/levelgen/blending/Blender$DistanceGetter	net/minecraft/class_6748$class_6831
CLASS	net/minecraft/world/level/levelgen/blending/BlendingData	net/minecraft/class_6749
CLASS	net/minecraft/world/level/levelgen/blending/BlendingData$BiomeConsumer	net/minecraft/class_6749$class_6853
CLASS	net/minecraft/world/level/levelgen/blending/BlendingData$DensityConsumer	net/minecraft/class_6749$class_6750
CLASS	net/minecraft/world/level/levelgen/blending/BlendingData$HeightConsumer	net/minecraft/class_6749$class_6751
CLASS	net/minecraft/world/level/levelgen/blending/BlendingData$Packed	net/minecraft/class_6749$class_9899
CLASS	net/minecraft/world/level/levelgen/blending/package-info	net/minecraft/class_6753
CLASS	net/minecraft/world/level/levelgen/blockpredicates/AllOfPredicate	net/minecraft/class_6644
CLASS	net/minecraft/world/level/levelgen/blockpredicates/AnyOfPredicate	net/minecraft/class_6645
CLASS	net/minecraft/world/level/levelgen/blockpredicates/BlockPredicate	net/minecraft/class_6646
CLASS	net/minecraft/world/level/levelgen/blockpredicates/BlockPredicateType	net/minecraft/class_6647
CLASS	net/minecraft/world/level/levelgen/blockpredicates/CombiningPredicate	net/minecraft/class_6648
CLASS	net/minecraft/world/level/levelgen/blockpredicates/HasSturdyFacePredicate	net/minecraft/class_6847
CLASS	net/minecraft/world/level/levelgen/blockpredicates/InsideWorldBoundsPredicate	net/minecraft/class_6783
CLASS	net/minecraft/world/level/levelgen/blockpredicates/MatchingBlockTagPredicate	net/minecraft/class_6848
CLASS	net/minecraft/world/level/levelgen/blockpredicates/MatchingBlocksPredicate	net/minecraft/class_6649
CLASS	net/minecraft/world/level/levelgen/blockpredicates/MatchingFluidsPredicate	net/minecraft/class_6650
CLASS	net/minecraft/world/level/levelgen/blockpredicates/NotPredicate	net/minecraft/class_6651
CLASS	net/minecraft/world/level/levelgen/blockpredicates/ReplaceablePredicate	net/minecraft/class_6652
CLASS	net/minecraft/world/level/levelgen/blockpredicates/SolidPredicate	net/minecraft/class_6784
CLASS	net/minecraft/world/level/levelgen/blockpredicates/StateTestingPredicate	net/minecraft/class_6679
CLASS	net/minecraft/world/level/levelgen/blockpredicates/TrueBlockPredicate	net/minecraft/class_6680
CLASS	net/minecraft/world/level/levelgen/blockpredicates/UnobstructedPredicate	net/minecraft/class_9751
CLASS	net/minecraft/world/level/levelgen/blockpredicates/WouldSurvivePredicate	net/minecraft/class_6681
CLASS	net/minecraft/world/level/levelgen/blockpredicates/package-info	net/minecraft/class_6653
CLASS	net/minecraft/world/level/levelgen/carver/CanyonCarverConfiguration	net/minecraft/class_5869
CLASS	net/minecraft/world/level/levelgen/carver/CanyonCarverConfiguration$CanyonShapeConfiguration	net/minecraft/class_5869$class_6107
CLASS	net/minecraft/world/level/levelgen/carver/CanyonWorldCarver	net/minecraft/class_5870
CLASS	net/minecraft/world/level/levelgen/carver/CarverConfiguration	net/minecraft/class_5871
CLASS	net/minecraft/world/level/levelgen/carver/CarverDebugSettings	net/minecraft/class_5872
CLASS	net/minecraft/world/level/levelgen/carver/CarvingContext	net/minecraft/class_5873
CLASS	net/minecraft/world/level/levelgen/carver/CaveCarverConfiguration	net/minecraft/class_6108
CLASS	net/minecraft/world/level/levelgen/carver/CaveWorldCarver	net/minecraft/class_2925
CLASS	net/minecraft/world/level/levelgen/carver/ConfiguredWorldCarver	net/minecraft/class_2922
CLASS	net/minecraft/world/level/levelgen/carver/NetherWorldCarver	net/minecraft/class_2934
CLASS	net/minecraft/world/level/levelgen/carver/WorldCarver	net/minecraft/class_2939
CLASS	net/minecraft/world/level/levelgen/carver/WorldCarver$CarveSkipChecker	net/minecraft/class_2939$class_5874
CLASS	net/minecraft/world/level/levelgen/carver/package-info	net/minecraft/class_6109
CLASS	net/minecraft/world/level/levelgen/feature/AbstractHugeMushroomFeature	net/minecraft/class_4625
CLASS	net/minecraft/world/level/levelgen/feature/BambooFeature	net/minecraft/class_2942
CLASS	net/minecraft/world/level/levelgen/feature/BasaltColumnsFeature	net/minecraft/class_5153
CLASS	net/minecraft/world/level/levelgen/feature/BasaltPillarFeature	net/minecraft/class_4779
CLASS	net/minecraft/world/level/levelgen/feature/BlockBlobFeature	net/minecraft/class_2950
CLASS	net/minecraft/world/level/levelgen/feature/BlockColumnFeature	net/minecraft/class_6654
CLASS	net/minecraft/world/level/levelgen/feature/BlockPileFeature	net/minecraft/class_3805
CLASS	net/minecraft/world/level/levelgen/feature/BlueIceFeature	net/minecraft/class_2954
CLASS	net/minecraft/world/level/levelgen/feature/BonusChestFeature	net/minecraft/class_2953
CLASS	net/minecraft/world/level/levelgen/feature/ChorusPlantFeature	net/minecraft/class_2964
CLASS	net/minecraft/world/level/levelgen/feature/ConfiguredFeature	net/minecraft/class_2975
CLASS	net/minecraft/world/level/levelgen/feature/CoralClawFeature	net/minecraft/class_2972
CLASS	net/minecraft/world/level/levelgen/feature/CoralFeature	net/minecraft/class_2978
CLASS	net/minecraft/world/level/levelgen/feature/CoralMushroomFeature	net/minecraft/class_2977
CLASS	net/minecraft/world/level/levelgen/feature/CoralTreeFeature	net/minecraft/class_2979
CLASS	net/minecraft/world/level/levelgen/feature/DeltaFeature	net/minecraft/class_5154
CLASS	net/minecraft/world/level/levelgen/feature/DesertWellFeature	net/minecraft/class_3005
CLASS	net/minecraft/world/level/levelgen/feature/DiskFeature	net/minecraft/class_3011
CLASS	net/minecraft/world/level/levelgen/feature/DripstoneClusterFeature	net/minecraft/class_5725
CLASS	net/minecraft/world/level/levelgen/feature/DripstoneUtils	net/minecraft/class_5726
CLASS	net/minecraft/world/level/levelgen/feature/EndGatewayFeature	net/minecraft/class_3029
CLASS	net/minecraft/world/level/levelgen/feature/EndIslandFeature	net/minecraft/class_3026
CLASS	net/minecraft/world/level/levelgen/feature/EndPlatformFeature	net/minecraft/class_9829
CLASS	net/minecraft/world/level/levelgen/feature/EndPodiumFeature	net/minecraft/class_3033
CLASS	net/minecraft/world/level/levelgen/feature/FallenTreeFeature	net/minecraft/class_10853
CLASS	net/minecraft/world/level/levelgen/feature/Feature	net/minecraft/class_3031
CLASS	net/minecraft/world/level/levelgen/feature/FeatureCountTracker	net/minecraft/class_6785
CLASS	net/minecraft/world/level/levelgen/feature/FeatureCountTracker$1	net/minecraft/class_6785$1
CLASS	net/minecraft/world/level/levelgen/feature/FeatureCountTracker$FeatureData	net/minecraft/class_6785$class_6786
CLASS	net/minecraft/world/level/levelgen/feature/FeatureCountTracker$LevelData	net/minecraft/class_6785$class_6787
CLASS	net/minecraft/world/level/levelgen/feature/FeaturePlaceContext	net/minecraft/class_5821
CLASS	net/minecraft/world/level/levelgen/feature/FillLayerFeature	net/minecraft/class_4278
CLASS	net/minecraft/world/level/levelgen/feature/FossilFeature	net/minecraft/class_3044
CLASS	net/minecraft/world/level/levelgen/feature/FossilFeatureConfiguration	net/minecraft/class_5919
CLASS	net/minecraft/world/level/levelgen/feature/GeodeFeature	net/minecraft/class_5588
CLASS	net/minecraft/world/level/levelgen/feature/GlowstoneFeature	net/minecraft/class_3047
CLASS	net/minecraft/world/level/levelgen/feature/HugeBrownMushroomFeature	net/minecraft/class_3059
CLASS	net/minecraft/world/level/levelgen/feature/HugeFungusConfiguration	net/minecraft/class_4780
CLASS	net/minecraft/world/level/levelgen/feature/HugeFungusFeature	net/minecraft/class_4781
CLASS	net/minecraft/world/level/levelgen/feature/HugeRedMushroomFeature	net/minecraft/class_3066
CLASS	net/minecraft/world/level/levelgen/feature/IceSpikeFeature	net/minecraft/class_3070
CLASS	net/minecraft/world/level/levelgen/feature/IcebergFeature	net/minecraft/class_3074
CLASS	net/minecraft/world/level/levelgen/feature/KelpFeature	net/minecraft/class_3081
CLASS	net/minecraft/world/level/levelgen/feature/LakeFeature	net/minecraft/class_3085
CLASS	net/minecraft/world/level/levelgen/feature/LakeFeature$Configuration	net/minecraft/class_3085$class_6788
CLASS	net/minecraft/world/level/levelgen/feature/LargeDripstoneFeature	net/minecraft/class_5727
CLASS	net/minecraft/world/level/levelgen/feature/LargeDripstoneFeature$LargeDripstone	net/minecraft/class_5727$class_5728
CLASS	net/minecraft/world/level/levelgen/feature/LargeDripstoneFeature$WindOffsetter	net/minecraft/class_5727$class_5729
CLASS	net/minecraft/world/level/levelgen/feature/MonsterRoomFeature	net/minecraft/class_3103
CLASS	net/minecraft/world/level/levelgen/feature/MultifaceGrowthFeature	net/minecraft/class_5779
CLASS	net/minecraft/world/level/levelgen/feature/NetherForestVegetationFeature	net/minecraft/class_4782
CLASS	net/minecraft/world/level/levelgen/feature/NoOpFeature	net/minecraft/class_4715
CLASS	net/minecraft/world/level/levelgen/feature/OreFeature	net/minecraft/class_3122
CLASS	net/minecraft/world/level/levelgen/feature/PointedDripstoneFeature	net/minecraft/class_5730
CLASS	net/minecraft/world/level/levelgen/feature/RandomBooleanSelectorFeature	net/minecraft/class_3135
CLASS	net/minecraft/world/level/levelgen/feature/RandomPatchFeature	net/minecraft/class_4628
CLASS	net/minecraft/world/level/levelgen/feature/RandomSelectorFeature	net/minecraft/class_3150
CLASS	net/minecraft/world/level/levelgen/feature/ReplaceBlobsFeature	net/minecraft/class_5155
CLASS	net/minecraft/world/level/levelgen/feature/ReplaceBlockFeature	net/minecraft/class_3152
CLASS	net/minecraft/world/level/levelgen/feature/RootSystemFeature	net/minecraft/class_5921
CLASS	net/minecraft/world/level/levelgen/feature/ScatteredOreFeature	net/minecraft/class_5875
CLASS	net/minecraft/world/level/levelgen/feature/SculkPatchFeature	net/minecraft/class_7140
CLASS	net/minecraft/world/level/levelgen/feature/SeaPickleFeature	net/minecraft/class_3160
CLASS	net/minecraft/world/level/levelgen/feature/SeagrassFeature	net/minecraft/class_3168
CLASS	net/minecraft/world/level/levelgen/feature/SimpleBlockFeature	net/minecraft/class_3173
CLASS	net/minecraft/world/level/levelgen/feature/SimpleRandomSelectorFeature	net/minecraft/class_3177
CLASS	net/minecraft/world/level/levelgen/feature/SnowAndFreezeFeature	net/minecraft/class_3183
CLASS	net/minecraft/world/level/levelgen/feature/SpikeFeature	net/minecraft/class_3310
CLASS	net/minecraft/world/level/levelgen/feature/SpikeFeature$EndSpike	net/minecraft/class_3310$class_3181
CLASS	net/minecraft/world/level/levelgen/feature/SpikeFeature$SpikeCacheLoader	net/minecraft/class_3310$class_3311
CLASS	net/minecraft/world/level/levelgen/feature/SpringFeature	net/minecraft/class_3185
CLASS	net/minecraft/world/level/levelgen/feature/TreeFeature	net/minecraft/class_2944
CLASS	net/minecraft/world/level/levelgen/feature/TreeFeature$1	net/minecraft/class_2944$1
CLASS	net/minecraft/world/level/levelgen/feature/TwistingVinesFeature	net/minecraft/class_4953
CLASS	net/minecraft/world/level/levelgen/feature/UnderwaterMagmaFeature	net/minecraft/class_5834
CLASS	net/minecraft/world/level/levelgen/feature/VegetationPatchFeature	net/minecraft/class_5922
CLASS	net/minecraft/world/level/levelgen/feature/VinesFeature	net/minecraft/class_3219
CLASS	net/minecraft/world/level/levelgen/feature/VoidStartPlatformFeature	net/minecraft/class_3217
CLASS	net/minecraft/world/level/levelgen/feature/WaterloggedVegetationPatchFeature	net/minecraft/class_5923
CLASS	net/minecraft/world/level/levelgen/feature/WeepingVinesFeature	net/minecraft/class_4784
CLASS	net/minecraft/world/level/levelgen/feature/WeightedPlacedFeature	net/minecraft/class_3226
CLASS	net/minecraft/world/level/levelgen/feature/configurations/BlockColumnConfiguration	net/minecraft/class_6655
CLASS	net/minecraft/world/level/levelgen/feature/configurations/BlockColumnConfiguration$Layer	net/minecraft/class_6655$class_6656
CLASS	net/minecraft/world/level/levelgen/feature/configurations/BlockPileConfiguration	net/minecraft/class_4634
CLASS	net/minecraft/world/level/levelgen/feature/configurations/BlockStateConfiguration	net/minecraft/class_2963
CLASS	net/minecraft/world/level/levelgen/feature/configurations/ColumnFeatureConfiguration	net/minecraft/class_5156
CLASS	net/minecraft/world/level/levelgen/feature/configurations/CountConfiguration	net/minecraft/class_2984
CLASS	net/minecraft/world/level/levelgen/feature/configurations/DeltaFeatureConfiguration	net/minecraft/class_5158
CLASS	net/minecraft/world/level/levelgen/feature/configurations/DiskConfiguration	net/minecraft/class_6577
CLASS	net/minecraft/world/level/levelgen/feature/configurations/DripstoneClusterConfiguration	net/minecraft/class_5731
CLASS	net/minecraft/world/level/levelgen/feature/configurations/EndGatewayConfiguration	net/minecraft/class_3018
CLASS	net/minecraft/world/level/levelgen/feature/configurations/FallenTreeConfiguration	net/minecraft/class_10854
CLASS	net/minecraft/world/level/levelgen/feature/configurations/FallenTreeConfiguration$FallenTreeConfigurationBuilder	net/minecraft/class_10854$class_10855
CLASS	net/minecraft/world/level/levelgen/feature/configurations/FeatureConfiguration	net/minecraft/class_3037
CLASS	net/minecraft/world/level/levelgen/feature/configurations/GeodeConfiguration	net/minecraft/class_5589
CLASS	net/minecraft/world/level/levelgen/feature/configurations/HugeMushroomFeatureConfiguration	net/minecraft/class_4635
CLASS	net/minecraft/world/level/levelgen/feature/configurations/LargeDripstoneConfiguration	net/minecraft/class_5732
CLASS	net/minecraft/world/level/levelgen/feature/configurations/LayerConfiguration	net/minecraft/class_4279
CLASS	net/minecraft/world/level/levelgen/feature/configurations/MultifaceGrowthConfiguration	net/minecraft/class_5780
CLASS	net/minecraft/world/level/levelgen/feature/configurations/NetherForestVegetationConfig	net/minecraft/class_6789
CLASS	net/minecraft/world/level/levelgen/feature/configurations/NoneFeatureConfiguration	net/minecraft/class_3111
CLASS	net/minecraft/world/level/levelgen/feature/configurations/OreConfiguration	net/minecraft/class_3124
CLASS	net/minecraft/world/level/levelgen/feature/configurations/OreConfiguration$TargetBlockState	net/minecraft/class_3124$class_5876
CLASS	net/minecraft/world/level/levelgen/feature/configurations/PointedDripstoneConfiguration	net/minecraft/class_5733
CLASS	net/minecraft/world/level/levelgen/feature/configurations/ProbabilityFeatureConfiguration	net/minecraft/class_3133
CLASS	net/minecraft/world/level/levelgen/feature/configurations/RandomBooleanFeatureConfiguration	net/minecraft/class_3137
CLASS	net/minecraft/world/level/levelgen/feature/configurations/RandomFeatureConfiguration	net/minecraft/class_3141
CLASS	net/minecraft/world/level/levelgen/feature/configurations/RandomPatchConfiguration	net/minecraft/class_4638
CLASS	net/minecraft/world/level/levelgen/feature/configurations/ReplaceBlockConfiguration	net/minecraft/class_3154
CLASS	net/minecraft/world/level/levelgen/feature/configurations/ReplaceSphereConfiguration	net/minecraft/class_5437
CLASS	net/minecraft/world/level/levelgen/feature/configurations/RootSystemConfiguration	net/minecraft/class_5926
CLASS	net/minecraft/world/level/levelgen/feature/configurations/SculkPatchConfiguration	net/minecraft/class_7141
CLASS	net/minecraft/world/level/levelgen/feature/configurations/SimpleBlockConfiguration	net/minecraft/class_3175
CLASS	net/minecraft/world/level/levelgen/feature/configurations/SimpleRandomFeatureConfiguration	net/minecraft/class_3179
CLASS	net/minecraft/world/level/levelgen/feature/configurations/SpikeConfiguration	net/minecraft/class_3666
CLASS	net/minecraft/world/level/levelgen/feature/configurations/SpringConfiguration	net/minecraft/class_4642
CLASS	net/minecraft/world/level/levelgen/feature/configurations/TreeConfiguration	net/minecraft/class_4643
CLASS	net/minecraft/world/level/levelgen/feature/configurations/TreeConfiguration$TreeConfigurationBuilder	net/minecraft/class_4643$class_4644
CLASS	net/minecraft/world/level/levelgen/feature/configurations/TwistingVinesConfig	net/minecraft/class_6790
CLASS	net/minecraft/world/level/levelgen/feature/configurations/UnderwaterMagmaConfiguration	net/minecraft/class_5835
CLASS	net/minecraft/world/level/levelgen/feature/configurations/VegetationPatchConfiguration	net/minecraft/class_5927
CLASS	net/minecraft/world/level/levelgen/feature/configurations/package-info	net/minecraft/class_6111
CLASS	net/minecraft/world/level/levelgen/feature/featuresize/FeatureSize	net/minecraft/class_5201
CLASS	net/minecraft/world/level/levelgen/feature/featuresize/FeatureSizeType	net/minecraft/class_5202
CLASS	net/minecraft/world/level/levelgen/feature/featuresize/ThreeLayersFeatureSize	net/minecraft/class_5203
CLASS	net/minecraft/world/level/levelgen/feature/featuresize/TwoLayersFeatureSize	net/minecraft/class_5204
CLASS	net/minecraft/world/level/levelgen/feature/featuresize/package-info	net/minecraft/class_6112
CLASS	net/minecraft/world/level/levelgen/feature/foliageplacers/AcaciaFoliagePlacer	net/minecraft/class_4645
CLASS	net/minecraft/world/level/levelgen/feature/foliageplacers/BlobFoliagePlacer	net/minecraft/class_4646
CLASS	net/minecraft/world/level/levelgen/feature/foliageplacers/BushFoliagePlacer	net/minecraft/class_5205
CLASS	net/minecraft/world/level/levelgen/feature/foliageplacers/CherryFoliagePlacer	net/minecraft/class_8178
CLASS	net/minecraft/world/level/levelgen/feature/foliageplacers/DarkOakFoliagePlacer	net/minecraft/class_5206
CLASS	net/minecraft/world/level/levelgen/feature/foliageplacers/FancyFoliagePlacer	net/minecraft/class_5207
CLASS	net/minecraft/world/level/levelgen/feature/foliageplacers/FoliagePlacer	net/minecraft/class_4647
CLASS	net/minecraft/world/level/levelgen/feature/foliageplacers/FoliagePlacer$FoliageAttachment	net/minecraft/class_4647$class_5208
CLASS	net/minecraft/world/level/levelgen/feature/foliageplacers/FoliagePlacer$FoliageSetter	net/minecraft/class_4647$class_8179
CLASS	net/minecraft/world/level/levelgen/feature/foliageplacers/FoliagePlacerType	net/minecraft/class_4648
CLASS	net/minecraft/world/level/levelgen/feature/foliageplacers/MegaJungleFoliagePlacer	net/minecraft/class_5209
CLASS	net/minecraft/world/level/levelgen/feature/foliageplacers/MegaPineFoliagePlacer	net/minecraft/class_5210
CLASS	net/minecraft/world/level/levelgen/feature/foliageplacers/PineFoliagePlacer	net/minecraft/class_4649
CLASS	net/minecraft/world/level/levelgen/feature/foliageplacers/RandomSpreadFoliagePlacer	net/minecraft/class_5928
CLASS	net/minecraft/world/level/levelgen/feature/foliageplacers/SpruceFoliagePlacer	net/minecraft/class_4650
CLASS	net/minecraft/world/level/levelgen/feature/foliageplacers/package-info	net/minecraft/class_6113
CLASS	net/minecraft/world/level/levelgen/feature/package-info	net/minecraft/class_6114
CLASS	net/minecraft/world/level/levelgen/feature/rootplacers/AboveRootPlacement	net/minecraft/class_7398
CLASS	net/minecraft/world/level/levelgen/feature/rootplacers/MangroveRootPlacement	net/minecraft/class_7399
CLASS	net/minecraft/world/level/levelgen/feature/rootplacers/MangroveRootPlacer	net/minecraft/class_7386
CLASS	net/minecraft/world/level/levelgen/feature/rootplacers/RootPlacer	net/minecraft/class_7387
CLASS	net/minecraft/world/level/levelgen/feature/rootplacers/RootPlacerType	net/minecraft/class_7388
CLASS	net/minecraft/world/level/levelgen/feature/rootplacers/package-info	net/minecraft/class_7727
CLASS	net/minecraft/world/level/levelgen/feature/stateproviders/BlockStateProvider	net/minecraft/class_4651
CLASS	net/minecraft/world/level/levelgen/feature/stateproviders/BlockStateProviderType	net/minecraft/class_4652
CLASS	net/minecraft/world/level/levelgen/feature/stateproviders/DualNoiseProvider	net/minecraft/class_6578
CLASS	net/minecraft/world/level/levelgen/feature/stateproviders/NoiseBasedStateProvider	net/minecraft/class_6579
CLASS	net/minecraft/world/level/levelgen/feature/stateproviders/NoiseProvider	net/minecraft/class_6580
CLASS	net/minecraft/world/level/levelgen/feature/stateproviders/NoiseThresholdProvider	net/minecraft/class_6581
CLASS	net/minecraft/world/level/levelgen/feature/stateproviders/RandomizedIntStateProvider	net/minecraft/class_5929
CLASS	net/minecraft/world/level/levelgen/feature/stateproviders/RotatedBlockProvider	net/minecraft/class_4655
CLASS	net/minecraft/world/level/levelgen/feature/stateproviders/RuleBasedBlockStateProvider	net/minecraft/class_7400
CLASS	net/minecraft/world/level/levelgen/feature/stateproviders/RuleBasedBlockStateProvider$Rule	net/minecraft/class_7400$class_7401
CLASS	net/minecraft/world/level/levelgen/feature/stateproviders/SimpleStateProvider	net/minecraft/class_4656
CLASS	net/minecraft/world/level/levelgen/feature/stateproviders/WeightedStateProvider	net/minecraft/class_4657
CLASS	net/minecraft/world/level/levelgen/feature/stateproviders/package-info	net/minecraft/class_6115
CLASS	net/minecraft/world/level/levelgen/feature/treedecorators/AlterGroundDecorator	net/minecraft/class_4658
CLASS	net/minecraft/world/level/levelgen/feature/treedecorators/AttachedToLeavesDecorator	net/minecraft/class_7389
CLASS	net/minecraft/world/level/levelgen/feature/treedecorators/AttachedToLogsDecorator	net/minecraft/class_10856
CLASS	net/minecraft/world/level/levelgen/feature/treedecorators/BeehiveDecorator	net/minecraft/class_4659
CLASS	net/minecraft/world/level/levelgen/feature/treedecorators/CocoaDecorator	net/minecraft/class_4660
CLASS	net/minecraft/world/level/levelgen/feature/treedecorators/CreakingHeartDecorator	net/minecraft/class_10324
CLASS	net/minecraft/world/level/levelgen/feature/treedecorators/LeaveVineDecorator	net/minecraft/class_4661
CLASS	net/minecraft/world/level/levelgen/feature/treedecorators/PaleMossDecorator	net/minecraft/class_10325
CLASS	net/minecraft/world/level/levelgen/feature/treedecorators/PlaceOnGroundDecorator	net/minecraft/class_10600
CLASS	net/minecraft/world/level/levelgen/feature/treedecorators/TreeDecorator	net/minecraft/class_4662
CLASS	net/minecraft/world/level/levelgen/feature/treedecorators/TreeDecorator$Context	net/minecraft/class_4662$class_7402
CLASS	net/minecraft/world/level/levelgen/feature/treedecorators/TreeDecoratorType	net/minecraft/class_4663
CLASS	net/minecraft/world/level/levelgen/feature/treedecorators/TrunkVineDecorator	net/minecraft/class_4664
CLASS	net/minecraft/world/level/levelgen/feature/treedecorators/package-info	net/minecraft/class_6117
CLASS	net/minecraft/world/level/levelgen/feature/trunkplacers/BendingTrunkPlacer	net/minecraft/class_5930
CLASS	net/minecraft/world/level/levelgen/feature/trunkplacers/CherryTrunkPlacer	net/minecraft/class_8180
CLASS	net/minecraft/world/level/levelgen/feature/trunkplacers/DarkOakTrunkPlacer	net/minecraft/class_5211
CLASS	net/minecraft/world/level/levelgen/feature/trunkplacers/FancyTrunkPlacer	net/minecraft/class_5212
CLASS	net/minecraft/world/level/levelgen/feature/trunkplacers/FancyTrunkPlacer$FoliageCoords	net/minecraft/class_5212$class_5213
CLASS	net/minecraft/world/level/levelgen/feature/trunkplacers/ForkingTrunkPlacer	net/minecraft/class_5139
CLASS	net/minecraft/world/level/levelgen/feature/trunkplacers/GiantTrunkPlacer	net/minecraft/class_5214
CLASS	net/minecraft/world/level/levelgen/feature/trunkplacers/MegaJungleTrunkPlacer	net/minecraft/class_5215
CLASS	net/minecraft/world/level/levelgen/feature/trunkplacers/StraightTrunkPlacer	net/minecraft/class_5140
CLASS	net/minecraft/world/level/levelgen/feature/trunkplacers/TrunkPlacer	net/minecraft/class_5141
CLASS	net/minecraft/world/level/levelgen/feature/trunkplacers/TrunkPlacerType	net/minecraft/class_5142
CLASS	net/minecraft/world/level/levelgen/feature/trunkplacers/UpwardsBranchingTrunkPlacer	net/minecraft/class_7390
CLASS	net/minecraft/world/level/levelgen/feature/trunkplacers/package-info	net/minecraft/class_6118
CLASS	net/minecraft/world/level/levelgen/flat/FlatLayerInfo	net/minecraft/class_3229
CLASS	net/minecraft/world/level/levelgen/flat/FlatLevelGeneratorPreset	net/minecraft/class_7142
CLASS	net/minecraft/world/level/levelgen/flat/FlatLevelGeneratorPresets	net/minecraft/class_7143
CLASS	net/minecraft/world/level/levelgen/flat/FlatLevelGeneratorPresets$Bootstrap	net/minecraft/class_7143$class_7144
CLASS	net/minecraft/world/level/levelgen/flat/FlatLevelGeneratorSettings	net/minecraft/class_3232
CLASS	net/minecraft/world/level/levelgen/flat/package-info	net/minecraft/class_6119
CLASS	net/minecraft/world/level/levelgen/heightproviders/BiasedToBottomHeight	net/minecraft/class_6120
CLASS	net/minecraft/world/level/levelgen/heightproviders/ConstantHeight	net/minecraft/class_6121
CLASS	net/minecraft/world/level/levelgen/heightproviders/HeightProvider	net/minecraft/class_6122
CLASS	net/minecraft/world/level/levelgen/heightproviders/HeightProviderType	net/minecraft/class_6123
CLASS	net/minecraft/world/level/levelgen/heightproviders/TrapezoidHeight	net/minecraft/class_6342
CLASS	net/minecraft/world/level/levelgen/heightproviders/UniformHeight	net/minecraft/class_6124
CLASS	net/minecraft/world/level/levelgen/heightproviders/VeryBiasedToBottomHeight	net/minecraft/class_6343
CLASS	net/minecraft/world/level/levelgen/heightproviders/WeightedListHeight	net/minecraft/class_6791
CLASS	net/minecraft/world/level/levelgen/heightproviders/package-info	net/minecraft/class_6125
CLASS	net/minecraft/world/level/levelgen/material/MaterialRuleList	net/minecraft/class_6582
CLASS	net/minecraft/world/level/levelgen/material/WorldGenMaterialRule	net/minecraft/class_6583
CLASS	net/minecraft/world/level/levelgen/material/package-info	net/minecraft/class_6657
CLASS	net/minecraft/world/level/levelgen/package-info	net/minecraft/class_6126
CLASS	net/minecraft/world/level/levelgen/placement/BiomeFilter	net/minecraft/class_6792
CLASS	net/minecraft/world/level/levelgen/placement/BlockPredicateFilter	net/minecraft/class_6658
CLASS	net/minecraft/world/level/levelgen/placement/CaveSurface	net/minecraft/class_5932
CLASS	net/minecraft/world/level/levelgen/placement/CountOnEveryLayerPlacement	net/minecraft/class_5452
CLASS	net/minecraft/world/level/levelgen/placement/CountPlacement	net/minecraft/class_6793
CLASS	net/minecraft/world/level/levelgen/placement/EnvironmentScanPlacement	net/minecraft/class_6794
CLASS	net/minecraft/world/level/levelgen/placement/FixedPlacement	net/minecraft/class_9830
CLASS	net/minecraft/world/level/levelgen/placement/HeightRangePlacement	net/minecraft/class_6795
CLASS	net/minecraft/world/level/levelgen/placement/HeightmapPlacement	net/minecraft/class_5925
CLASS	net/minecraft/world/level/levelgen/placement/InSquarePlacement	net/minecraft/class_5450
CLASS	net/minecraft/world/level/levelgen/placement/NoiseBasedCountPlacement	net/minecraft/class_3275
CLASS	net/minecraft/world/level/levelgen/placement/NoiseThresholdCountPlacement	net/minecraft/class_3003
CLASS	net/minecraft/world/level/levelgen/placement/PlacedFeature	net/minecraft/class_6796
CLASS	net/minecraft/world/level/levelgen/placement/PlacementContext	net/minecraft/class_5444
CLASS	net/minecraft/world/level/levelgen/placement/PlacementFilter	net/minecraft/class_6661
CLASS	net/minecraft/world/level/levelgen/placement/PlacementModifier	net/minecraft/class_6797
CLASS	net/minecraft/world/level/levelgen/placement/PlacementModifierType	net/minecraft/class_6798
CLASS	net/minecraft/world/level/levelgen/placement/RandomOffsetPlacement	net/minecraft/class_6732
CLASS	net/minecraft/world/level/levelgen/placement/RarityFilter	net/minecraft/class_6799
CLASS	net/minecraft/world/level/levelgen/placement/RepeatingPlacement	net/minecraft/class_5857
CLASS	net/minecraft/world/level/levelgen/placement/SurfaceRelativeThresholdFilter	net/minecraft/class_6584
CLASS	net/minecraft/world/level/levelgen/placement/SurfaceWaterDepthFilter	net/minecraft/class_5934
CLASS	net/minecraft/world/level/levelgen/placement/package-info	net/minecraft/class_6128
CLASS	net/minecraft/world/level/levelgen/presets/WorldPreset	net/minecraft/class_7145
CLASS	net/minecraft/world/level/levelgen/presets/WorldPresets	net/minecraft/class_5317
CLASS	net/minecraft/world/level/levelgen/presets/WorldPresets$Bootstrap	net/minecraft/class_5317$class_7146
CLASS	net/minecraft/world/level/levelgen/presets/package-info	net/minecraft/class_7728
CLASS	net/minecraft/world/level/levelgen/structure/BoundingBox	net/minecraft/class_3341
CLASS	net/minecraft/world/level/levelgen/structure/BoundingBox$1	net/minecraft/class_3341$1
CLASS	net/minecraft/world/level/levelgen/structure/BuiltinStructureSets	net/minecraft/class_7057
CLASS	net/minecraft/world/level/levelgen/structure/BuiltinStructures	net/minecraft/class_7058
CLASS	net/minecraft/world/level/levelgen/structure/LegacyStructureDataHandler	net/minecraft/class_3360
CLASS	net/minecraft/world/level/levelgen/structure/PoolElementStructurePiece	net/minecraft/class_3790
CLASS	net/minecraft/world/level/levelgen/structure/PostPlacementProcessor	net/minecraft/class_6621
CLASS	net/minecraft/world/level/levelgen/structure/ScatteredFeaturePiece	net/minecraft/class_3418
CLASS	net/minecraft/world/level/levelgen/structure/SinglePieceStructure	net/minecraft/class_7147
CLASS	net/minecraft/world/level/levelgen/structure/SinglePieceStructure$PieceConstructor	net/minecraft/class_7147$class_7148
CLASS	net/minecraft/world/level/levelgen/structure/Structure	net/minecraft/class_3195
CLASS	net/minecraft/world/level/levelgen/structure/Structure$GenerationContext	net/minecraft/class_3195$class_7149
CLASS	net/minecraft/world/level/levelgen/structure/Structure$GenerationStub	net/minecraft/class_3195$class_7150
CLASS	net/minecraft/world/level/levelgen/structure/Structure$StructureSettings	net/minecraft/class_3195$class_7302
CLASS	net/minecraft/world/level/levelgen/structure/Structure$StructureSettings$Builder	net/minecraft/class_3195$class_7302$class_9821
CLASS	net/minecraft/world/level/levelgen/structure/StructureCheck	net/minecraft/class_6832
CLASS	net/minecraft/world/level/levelgen/structure/StructureCheckResult	net/minecraft/class_6833
CLASS	net/minecraft/world/level/levelgen/structure/StructureFeatureIndexSavedData	net/minecraft/class_3440
CLASS	net/minecraft/world/level/levelgen/structure/StructurePiece	net/minecraft/class_3443
CLASS	net/minecraft/world/level/levelgen/structure/StructurePiece$1	net/minecraft/class_3443$1
CLASS	net/minecraft/world/level/levelgen/structure/StructurePiece$BlockSelector	net/minecraft/class_3443$class_3444
CLASS	net/minecraft/world/level/levelgen/structure/StructurePieceAccessor	net/minecraft/class_6130
CLASS	net/minecraft/world/level/levelgen/structure/StructureSet	net/minecraft/class_7059
CLASS	net/minecraft/world/level/levelgen/structure/StructureSet$StructureSelectionEntry	net/minecraft/class_7059$class_7060
CLASS	net/minecraft/world/level/levelgen/structure/StructureSpawnOverride	net/minecraft/class_7061
CLASS	net/minecraft/world/level/levelgen/structure/StructureSpawnOverride$BoundingBoxType	net/minecraft/class_7061$class_7062
CLASS	net/minecraft/world/level/levelgen/structure/StructureStart	net/minecraft/class_3449
CLASS	net/minecraft/world/level/levelgen/structure/StructureType	net/minecraft/class_7151
CLASS	net/minecraft/world/level/levelgen/structure/TemplateStructurePiece	net/minecraft/class_3470
CLASS	net/minecraft/world/level/levelgen/structure/TerrainAdjustment	net/minecraft/class_5847
CLASS	net/minecraft/world/level/levelgen/structure/package-info	net/minecraft/class_6131
CLASS	net/minecraft/world/level/levelgen/structure/pieces/PieceGenerator	net/minecraft/class_6622
CLASS	net/minecraft/world/level/levelgen/structure/pieces/PieceGenerator$Context	net/minecraft/class_6622$class_6623
CLASS	net/minecraft/world/level/levelgen/structure/pieces/PieceGeneratorSupplier	net/minecraft/class_6834
CLASS	net/minecraft/world/level/levelgen/structure/pieces/PieceGeneratorSupplier$Context	net/minecraft/class_6834$class_6835
CLASS	net/minecraft/world/level/levelgen/structure/pieces/PiecesContainer	net/minecraft/class_6624
CLASS	net/minecraft/world/level/levelgen/structure/pieces/StructurePieceSerializationContext	net/minecraft/class_6625
CLASS	net/minecraft/world/level/levelgen/structure/pieces/StructurePieceType	net/minecraft/class_3773
CLASS	net/minecraft/world/level/levelgen/structure/pieces/StructurePieceType$ContextlessType	net/minecraft/class_3773$class_6615
CLASS	net/minecraft/world/level/levelgen/structure/pieces/StructurePieceType$StructureTemplateType	net/minecraft/class_3773$class_6616
CLASS	net/minecraft/world/level/levelgen/structure/pieces/StructurePiecesBuilder	net/minecraft/class_6626
CLASS	net/minecraft/world/level/levelgen/structure/pieces/package-info	net/minecraft/class_6627
CLASS	net/minecraft/world/level/levelgen/structure/placement/ConcentricRingsStructurePlacement	net/minecraft/class_6871
CLASS	net/minecraft/world/level/levelgen/structure/placement/RandomSpreadStructurePlacement	net/minecraft/class_6872
CLASS	net/minecraft/world/level/levelgen/structure/placement/RandomSpreadType	net/minecraft/class_6873
CLASS	net/minecraft/world/level/levelgen/structure/placement/StructurePlacement	net/minecraft/class_6874
CLASS	net/minecraft/world/level/levelgen/structure/placement/StructurePlacement$ExclusionZone	net/minecraft/class_6874$class_7152
CLASS	net/minecraft/world/level/levelgen/structure/placement/StructurePlacement$FrequencyReducer	net/minecraft/class_6874$class_7153
CLASS	net/minecraft/world/level/levelgen/structure/placement/StructurePlacement$FrequencyReductionMethod	net/minecraft/class_6874$class_7154
CLASS	net/minecraft/world/level/levelgen/structure/placement/StructurePlacementType	net/minecraft/class_6875
CLASS	net/minecraft/world/level/levelgen/structure/placement/package-info	net/minecraft/class_6876
CLASS	net/minecraft/world/level/levelgen/structure/pools/DimensionPadding	net/minecraft/class_9778
CLASS	net/minecraft/world/level/levelgen/structure/pools/EmptyPoolElement	net/minecraft/class_3777
CLASS	net/minecraft/world/level/levelgen/structure/pools/FeaturePoolElement	net/minecraft/class_3776
CLASS	net/minecraft/world/level/levelgen/structure/pools/JigsawJunction	net/minecraft/class_3780
CLASS	net/minecraft/world/level/levelgen/structure/pools/JigsawPlacement	net/minecraft/class_3778
CLASS	net/minecraft/world/level/levelgen/structure/pools/JigsawPlacement$PieceState	net/minecraft/class_3778$class_4181
CLASS	net/minecraft/world/level/levelgen/structure/pools/JigsawPlacement$Placer	net/minecraft/class_3778$class_4182
CLASS	net/minecraft/world/level/levelgen/structure/pools/LegacySinglePoolElement	net/minecraft/class_5188
CLASS	net/minecraft/world/level/levelgen/structure/pools/ListPoolElement	net/minecraft/class_3782
CLASS	net/minecraft/world/level/levelgen/structure/pools/SinglePoolElement	net/minecraft/class_3781
CLASS	net/minecraft/world/level/levelgen/structure/pools/StructurePoolElement	net/minecraft/class_3784
CLASS	net/minecraft/world/level/levelgen/structure/pools/StructurePoolElementType	net/minecraft/class_3816
CLASS	net/minecraft/world/level/levelgen/structure/pools/StructureTemplatePool	net/minecraft/class_3785
CLASS	net/minecraft/world/level/levelgen/structure/pools/StructureTemplatePool$Projection	net/minecraft/class_3785$class_3786
CLASS	net/minecraft/world/level/levelgen/structure/pools/alias/DirectPoolAlias	net/minecraft/class_8888
CLASS	net/minecraft/world/level/levelgen/structure/pools/alias/PoolAliasBinding	net/minecraft/class_8889
CLASS	net/minecraft/world/level/levelgen/structure/pools/alias/PoolAliasBindings	net/minecraft/class_8890
CLASS	net/minecraft/world/level/levelgen/structure/pools/alias/PoolAliasLookup	net/minecraft/class_8891
CLASS	net/minecraft/world/level/levelgen/structure/pools/alias/RandomGroupPoolAlias	net/minecraft/class_8893
CLASS	net/minecraft/world/level/levelgen/structure/pools/alias/RandomPoolAlias	net/minecraft/class_8892
CLASS	net/minecraft/world/level/levelgen/structure/pools/alias/package-info	net/minecraft/class_8894
CLASS	net/minecraft/world/level/levelgen/structure/pools/package-info	net/minecraft/class_6116
CLASS	net/minecraft/world/level/levelgen/structure/structures/BuriedTreasurePieces	net/minecraft/class_3789
CLASS	net/minecraft/world/level/levelgen/structure/structures/BuriedTreasurePieces$BuriedTreasurePiece	net/minecraft/class_3789$class_3339
CLASS	net/minecraft/world/level/levelgen/structure/structures/BuriedTreasureStructure	net/minecraft/class_2956
CLASS	net/minecraft/world/level/levelgen/structure/structures/DesertPyramidPiece	net/minecraft/class_3346
CLASS	net/minecraft/world/level/levelgen/structure/structures/DesertPyramidStructure	net/minecraft/class_3006
CLASS	net/minecraft/world/level/levelgen/structure/structures/EndCityPieces	net/minecraft/class_3342
CLASS	net/minecraft/world/level/levelgen/structure/structures/EndCityPieces$1	net/minecraft/class_3342$1
CLASS	net/minecraft/world/level/levelgen/structure/structures/EndCityPieces$2	net/minecraft/class_3342$2
CLASS	net/minecraft/world/level/levelgen/structure/structures/EndCityPieces$3	net/minecraft/class_3342$3
CLASS	net/minecraft/world/level/levelgen/structure/structures/EndCityPieces$4	net/minecraft/class_3342$4
CLASS	net/minecraft/world/level/levelgen/structure/structures/EndCityPieces$EndCityPiece	net/minecraft/class_3342$class_3343
CLASS	net/minecraft/world/level/levelgen/structure/structures/EndCityPieces$SectionGenerator	net/minecraft/class_3342$class_3344
CLASS	net/minecraft/world/level/levelgen/structure/structures/EndCityStructure	net/minecraft/class_3021
CLASS	net/minecraft/world/level/levelgen/structure/structures/IglooPieces	net/minecraft/class_3351
CLASS	net/minecraft/world/level/levelgen/structure/structures/IglooPieces$IglooPiece	net/minecraft/class_3351$class_3352
CLASS	net/minecraft/world/level/levelgen/structure/structures/IglooStructure	net/minecraft/class_3071
CLASS	net/minecraft/world/level/levelgen/structure/structures/JigsawStructure	net/minecraft/class_5434
CLASS	net/minecraft/world/level/levelgen/structure/structures/JigsawStructure$1	net/minecraft/class_5434$1
CLASS	net/minecraft/world/level/levelgen/structure/structures/JigsawStructure$MaxDistance	net/minecraft/class_5434$class_11600
CLASS	net/minecraft/world/level/levelgen/structure/structures/JungleTemplePiece	net/minecraft/class_3348
CLASS	net/minecraft/world/level/levelgen/structure/structures/JungleTemplePiece$MossStoneSelector	net/minecraft/class_3348$class_3349
CLASS	net/minecraft/world/level/levelgen/structure/structures/JungleTempleStructure	net/minecraft/class_3076
CLASS	net/minecraft/world/level/levelgen/structure/structures/MineshaftPieces	net/minecraft/class_3353
CLASS	net/minecraft/world/level/levelgen/structure/structures/MineshaftPieces$1	net/minecraft/class_3353$1
CLASS	net/minecraft/world/level/levelgen/structure/structures/MineshaftPieces$MineShaftCorridor	net/minecraft/class_3353$class_3354
CLASS	net/minecraft/world/level/levelgen/structure/structures/MineshaftPieces$MineShaftCrossing	net/minecraft/class_3353$class_3355
CLASS	net/minecraft/world/level/levelgen/structure/structures/MineshaftPieces$MineShaftPiece	net/minecraft/class_3353$class_3356
CLASS	net/minecraft/world/level/levelgen/structure/structures/MineshaftPieces$MineShaftRoom	net/minecraft/class_3353$class_3357
CLASS	net/minecraft/world/level/levelgen/structure/structures/MineshaftPieces$MineShaftStairs	net/minecraft/class_3353$class_3358
CLASS	net/minecraft/world/level/levelgen/structure/structures/MineshaftStructure	net/minecraft/class_3098
CLASS	net/minecraft/world/level/levelgen/structure/structures/MineshaftStructure$Type	net/minecraft/class_3098$class_3100
CLASS	net/minecraft/world/level/levelgen/structure/structures/NetherFortressPieces	net/minecraft/class_3390
CLASS	net/minecraft/world/level/levelgen/structure/structures/NetherFortressPieces$1	net/minecraft/class_3390$1
CLASS	net/minecraft/world/level/levelgen/structure/structures/NetherFortressPieces$BridgeCrossing	net/minecraft/class_3390$class_3391
CLASS	net/minecraft/world/level/levelgen/structure/structures/NetherFortressPieces$BridgeEndFiller	net/minecraft/class_3390$class_3392
CLASS	net/minecraft/world/level/levelgen/structure/structures/NetherFortressPieces$BridgeStraight	net/minecraft/class_3390$class_3393
CLASS	net/minecraft/world/level/levelgen/structure/structures/NetherFortressPieces$CastleCorridorStairsPiece	net/minecraft/class_3390$class_3394
CLASS	net/minecraft/world/level/levelgen/structure/structures/NetherFortressPieces$CastleCorridorTBalconyPiece	net/minecraft/class_3390$class_3395
CLASS	net/minecraft/world/level/levelgen/structure/structures/NetherFortressPieces$CastleEntrance	net/minecraft/class_3390$class_3396
CLASS	net/minecraft/world/level/levelgen/structure/structures/NetherFortressPieces$CastleSmallCorridorCrossingPiece	net/minecraft/class_3390$class_3397
CLASS	net/minecraft/world/level/levelgen/structure/structures/NetherFortressPieces$CastleSmallCorridorLeftTurnPiece	net/minecraft/class_3390$class_3398
CLASS	net/minecraft/world/level/levelgen/structure/structures/NetherFortressPieces$CastleSmallCorridorPiece	net/minecraft/class_3390$class_3399
CLASS	net/minecraft/world/level/levelgen/structure/structures/NetherFortressPieces$CastleSmallCorridorRightTurnPiece	net/minecraft/class_3390$class_3400
CLASS	net/minecraft/world/level/levelgen/structure/structures/NetherFortressPieces$CastleStalkRoom	net/minecraft/class_3390$class_3401
CLASS	net/minecraft/world/level/levelgen/structure/structures/NetherFortressPieces$MonsterThrone	net/minecraft/class_3390$class_3402
CLASS	net/minecraft/world/level/levelgen/structure/structures/NetherFortressPieces$NetherBridgePiece	net/minecraft/class_3390$class_3403
CLASS	net/minecraft/world/level/levelgen/structure/structures/NetherFortressPieces$PieceWeight	net/minecraft/class_3390$class_3404
CLASS	net/minecraft/world/level/levelgen/structure/structures/NetherFortressPieces$RoomCrossing	net/minecraft/class_3390$class_3405
CLASS	net/minecraft/world/level/levelgen/structure/structures/NetherFortressPieces$StairsRoom	net/minecraft/class_3390$class_3406
CLASS	net/minecraft/world/level/levelgen/structure/structures/NetherFortressPieces$StartPiece	net/minecraft/class_3390$class_3407
CLASS	net/minecraft/world/level/levelgen/structure/structures/NetherFortressStructure	net/minecraft/class_3108
CLASS	net/minecraft/world/level/levelgen/structure/structures/NetherFossilPieces	net/minecraft/class_4787
CLASS	net/minecraft/world/level/levelgen/structure/structures/NetherFossilPieces$NetherFossilPiece	net/minecraft/class_4787$class_4788
CLASS	net/minecraft/world/level/levelgen/structure/structures/NetherFossilStructure	net/minecraft/class_4785
CLASS	net/minecraft/world/level/levelgen/structure/structures/OceanMonumentPieces	net/minecraft/class_3366
CLASS	net/minecraft/world/level/levelgen/structure/structures/OceanMonumentPieces$1	net/minecraft/class_3366$1
CLASS	net/minecraft/world/level/levelgen/structure/structures/OceanMonumentPieces$FitDoubleXRoom	net/minecraft/class_3366$class_3367
CLASS	net/minecraft/world/level/levelgen/structure/structures/OceanMonumentPieces$FitDoubleXYRoom	net/minecraft/class_3366$class_3368
CLASS	net/minecraft/world/level/levelgen/structure/structures/OceanMonumentPieces$FitDoubleYRoom	net/minecraft/class_3366$class_3369
CLASS	net/minecraft/world/level/levelgen/structure/structures/OceanMonumentPieces$FitDoubleYZRoom	net/minecraft/class_3366$class_3370
CLASS	net/minecraft/world/level/levelgen/structure/structures/OceanMonumentPieces$FitDoubleZRoom	net/minecraft/class_3366$class_3371
CLASS	net/minecraft/world/level/levelgen/structure/structures/OceanMonumentPieces$FitSimpleRoom	net/minecraft/class_3366$class_3372
CLASS	net/minecraft/world/level/levelgen/structure/structures/OceanMonumentPieces$FitSimpleTopRoom	net/minecraft/class_3366$class_3373
CLASS	net/minecraft/world/level/levelgen/structure/structures/OceanMonumentPieces$MonumentBuilding	net/minecraft/class_3366$class_3374
CLASS	net/minecraft/world/level/levelgen/structure/structures/OceanMonumentPieces$MonumentRoomFitter	net/minecraft/class_3366$class_3375
CLASS	net/minecraft/world/level/levelgen/structure/structures/OceanMonumentPieces$OceanMonumentCoreRoom	net/minecraft/class_3366$class_3376
CLASS	net/minecraft/world/level/levelgen/structure/structures/OceanMonumentPieces$OceanMonumentDoubleXRoom	net/minecraft/class_3366$class_3377
CLASS	net/minecraft/world/level/levelgen/structure/structures/OceanMonumentPieces$OceanMonumentDoubleXYRoom	net/minecraft/class_3366$class_3378
CLASS	net/minecraft/world/level/levelgen/structure/structures/OceanMonumentPieces$OceanMonumentDoubleYRoom	net/minecraft/class_3366$class_3379
CLASS	net/minecraft/world/level/levelgen/structure/structures/OceanMonumentPieces$OceanMonumentDoubleYZRoom	net/minecraft/class_3366$class_3380
CLASS	net/minecraft/world/level/levelgen/structure/structures/OceanMonumentPieces$OceanMonumentDoubleZRoom	net/minecraft/class_3366$class_3381
CLASS	net/minecraft/world/level/levelgen/structure/structures/OceanMonumentPieces$OceanMonumentEntryRoom	net/minecraft/class_3366$class_3382
CLASS	net/minecraft/world/level/levelgen/structure/structures/OceanMonumentPieces$OceanMonumentPenthouse	net/minecraft/class_3366$class_3383
CLASS	net/minecraft/world/level/levelgen/structure/structures/OceanMonumentPieces$OceanMonumentPiece	net/minecraft/class_3366$class_3384
CLASS	net/minecraft/world/level/levelgen/structure/structures/OceanMonumentPieces$OceanMonumentSimpleRoom	net/minecraft/class_3366$class_3385
CLASS	net/minecraft/world/level/levelgen/structure/structures/OceanMonumentPieces$OceanMonumentSimpleTopRoom	net/minecraft/class_3366$class_3386
CLASS	net/minecraft/world/level/levelgen/structure/structures/OceanMonumentPieces$OceanMonumentWingRoom	net/minecraft/class_3366$class_3387
CLASS	net/minecraft/world/level/levelgen/structure/structures/OceanMonumentPieces$RoomDefinition	net/minecraft/class_3366$class_3388
CLASS	net/minecraft/world/level/levelgen/structure/structures/OceanMonumentStructure	net/minecraft/class_3116
CLASS	net/minecraft/world/level/levelgen/structure/structures/OceanRuinPieces	net/minecraft/class_3409
CLASS	net/minecraft/world/level/levelgen/structure/structures/OceanRuinPieces$1	net/minecraft/class_3409$1
CLASS	net/minecraft/world/level/levelgen/structure/structures/OceanRuinPieces$OceanRuinPiece	net/minecraft/class_3409$class_3410
CLASS	net/minecraft/world/level/levelgen/structure/structures/OceanRuinStructure	net/minecraft/class_3411
CLASS	net/minecraft/world/level/levelgen/structure/structures/OceanRuinStructure$Type	net/minecraft/class_3411$class_3413
CLASS	net/minecraft/world/level/levelgen/structure/structures/RuinedPortalPiece	net/minecraft/class_5189
CLASS	net/minecraft/world/level/levelgen/structure/structures/RuinedPortalPiece$Properties	net/minecraft/class_5189$class_5190
CLASS	net/minecraft/world/level/levelgen/structure/structures/RuinedPortalPiece$VerticalPlacement	net/minecraft/class_5189$class_5191
CLASS	net/minecraft/world/level/levelgen/structure/structures/RuinedPortalStructure	net/minecraft/class_5183
CLASS	net/minecraft/world/level/levelgen/structure/structures/RuinedPortalStructure$Setup	net/minecraft/class_5183$class_7155
CLASS	net/minecraft/world/level/levelgen/structure/structures/ShipwreckPieces	net/minecraft/class_3415
CLASS	net/minecraft/world/level/levelgen/structure/structures/ShipwreckPieces$ShipwreckPiece	net/minecraft/class_3415$class_3416
CLASS	net/minecraft/world/level/levelgen/structure/structures/ShipwreckStructure	net/minecraft/class_3170
CLASS	net/minecraft/world/level/levelgen/structure/structures/StrongholdPieces	net/minecraft/class_3421
CLASS	net/minecraft/world/level/levelgen/structure/structures/StrongholdPieces$1	net/minecraft/class_3421$1
CLASS	net/minecraft/world/level/levelgen/structure/structures/StrongholdPieces$2	net/minecraft/class_3421$2
CLASS	net/minecraft/world/level/levelgen/structure/structures/StrongholdPieces$3	net/minecraft/class_3421$3
CLASS	net/minecraft/world/level/levelgen/structure/structures/StrongholdPieces$ChestCorridor	net/minecraft/class_3421$class_3422
CLASS	net/minecraft/world/level/levelgen/structure/structures/StrongholdPieces$FillerCorridor	net/minecraft/class_3421$class_3423
CLASS	net/minecraft/world/level/levelgen/structure/structures/StrongholdPieces$FiveCrossing	net/minecraft/class_3421$class_3424
CLASS	net/minecraft/world/level/levelgen/structure/structures/StrongholdPieces$LeftTurn	net/minecraft/class_3421$class_3425
CLASS	net/minecraft/world/level/levelgen/structure/structures/StrongholdPieces$Library	net/minecraft/class_3421$class_3426
CLASS	net/minecraft/world/level/levelgen/structure/structures/StrongholdPieces$PieceWeight	net/minecraft/class_3421$class_3427
CLASS	net/minecraft/world/level/levelgen/structure/structures/StrongholdPieces$PortalRoom	net/minecraft/class_3421$class_3428
CLASS	net/minecraft/world/level/levelgen/structure/structures/StrongholdPieces$PrisonHall	net/minecraft/class_3421$class_3429
CLASS	net/minecraft/world/level/levelgen/structure/structures/StrongholdPieces$RightTurn	net/minecraft/class_3421$class_3430
CLASS	net/minecraft/world/level/levelgen/structure/structures/StrongholdPieces$RoomCrossing	net/minecraft/class_3421$class_3431
CLASS	net/minecraft/world/level/levelgen/structure/structures/StrongholdPieces$SmoothStoneSelector	net/minecraft/class_3421$class_3432
CLASS	net/minecraft/world/level/levelgen/structure/structures/StrongholdPieces$StairsDown	net/minecraft/class_3421$class_3433
CLASS	net/minecraft/world/level/levelgen/structure/structures/StrongholdPieces$StartPiece	net/minecraft/class_3421$class_3434
CLASS	net/minecraft/world/level/levelgen/structure/structures/StrongholdPieces$Straight	net/minecraft/class_3421$class_3435
CLASS	net/minecraft/world/level/levelgen/structure/structures/StrongholdPieces$StraightStairsDown	net/minecraft/class_3421$class_3436
CLASS	net/minecraft/world/level/levelgen/structure/structures/StrongholdPieces$StrongholdPiece	net/minecraft/class_3421$class_3437
CLASS	net/minecraft/world/level/levelgen/structure/structures/StrongholdPieces$StrongholdPiece$SmallDoorType	net/minecraft/class_3421$class_3437$class_3438
CLASS	net/minecraft/world/level/levelgen/structure/structures/StrongholdPieces$Turn	net/minecraft/class_3421$class_3466
CLASS	net/minecraft/world/level/levelgen/structure/structures/StrongholdStructure	net/minecraft/class_3188
CLASS	net/minecraft/world/level/levelgen/structure/structures/SwampHutPiece	net/minecraft/class_3447
CLASS	net/minecraft/world/level/levelgen/structure/structures/SwampHutStructure	net/minecraft/class_3197
CLASS	net/minecraft/world/level/levelgen/structure/structures/WoodlandMansionPieces	net/minecraft/class_3471
CLASS	net/minecraft/world/level/levelgen/structure/structures/WoodlandMansionPieces$FirstFloorRoomCollection	net/minecraft/class_3471$class_3472
CLASS	net/minecraft/world/level/levelgen/structure/structures/WoodlandMansionPieces$FloorRoomCollection	net/minecraft/class_3471$class_3473
CLASS	net/minecraft/world/level/levelgen/structure/structures/WoodlandMansionPieces$MansionGrid	net/minecraft/class_3471$class_3474
CLASS	net/minecraft/world/level/levelgen/structure/structures/WoodlandMansionPieces$MansionPiecePlacer	net/minecraft/class_3471$class_3475
CLASS	net/minecraft/world/level/levelgen/structure/structures/WoodlandMansionPieces$PlacementData	net/minecraft/class_3471$class_3476
CLASS	net/minecraft/world/level/levelgen/structure/structures/WoodlandMansionPieces$SecondFloorRoomCollection	net/minecraft/class_3471$class_3477
CLASS	net/minecraft/world/level/levelgen/structure/structures/WoodlandMansionPieces$SimpleGrid	net/minecraft/class_3471$class_3478
CLASS	net/minecraft/world/level/levelgen/structure/structures/WoodlandMansionPieces$ThirdFloorRoomCollection	net/minecraft/class_3471$class_3479
CLASS	net/minecraft/world/level/levelgen/structure/structures/WoodlandMansionPieces$WoodlandMansionPiece	net/minecraft/class_3471$class_3480
CLASS	net/minecraft/world/level/levelgen/structure/structures/WoodlandMansionStructure	net/minecraft/class_3223
CLASS	net/minecraft/world/level/levelgen/structure/structures/package-info	net/minecraft/class_7156
CLASS	net/minecraft/world/level/levelgen/structure/templatesystem/AlwaysTrueTest	net/minecraft/class_3818
CLASS	net/minecraft/world/level/levelgen/structure/templatesystem/AxisAlignedLinearPosTest	net/minecraft/class_4992
CLASS	net/minecraft/world/level/levelgen/structure/templatesystem/BlackstoneReplaceProcessor	net/minecraft/class_5192
CLASS	net/minecraft/world/level/levelgen/structure/templatesystem/BlockAgeProcessor	net/minecraft/class_5193
CLASS	net/minecraft/world/level/levelgen/structure/templatesystem/BlockIgnoreProcessor	net/minecraft/class_3793
CLASS	net/minecraft/world/level/levelgen/structure/templatesystem/BlockMatchTest	net/minecraft/class_3819
CLASS	net/minecraft/world/level/levelgen/structure/templatesystem/BlockRotProcessor	net/minecraft/class_3488
CLASS	net/minecraft/world/level/levelgen/structure/templatesystem/BlockStateMatchTest	net/minecraft/class_3820
CLASS	net/minecraft/world/level/levelgen/structure/templatesystem/CappedProcessor	net/minecraft/class_8243
CLASS	net/minecraft/world/level/levelgen/structure/templatesystem/GravityProcessor	net/minecraft/class_3795
CLASS	net/minecraft/world/level/levelgen/structure/templatesystem/JigsawReplacementProcessor	net/minecraft/class_3794
CLASS	net/minecraft/world/level/levelgen/structure/templatesystem/LavaSubmergedBlockProcessor	net/minecraft/class_5399
CLASS	net/minecraft/world/level/levelgen/structure/templatesystem/LinearPosTest	net/minecraft/class_4993
CLASS	net/minecraft/world/level/levelgen/structure/templatesystem/LiquidSettings	net/minecraft/class_9822
CLASS	net/minecraft/world/level/levelgen/structure/templatesystem/NopProcessor	net/minecraft/class_3822
CLASS	net/minecraft/world/level/levelgen/structure/templatesystem/PosAlwaysTrueTest	net/minecraft/class_4994
CLASS	net/minecraft/world/level/levelgen/structure/templatesystem/PosRuleTest	net/minecraft/class_4995
CLASS	net/minecraft/world/level/levelgen/structure/templatesystem/PosRuleTestType	net/minecraft/class_4996
CLASS	net/minecraft/world/level/levelgen/structure/templatesystem/ProcessorRule	net/minecraft/class_3821
CLASS	net/minecraft/world/level/levelgen/structure/templatesystem/ProtectedBlockProcessor	net/minecraft/class_6378
CLASS	net/minecraft/world/level/levelgen/structure/templatesystem/RandomBlockMatchTest	net/minecraft/class_3824
CLASS	net/minecraft/world/level/levelgen/structure/templatesystem/RandomBlockStateMatchTest	net/minecraft/class_3823
CLASS	net/minecraft/world/level/levelgen/structure/templatesystem/RuleProcessor	net/minecraft/class_3826
CLASS	net/minecraft/world/level/levelgen/structure/templatesystem/RuleTest	net/minecraft/class_3825
CLASS	net/minecraft/world/level/levelgen/structure/templatesystem/RuleTestType	net/minecraft/class_3827
CLASS	net/minecraft/world/level/levelgen/structure/templatesystem/StructurePlaceSettings	net/minecraft/class_3492
CLASS	net/minecraft/world/level/levelgen/structure/templatesystem/StructureProcessor	net/minecraft/class_3491
CLASS	net/minecraft/world/level/levelgen/structure/templatesystem/StructureProcessorList	net/minecraft/class_5497
CLASS	net/minecraft/world/level/levelgen/structure/templatesystem/StructureProcessorType	net/minecraft/class_3828
CLASS	net/minecraft/world/level/levelgen/structure/templatesystem/StructureTemplate	net/minecraft/class_3499
CLASS	net/minecraft/world/level/levelgen/structure/templatesystem/StructureTemplate$1	net/minecraft/class_3499$1
CLASS	net/minecraft/world/level/levelgen/structure/templatesystem/StructureTemplate$JigsawBlockInfo	net/minecraft/class_3499$class_10326
CLASS	net/minecraft/world/level/levelgen/structure/templatesystem/StructureTemplate$Palette	net/minecraft/class_3499$class_5162
CLASS	net/minecraft/world/level/levelgen/structure/templatesystem/StructureTemplate$SimplePalette	net/minecraft/class_3499$class_3500
CLASS	net/minecraft/world/level/levelgen/structure/templatesystem/StructureTemplate$StructureBlockInfo	net/minecraft/class_3499$class_3501
CLASS	net/minecraft/world/level/levelgen/structure/templatesystem/StructureTemplate$StructureEntityInfo	net/minecraft/class_3499$class_3502
CLASS	net/minecraft/world/level/levelgen/structure/templatesystem/StructureTemplateManager	net/minecraft/class_3485
CLASS	net/minecraft/world/level/levelgen/structure/templatesystem/StructureTemplateManager$InputStreamOpener	net/minecraft/class_3485$class_7513
CLASS	net/minecraft/world/level/levelgen/structure/templatesystem/StructureTemplateManager$Source	net/minecraft/class_3485$class_7514
CLASS	net/minecraft/world/level/levelgen/structure/templatesystem/TagMatchTest	net/minecraft/class_3798
CLASS	net/minecraft/world/level/levelgen/structure/templatesystem/package-info	net/minecraft/class_6133
CLASS	net/minecraft/world/level/levelgen/structure/templatesystem/rule/blockentity/AppendLoot	net/minecraft/class_8244
CLASS	net/minecraft/world/level/levelgen/structure/templatesystem/rule/blockentity/AppendStatic	net/minecraft/class_8245
CLASS	net/minecraft/world/level/levelgen/structure/templatesystem/rule/blockentity/Clear	net/minecraft/class_8246
CLASS	net/minecraft/world/level/levelgen/structure/templatesystem/rule/blockentity/Passthrough	net/minecraft/class_8247
CLASS	net/minecraft/world/level/levelgen/structure/templatesystem/rule/blockentity/RuleBlockEntityModifier	net/minecraft/class_8248
CLASS	net/minecraft/world/level/levelgen/structure/templatesystem/rule/blockentity/RuleBlockEntityModifierType	net/minecraft/class_8249
CLASS	net/minecraft/world/level/levelgen/structure/templatesystem/rule/blockentity/package-info	net/minecraft/class_8250
CLASS	net/minecraft/world/level/levelgen/synth/BlendedNoise	net/minecraft/class_5822
CLASS	net/minecraft/world/level/levelgen/synth/ImprovedNoise	net/minecraft/class_3756
CLASS	net/minecraft/world/level/levelgen/synth/NoiseUtils	net/minecraft/class_5836
CLASS	net/minecraft/world/level/levelgen/synth/NormalNoise	net/minecraft/class_5216
CLASS	net/minecraft/world/level/levelgen/synth/NormalNoise$NoiseParameters	net/minecraft/class_5216$class_5487
CLASS	net/minecraft/world/level/levelgen/synth/PerlinNoise	net/minecraft/class_3537
CLASS	net/minecraft/world/level/levelgen/synth/PerlinSimplexNoise	net/minecraft/class_3543
CLASS	net/minecraft/world/level/levelgen/synth/SimplexNoise	net/minecraft/class_3541
CLASS	net/minecraft/world/level/levelgen/synth/package-info	net/minecraft/class_6135
CLASS	net/minecraft/world/level/lighting/BlockLightEngine	net/minecraft/class_3552
CLASS	net/minecraft/world/level/lighting/BlockLightSectionStorage	net/minecraft/class_3547
CLASS	net/minecraft/world/level/lighting/BlockLightSectionStorage$BlockDataLayerStorageMap	net/minecraft/class_3547$class_3548
CLASS	net/minecraft/world/level/lighting/ChunkSkyLightSources	net/minecraft/class_8528
CLASS	net/minecraft/world/level/lighting/DataLayerStorageMap	net/minecraft/class_3556
CLASS	net/minecraft/world/level/lighting/DynamicGraphMinFixedPoint	net/minecraft/class_3554
CLASS	net/minecraft/world/level/lighting/DynamicGraphMinFixedPoint$1	net/minecraft/class_3554$1
CLASS	net/minecraft/world/level/lighting/LayerLightEventListener	net/minecraft/class_3562
CLASS	net/minecraft/world/level/lighting/LayerLightEventListener$DummyLightLayerEventListener	net/minecraft/class_3562$class_3563
CLASS	net/minecraft/world/level/lighting/LayerLightSectionStorage	net/minecraft/class_3560
CLASS	net/minecraft/world/level/lighting/LayerLightSectionStorage$SectionState	net/minecraft/class_3560$class_8529
CLASS	net/minecraft/world/level/lighting/LayerLightSectionStorage$SectionType	net/minecraft/class_3560$class_8530
CLASS	net/minecraft/world/level/lighting/LevelLightEngine	net/minecraft/class_3568
CLASS	net/minecraft/world/level/lighting/LeveledPriorityQueue	net/minecraft/class_8257
CLASS	net/minecraft/world/level/lighting/LeveledPriorityQueue$1	net/minecraft/class_8257$1
CLASS	net/minecraft/world/level/lighting/LightEngine	net/minecraft/class_3558
CLASS	net/minecraft/world/level/lighting/LightEngine$QueueEntry	net/minecraft/class_3558$class_8531
CLASS	net/minecraft/world/level/lighting/LightEventListener	net/minecraft/class_3565
CLASS	net/minecraft/world/level/lighting/SkyLightEngine	net/minecraft/class_3572
CLASS	net/minecraft/world/level/lighting/SkyLightEngine$1	net/minecraft/class_3572$1
CLASS	net/minecraft/world/level/lighting/SkyLightSectionStorage	net/minecraft/class_3569
CLASS	net/minecraft/world/level/lighting/SkyLightSectionStorage$SkyDataLayerStorageMap	net/minecraft/class_3569$class_3570
CLASS	net/minecraft/world/level/lighting/SpatialLongSet	net/minecraft/class_6136
CLASS	net/minecraft/world/level/lighting/SpatialLongSet$InternalMap	net/minecraft/class_6136$class_6137
CLASS	net/minecraft/world/level/lighting/package-info	net/minecraft/class_6138
CLASS	net/minecraft/world/level/material/EmptyFluid	net/minecraft/class_3576
CLASS	net/minecraft/world/level/material/FlowingFluid	net/minecraft/class_3609
CLASS	net/minecraft/world/level/material/FlowingFluid$1	net/minecraft/class_3609$1
CLASS	net/minecraft/world/level/material/FlowingFluid$BlockStatePairKey	net/minecraft/class_3609$class_2249
CLASS	net/minecraft/world/level/material/FlowingFluid$SpreadContext	net/minecraft/class_3609$class_9900
CLASS	net/minecraft/world/level/material/Fluid	net/minecraft/class_3611
CLASS	net/minecraft/world/level/material/FluidState	net/minecraft/class_3610
CLASS	net/minecraft/world/level/material/Fluids	net/minecraft/class_3612
CLASS	net/minecraft/world/level/material/FogType	net/minecraft/class_5636
CLASS	net/minecraft/world/level/material/LavaFluid	net/minecraft/class_3616
CLASS	net/minecraft/world/level/material/LavaFluid$Flowing	net/minecraft/class_3616$class_3617
CLASS	net/minecraft/world/level/material/LavaFluid$Source	net/minecraft/class_3616$class_3618
CLASS	net/minecraft/world/level/material/MapColor	net/minecraft/class_3620
CLASS	net/minecraft/world/level/material/MapColor$Brightness	net/minecraft/class_3620$class_6594
CLASS	net/minecraft/world/level/material/PushReaction	net/minecraft/class_3619
CLASS	net/minecraft/world/level/material/WaterFluid	net/minecraft/class_3621
CLASS	net/minecraft/world/level/material/WaterFluid$Flowing	net/minecraft/class_3621$class_3622
CLASS	net/minecraft/world/level/material/WaterFluid$Source	net/minecraft/class_3621$class_3623
CLASS	net/minecraft/world/level/material/package-info	net/minecraft/class_6139
CLASS	net/minecraft/world/level/package-info	net/minecraft/class_6145
CLASS	net/minecraft/world/level/pathfinder/AmphibiousNodeEvaluator	net/minecraft/class_15
CLASS	net/minecraft/world/level/pathfinder/BinaryHeap	net/minecraft/class_5
CLASS	net/minecraft/world/level/pathfinder/FlyNodeEvaluator	net/minecraft/class_6
CLASS	net/minecraft/world/level/pathfinder/Node	net/minecraft/class_9
CLASS	net/minecraft/world/level/pathfinder/NodeEvaluator	net/minecraft/class_8
CLASS	net/minecraft/world/level/pathfinder/Path	net/minecraft/class_11
CLASS	net/minecraft/world/level/pathfinder/Path$DebugData	net/minecraft/class_11$class_8644
CLASS	net/minecraft/world/level/pathfinder/PathComputationType	net/minecraft/class_10
CLASS	net/minecraft/world/level/pathfinder/PathFinder	net/minecraft/class_13
CLASS	net/minecraft/world/level/pathfinder/PathType	net/minecraft/class_7
CLASS	net/minecraft/world/level/pathfinder/PathTypeCache	net/minecraft/class_9315
CLASS	net/minecraft/world/level/pathfinder/PathfindingContext	net/minecraft/class_9316
CLASS	net/minecraft/world/level/pathfinder/SwimNodeEvaluator	net/minecraft/class_12
CLASS	net/minecraft/world/level/pathfinder/Target	net/minecraft/class_4459
CLASS	net/minecraft/world/level/pathfinder/WalkNodeEvaluator	net/minecraft/class_14
CLASS	net/minecraft/world/level/pathfinder/WalkNodeEvaluator$1	net/minecraft/class_14$1
CLASS	net/minecraft/world/level/pathfinder/package-info	net/minecraft/class_6146
CLASS	net/minecraft/world/level/portal/PortalForcer	net/minecraft/class_1946
CLASS	net/minecraft/world/level/portal/PortalShape	net/minecraft/class_2424
CLASS	net/minecraft/world/level/portal/TeleportTransition	net/minecraft/class_5454
CLASS	net/minecraft/world/level/portal/TeleportTransition$PostTeleportTransition	net/minecraft/class_5454$class_9823
CLASS	net/minecraft/world/level/portal/package-info	net/minecraft/class_6147
CLASS	net/minecraft/world/level/redstone/CollectingNeighborUpdater	net/minecraft/class_7159
CLASS	net/minecraft/world/level/redstone/CollectingNeighborUpdater$FullNeighborUpdate	net/minecraft/class_7159$class_7160
CLASS	net/minecraft/world/level/redstone/CollectingNeighborUpdater$MultiNeighborUpdate	net/minecraft/class_7159$class_7161
CLASS	net/minecraft/world/level/redstone/CollectingNeighborUpdater$NeighborUpdates	net/minecraft/class_7159$class_7162
CLASS	net/minecraft/world/level/redstone/CollectingNeighborUpdater$ShapeUpdate	net/minecraft/class_7159$class_7272
CLASS	net/minecraft/world/level/redstone/CollectingNeighborUpdater$SimpleNeighborUpdate	net/minecraft/class_7159$class_7163
CLASS	net/minecraft/world/level/redstone/DefaultRedstoneWireEvaluator	net/minecraft/class_9901
CLASS	net/minecraft/world/level/redstone/ExperimentalRedstoneUtils	net/minecraft/class_9902
CLASS	net/minecraft/world/level/redstone/ExperimentalRedstoneWireEvaluator	net/minecraft/class_9903
CLASS	net/minecraft/world/level/redstone/InstantNeighborUpdater	net/minecraft/class_7164
CLASS	net/minecraft/world/level/redstone/NeighborUpdater	net/minecraft/class_7165
CLASS	net/minecraft/world/level/redstone/Orientation	net/minecraft/class_9904
CLASS	net/minecraft/world/level/redstone/Orientation$SideBias	net/minecraft/class_9904$class_9905
CLASS	net/minecraft/world/level/redstone/Redstone	net/minecraft/class_6148
CLASS	net/minecraft/world/level/redstone/RedstoneWireEvaluator	net/minecraft/class_9906
CLASS	net/minecraft/world/level/redstone/package-info	net/minecraft/class_6149
CLASS	net/minecraft/world/level/saveddata/SavedData	net/minecraft/class_18
CLASS	net/minecraft/world/level/saveddata/SavedDataType	net/minecraft/class_10741
CLASS	net/minecraft/world/level/saveddata/maps/MapBanner	net/minecraft/class_17
CLASS	net/minecraft/world/level/saveddata/maps/MapBanner$1	net/minecraft/class_17$1
CLASS	net/minecraft/world/level/saveddata/maps/MapDecoration	net/minecraft/class_20
CLASS	net/minecraft/world/level/saveddata/maps/MapDecorationType	net/minecraft/class_9428
CLASS	net/minecraft/world/level/saveddata/maps/MapDecorationTypes	net/minecraft/class_21
CLASS	net/minecraft/world/level/saveddata/maps/MapFrame	net/minecraft/class_19
CLASS	net/minecraft/world/level/saveddata/maps/MapId	net/minecraft/class_9209
CLASS	net/minecraft/world/level/saveddata/maps/MapIndex	net/minecraft/class_3978
CLASS	net/minecraft/world/level/saveddata/maps/MapItemSavedData	net/minecraft/class_22
CLASS	net/minecraft/world/level/saveddata/maps/MapItemSavedData$HoldingPlayer	net/minecraft/class_22$class_23
CLASS	net/minecraft/world/level/saveddata/maps/MapItemSavedData$MapDecorationLocation	net/minecraft/class_22$class_9907
CLASS	net/minecraft/world/level/saveddata/maps/MapItemSavedData$MapPatch	net/minecraft/class_22$class_5637
CLASS	net/minecraft/world/level/saveddata/maps/package-info	net/minecraft/class_6150
CLASS	net/minecraft/world/level/saveddata/package-info	net/minecraft/class_6151
CLASS	net/minecraft/world/level/storage/CommandStorage	net/minecraft/class_4565
CLASS	net/minecraft/world/level/storage/CommandStorage$Container	net/minecraft/class_4565$class_4566
CLASS	net/minecraft/world/level/storage/DataVersion	net/minecraft/class_6595
CLASS	net/minecraft/world/level/storage/DerivedLevelData	net/minecraft/class_27
CLASS	net/minecraft/world/level/storage/DimensionDataStorage	net/minecraft/class_26
CLASS	net/minecraft/world/level/storage/FileNameDateFormatter	net/minecraft/class_9078
CLASS	net/minecraft/world/level/storage/LevelData	net/minecraft/class_5217
CLASS	net/minecraft/world/level/storage/LevelData$RespawnData	net/minecraft/class_5217$class_12064
CLASS	net/minecraft/world/level/storage/LevelDataAndDimensions	net/minecraft/class_8895
CLASS	net/minecraft/world/level/storage/LevelResource	net/minecraft/class_5218
CLASS	net/minecraft/world/level/storage/LevelStorageException	net/minecraft/class_33
CLASS	net/minecraft/world/level/storage/LevelStorageSource	net/minecraft/class_32
CLASS	net/minecraft/world/level/storage/LevelStorageSource$LevelCandidates	net/minecraft/class_32$class_7410
CLASS	net/minecraft/world/level/storage/LevelStorageSource$LevelDirectory	net/minecraft/class_32$class_7411
CLASS	net/minecraft/world/level/storage/LevelStorageSource$LevelStorageAccess	net/minecraft/class_32$class_5143
CLASS	net/minecraft/world/level/storage/LevelStorageSource$LevelStorageAccess$1	net/minecraft/class_32$class_5143$1
CLASS	net/minecraft/world/level/storage/LevelStorageSource$LevelStorageAccess$2	net/minecraft/class_32$class_5143$2
CLASS	net/minecraft/world/level/storage/LevelSummary	net/minecraft/class_34
CLASS	net/minecraft/world/level/storage/LevelSummary$BackupStatus	net/minecraft/class_34$class_5781
CLASS	net/minecraft/world/level/storage/LevelSummary$CorruptedLevelSummary	net/minecraft/class_34$class_8896
CLASS	net/minecraft/world/level/storage/LevelSummary$SymlinkLevelSummary	net/minecraft/class_34$class_8578
CLASS	net/minecraft/world/level/storage/LevelVersion	net/minecraft/class_5315
CLASS	net/minecraft/world/level/storage/PlayerDataStorage	net/minecraft/class_29
CLASS	net/minecraft/world/level/storage/PrimaryLevelData	net/minecraft/class_31
CLASS	net/minecraft/world/level/storage/PrimaryLevelData$SpecialWorldProperty	net/minecraft/class_31$class_7729
CLASS	net/minecraft/world/level/storage/ServerLevelData	net/minecraft/class_5268
CLASS	net/minecraft/world/level/storage/TagValueInput	net/minecraft/class_11352
CLASS	net/minecraft/world/level/storage/TagValueInput$CompoundListWrapper	net/minecraft/class_11352$class_11353
CLASS	net/minecraft/world/level/storage/TagValueInput$CompoundListWrapper$1	net/minecraft/class_11352$class_11353$1
CLASS	net/minecraft/world/level/storage/TagValueInput$DecodeFromFieldFailedProblem	net/minecraft/class_11352$class_11354
CLASS	net/minecraft/world/level/storage/TagValueInput$DecodeFromListFailedProblem	net/minecraft/class_11352$class_11355
CLASS	net/minecraft/world/level/storage/TagValueInput$DecodeFromMapFailedProblem	net/minecraft/class_11352$class_11356
CLASS	net/minecraft/world/level/storage/TagValueInput$ListWrapper	net/minecraft/class_11352$class_11357
CLASS	net/minecraft/world/level/storage/TagValueInput$ListWrapper$1	net/minecraft/class_11352$class_11357$1
CLASS	net/minecraft/world/level/storage/TagValueInput$TypedListWrapper	net/minecraft/class_11352$class_11358
CLASS	net/minecraft/world/level/storage/TagValueInput$TypedListWrapper$1	net/minecraft/class_11352$class_11358$1
CLASS	net/minecraft/world/level/storage/TagValueInput$UnexpectedListElementTypeProblem	net/minecraft/class_11352$class_11359
CLASS	net/minecraft/world/level/storage/TagValueInput$UnexpectedNonNumberProblem	net/minecraft/class_11352$class_11360
CLASS	net/minecraft/world/level/storage/TagValueInput$UnexpectedTypeProblem	net/minecraft/class_11352$class_11361
CLASS	net/minecraft/world/level/storage/TagValueOutput	net/minecraft/class_11362
CLASS	net/minecraft/world/level/storage/TagValueOutput$EncodeToFieldFailedProblem	net/minecraft/class_11362$class_11363
CLASS	net/minecraft/world/level/storage/TagValueOutput$EncodeToListFailedProblem	net/minecraft/class_11362$class_11364
CLASS	net/minecraft/world/level/storage/TagValueOutput$EncodeToMapFailedProblem	net/minecraft/class_11362$class_11365
CLASS	net/minecraft/world/level/storage/TagValueOutput$ListWrapper	net/minecraft/class_11362$class_11366
CLASS	net/minecraft/world/level/storage/TagValueOutput$TypedListWrapper	net/minecraft/class_11362$class_11367
CLASS	net/minecraft/world/level/storage/ValueInput	net/minecraft/class_11368
CLASS	net/minecraft/world/level/storage/ValueInput$TypedInputList	net/minecraft/class_11368$class_11369
CLASS	net/minecraft/world/level/storage/ValueInput$ValueInputList	net/minecraft/class_11368$class_11370
CLASS	net/minecraft/world/level/storage/ValueInputContextHelper	net/minecraft/class_11371
CLASS	net/minecraft/world/level/storage/ValueInputContextHelper$1	net/minecraft/class_11371$1
CLASS	net/minecraft/world/level/storage/ValueInputContextHelper$2	net/minecraft/class_11371$2
CLASS	net/minecraft/world/level/storage/ValueInputContextHelper$3	net/minecraft/class_11371$3
CLASS	net/minecraft/world/level/storage/ValueOutput	net/minecraft/class_11372
CLASS	net/minecraft/world/level/storage/ValueOutput$TypedOutputList	net/minecraft/class_11372$class_11373
CLASS	net/minecraft/world/level/storage/ValueOutput$ValueOutputList	net/minecraft/class_11372$class_11374
CLASS	net/minecraft/world/level/storage/WorldData	net/minecraft/class_5219
CLASS	net/minecraft/world/level/storage/WritableLevelData	net/minecraft/class_5269
CLASS	net/minecraft/world/level/storage/loot/BuiltInLootTables	net/minecraft/class_39
CLASS	net/minecraft/world/level/storage/loot/ContainerComponentManipulator	net/minecraft/class_9666
CLASS	net/minecraft/world/level/storage/loot/ContainerComponentManipulators	net/minecraft/class_9667
CLASS	net/minecraft/world/level/storage/loot/ContainerComponentManipulators$1	net/minecraft/class_9667$1
CLASS	net/minecraft/world/level/storage/loot/ContainerComponentManipulators$2	net/minecraft/class_9667$2
CLASS	net/minecraft/world/level/storage/loot/ContainerComponentManipulators$3	net/minecraft/class_9667$3
CLASS	net/minecraft/world/level/storage/loot/IntRange	net/minecraft/class_42
CLASS	net/minecraft/world/level/storage/loot/IntRange$IntChecker	net/minecraft/class_42$class_5638
CLASS	net/minecraft/world/level/storage/loot/IntRange$IntLimiter	net/minecraft/class_42$class_5639
CLASS	net/minecraft/world/level/storage/loot/LootContext	net/minecraft/class_47
CLASS	net/minecraft/world/level/storage/loot/LootContext$BlockEntityTarget	net/minecraft/class_47$class_9319
CLASS	net/minecraft/world/level/storage/loot/LootContext$Builder	net/minecraft/class_47$class_48
CLASS	net/minecraft/world/level/storage/loot/LootContext$EntityTarget	net/minecraft/class_47$class_50
CLASS	net/minecraft/world/level/storage/loot/LootContext$ItemStackTarget	net/minecraft/class_47$class_12065
CLASS	net/minecraft/world/level/storage/loot/LootContext$VisitedEntry	net/minecraft/class_47$class_8487
CLASS	net/minecraft/world/level/storage/loot/LootContextArg	net/minecraft/class_12283
CLASS	net/minecraft/world/level/storage/loot/LootContextArg$ArgCodecBuilder	net/minecraft/class_12283$class_12284
CLASS	net/minecraft/world/level/storage/loot/LootContextArg$Getter	net/minecraft/class_12283$class_12285
CLASS	net/minecraft/world/level/storage/loot/LootContextArg$SimpleGetter	net/minecraft/class_12283$class_12286
CLASS	net/minecraft/world/level/storage/loot/LootContextUser	net/minecraft/class_46
CLASS	net/minecraft/world/level/storage/loot/LootDataType	net/minecraft/class_8490
CLASS	net/minecraft/world/level/storage/loot/LootDataType$Validator	net/minecraft/class_8490$class_8491
CLASS	net/minecraft/world/level/storage/loot/LootParams	net/minecraft/class_8567
CLASS	net/minecraft/world/level/storage/loot/LootParams$Builder	net/minecraft/class_8567$class_8568
CLASS	net/minecraft/world/level/storage/loot/LootParams$DynamicDrop	net/minecraft/class_8567$class_49
CLASS	net/minecraft/world/level/storage/loot/LootPool	net/minecraft/class_55
CLASS	net/minecraft/world/level/storage/loot/LootPool$Builder	net/minecraft/class_55$class_56
CLASS	net/minecraft/world/level/storage/loot/LootTable	net/minecraft/class_52
CLASS	net/minecraft/world/level/storage/loot/LootTable$Builder	net/minecraft/class_52$class_53
CLASS	net/minecraft/world/level/storage/loot/ValidationContext	net/minecraft/class_58
CLASS	net/minecraft/world/level/storage/loot/ValidationContext$MissingReferenceProblem	net/minecraft/class_58$class_11375
CLASS	net/minecraft/world/level/storage/loot/ValidationContext$ParametersNotProvidedProblem	net/minecraft/class_58$class_11376
CLASS	net/minecraft/world/level/storage/loot/ValidationContext$RecursiveReferenceProblem	net/minecraft/class_58$class_11377
CLASS	net/minecraft/world/level/storage/loot/ValidationContext$ReferenceNotAllowedProblem	net/minecraft/class_58$class_11378
CLASS	net/minecraft/world/level/storage/loot/entries/AlternativesEntry	net/minecraft/class_65
CLASS	net/minecraft/world/level/storage/loot/entries/AlternativesEntry$1	net/minecraft/class_65$1
CLASS	net/minecraft/world/level/storage/loot/entries/AlternativesEntry$Builder	net/minecraft/class_65$class_66
CLASS	net/minecraft/world/level/storage/loot/entries/ComposableEntryContainer	net/minecraft/class_64
CLASS	net/minecraft/world/level/storage/loot/entries/CompositeEntryBase	net/minecraft/class_69
CLASS	net/minecraft/world/level/storage/loot/entries/CompositeEntryBase$1	net/minecraft/class_69$1
CLASS	net/minecraft/world/level/storage/loot/entries/CompositeEntryBase$CompositeEntryConstructor	net/minecraft/class_69$class_70
CLASS	net/minecraft/world/level/storage/loot/entries/DynamicLoot	net/minecraft/class_67
CLASS	net/minecraft/world/level/storage/loot/entries/EmptyLootItem	net/minecraft/class_73
CLASS	net/minecraft/world/level/storage/loot/entries/EntryGroup	net/minecraft/class_93
CLASS	net/minecraft/world/level/storage/loot/entries/EntryGroup$Builder	net/minecraft/class_93$class_6152
CLASS	net/minecraft/world/level/storage/loot/entries/LootItem	net/minecraft/class_77
CLASS	net/minecraft/world/level/storage/loot/entries/LootPoolEntries	net/minecraft/class_75
CLASS	net/minecraft/world/level/storage/loot/entries/LootPoolEntry	net/minecraft/class_82
CLASS	net/minecraft/world/level/storage/loot/entries/LootPoolEntryContainer	net/minecraft/class_79
CLASS	net/minecraft/world/level/storage/loot/entries/LootPoolEntryContainer$Builder	net/minecraft/class_79$class_80
CLASS	net/minecraft/world/level/storage/loot/entries/LootPoolEntryType	net/minecraft/class_5338
CLASS	net/minecraft/world/level/storage/loot/entries/LootPoolSingletonContainer	net/minecraft/class_85
CLASS	net/minecraft/world/level/storage/loot/entries/LootPoolSingletonContainer$1	net/minecraft/class_85$1
CLASS	net/minecraft/world/level/storage/loot/entries/LootPoolSingletonContainer$Builder	net/minecraft/class_85$class_86
CLASS	net/minecraft/world/level/storage/loot/entries/LootPoolSingletonContainer$DummyBuilder	net/minecraft/class_85$class_87
CLASS	net/minecraft/world/level/storage/loot/entries/LootPoolSingletonContainer$EntryBase	net/minecraft/class_85$class_88
CLASS	net/minecraft/world/level/storage/loot/entries/LootPoolSingletonContainer$EntryConstructor	net/minecraft/class_85$class_89
CLASS	net/minecraft/world/level/storage/loot/entries/NestedLootTable	net/minecraft/class_83
CLASS	net/minecraft/world/level/storage/loot/entries/NestedLootTable$1	net/minecraft/class_83$1
CLASS	net/minecraft/world/level/storage/loot/entries/SequentialEntry	net/minecraft/class_72
CLASS	net/minecraft/world/level/storage/loot/entries/SequentialEntry$Builder	net/minecraft/class_72$class_6153
CLASS	net/minecraft/world/level/storage/loot/entries/SlotLoot	net/minecraft/class_12287
CLASS	net/minecraft/world/level/storage/loot/entries/TagEntry	net/minecraft/class_91
CLASS	net/minecraft/world/level/storage/loot/entries/TagEntry$1	net/minecraft/class_91$1
CLASS	net/minecraft/world/level/storage/loot/entries/package-info	net/minecraft/class_6154
CLASS	net/minecraft/world/level/storage/loot/functions/ApplyBonusCount	net/minecraft/class_94
CLASS	net/minecraft/world/level/storage/loot/functions/ApplyBonusCount$BinomialWithBonusCount	net/minecraft/class_94$class_95
CLASS	net/minecraft/world/level/storage/loot/functions/ApplyBonusCount$Formula	net/minecraft/class_94$class_96
CLASS	net/minecraft/world/level/storage/loot/functions/ApplyBonusCount$FormulaType	net/minecraft/class_94$class_8752
CLASS	net/minecraft/world/level/storage/loot/functions/ApplyBonusCount$OreDrops	net/minecraft/class_94$class_98
CLASS	net/minecraft/world/level/storage/loot/functions/ApplyBonusCount$UniformBonusCount	net/minecraft/class_94$class_100
CLASS	net/minecraft/world/level/storage/loot/functions/ApplyExplosionDecay	net/minecraft/class_104
CLASS	net/minecraft/world/level/storage/loot/functions/CopyBlockState	net/minecraft/class_4488
CLASS	net/minecraft/world/level/storage/loot/functions/CopyBlockState$Builder	net/minecraft/class_4488$class_4489
CLASS	net/minecraft/world/level/storage/loot/functions/CopyComponentsFunction	net/minecraft/class_9317
CLASS	net/minecraft/world/level/storage/loot/functions/CopyComponentsFunction$BlockEntitySource	net/minecraft/class_9317$class_12066
CLASS	net/minecraft/world/level/storage/loot/functions/CopyComponentsFunction$Builder	net/minecraft/class_9317$class_9318
CLASS	net/minecraft/world/level/storage/loot/functions/CopyComponentsFunction$DirectSource	net/minecraft/class_9317$class_12288
CLASS	net/minecraft/world/level/storage/loot/functions/CopyCustomDataFunction	net/minecraft/class_3837
CLASS	net/minecraft/world/level/storage/loot/functions/CopyCustomDataFunction$Builder	net/minecraft/class_3837$class_3838
CLASS	net/minecraft/world/level/storage/loot/functions/CopyCustomDataFunction$CopyOperation	net/minecraft/class_3837$class_3839
CLASS	net/minecraft/world/level/storage/loot/functions/CopyCustomDataFunction$MergeStrategy	net/minecraft/class_3837$class_3841
CLASS	net/minecraft/world/level/storage/loot/functions/CopyCustomDataFunction$MergeStrategy$1	net/minecraft/class_3837$class_3841$1
CLASS	net/minecraft/world/level/storage/loot/functions/CopyCustomDataFunction$MergeStrategy$2	net/minecraft/class_3837$class_3841$2
CLASS	net/minecraft/world/level/storage/loot/functions/CopyCustomDataFunction$MergeStrategy$3	net/minecraft/class_3837$class_3841$3
CLASS	net/minecraft/world/level/storage/loot/functions/CopyNameFunction	net/minecraft/class_101
CLASS	net/minecraft/world/level/storage/loot/functions/DiscardItem	net/minecraft/class_12243
CLASS	net/minecraft/world/level/storage/loot/functions/EnchantRandomlyFunction	net/minecraft/class_109
CLASS	net/minecraft/world/level/storage/loot/functions/EnchantRandomlyFunction$Builder	net/minecraft/class_109$class_4954
CLASS	net/minecraft/world/level/storage/loot/functions/EnchantWithLevelsFunction	net/minecraft/class_106
CLASS	net/minecraft/world/level/storage/loot/functions/EnchantWithLevelsFunction$Builder	net/minecraft/class_106$class_107
CLASS	net/minecraft/world/level/storage/loot/functions/EnchantedCountIncreaseFunction	net/minecraft/class_125
CLASS	net/minecraft/world/level/storage/loot/functions/EnchantedCountIncreaseFunction$Builder	net/minecraft/class_125$class_126
CLASS	net/minecraft/world/level/storage/loot/functions/ExplorationMapFunction	net/minecraft/class_111
CLASS	net/minecraft/world/level/storage/loot/functions/ExplorationMapFunction$Builder	net/minecraft/class_111$class_112
CLASS	net/minecraft/world/level/storage/loot/functions/FillPlayerHead	net/minecraft/class_3668
CLASS	net/minecraft/world/level/storage/loot/functions/FilteredFunction	net/minecraft/class_9668
CLASS	net/minecraft/world/level/storage/loot/functions/FilteredFunction$Builder	net/minecraft/class_9668$class_12244
CLASS	net/minecraft/world/level/storage/loot/functions/FunctionReference	net/minecraft/class_8492
CLASS	net/minecraft/world/level/storage/loot/functions/FunctionUserBuilder	net/minecraft/class_116
CLASS	net/minecraft/world/level/storage/loot/functions/LimitCount	net/minecraft/class_114
CLASS	net/minecraft/world/level/storage/loot/functions/ListOperation	net/minecraft/class_9368
CLASS	net/minecraft/world/level/storage/loot/functions/ListOperation$Append	net/minecraft/class_9368$class_9369
CLASS	net/minecraft/world/level/storage/loot/functions/ListOperation$Insert	net/minecraft/class_9368$class_9370
CLASS	net/minecraft/world/level/storage/loot/functions/ListOperation$ReplaceAll	net/minecraft/class_9368$class_9371
CLASS	net/minecraft/world/level/storage/loot/functions/ListOperation$ReplaceSection	net/minecraft/class_9368$class_9372
CLASS	net/minecraft/world/level/storage/loot/functions/ListOperation$StandAlone	net/minecraft/class_9368$class_9677
CLASS	net/minecraft/world/level/storage/loot/functions/ListOperation$Type	net/minecraft/class_9368$class_9373
CLASS	net/minecraft/world/level/storage/loot/functions/LootItemConditionalFunction	net/minecraft/class_120
CLASS	net/minecraft/world/level/storage/loot/functions/LootItemConditionalFunction$Builder	net/minecraft/class_120$class_121
CLASS	net/minecraft/world/level/storage/loot/functions/LootItemConditionalFunction$DummyBuilder	net/minecraft/class_120$class_122
CLASS	net/minecraft/world/level/storage/loot/functions/LootItemFunction	net/minecraft/class_117
CLASS	net/minecraft/world/level/storage/loot/functions/LootItemFunction$Builder	net/minecraft/class_117$class_118
CLASS	net/minecraft/world/level/storage/loot/functions/LootItemFunctionType	net/minecraft/class_5339
CLASS	net/minecraft/world/level/storage/loot/functions/LootItemFunctions	net/minecraft/class_131
CLASS	net/minecraft/world/level/storage/loot/functions/ModifyContainerContents	net/minecraft/class_9669
CLASS	net/minecraft/world/level/storage/loot/functions/SequenceFunction	net/minecraft/class_5641
CLASS	net/minecraft/world/level/storage/loot/functions/SetAttributesFunction	net/minecraft/class_137
CLASS	net/minecraft/world/level/storage/loot/functions/SetAttributesFunction$Builder	net/minecraft/class_137$class_6155
CLASS	net/minecraft/world/level/storage/loot/functions/SetAttributesFunction$Modifier	net/minecraft/class_137$class_138
CLASS	net/minecraft/world/level/storage/loot/functions/SetAttributesFunction$ModifierBuilder	net/minecraft/class_137$class_6156
CLASS	net/minecraft/world/level/storage/loot/functions/SetBannerPatternFunction	net/minecraft/class_5592
CLASS	net/minecraft/world/level/storage/loot/functions/SetBannerPatternFunction$Builder	net/minecraft/class_5592$class_6157
CLASS	net/minecraft/world/level/storage/loot/functions/SetBookCoverFunction	net/minecraft/class_9374
CLASS	net/minecraft/world/level/storage/loot/functions/SetComponentsFunction	net/minecraft/class_9320
CLASS	net/minecraft/world/level/storage/loot/functions/SetContainerContents	net/minecraft/class_134
CLASS	net/minecraft/world/level/storage/loot/functions/SetContainerContents$Builder	net/minecraft/class_134$class_135
CLASS	net/minecraft/world/level/storage/loot/functions/SetContainerLootTable	net/minecraft/class_144
CLASS	net/minecraft/world/level/storage/loot/functions/SetCustomDataFunction	net/minecraft/class_159
CLASS	net/minecraft/world/level/storage/loot/functions/SetCustomModelDataFunction	net/minecraft/class_9670
CLASS	net/minecraft/world/level/storage/loot/functions/SetEnchantmentsFunction	net/minecraft/class_5642
CLASS	net/minecraft/world/level/storage/loot/functions/SetEnchantmentsFunction$Builder	net/minecraft/class_5642$class_6158
CLASS	net/minecraft/world/level/storage/loot/functions/SetFireworkExplosionFunction	net/minecraft/class_9375
CLASS	net/minecraft/world/level/storage/loot/functions/SetFireworksFunction	net/minecraft/class_9376
CLASS	net/minecraft/world/level/storage/loot/functions/SetInstrumentFunction	net/minecraft/class_7431
CLASS	net/minecraft/world/level/storage/loot/functions/SetItemCountFunction	net/minecraft/class_141
CLASS	net/minecraft/world/level/storage/loot/functions/SetItemDamageFunction	net/minecraft/class_149
CLASS	net/minecraft/world/level/storage/loot/functions/SetItemFunction	net/minecraft/class_9671
CLASS	net/minecraft/world/level/storage/loot/functions/SetLoreFunction	net/minecraft/class_3671
CLASS	net/minecraft/world/level/storage/loot/functions/SetLoreFunction$Builder	net/minecraft/class_3671$class_6159
CLASS	net/minecraft/world/level/storage/loot/functions/SetNameFunction	net/minecraft/class_3670
CLASS	net/minecraft/world/level/storage/loot/functions/SetNameFunction$Target	net/minecraft/class_3670$class_9475
CLASS	net/minecraft/world/level/storage/loot/functions/SetOminousBottleAmplifierFunction	net/minecraft/class_9476
CLASS	net/minecraft/world/level/storage/loot/functions/SetPotionFunction	net/minecraft/class_6662
CLASS	net/minecraft/world/level/storage/loot/functions/SetStewEffectFunction	net/minecraft/class_152
CLASS	net/minecraft/world/level/storage/loot/functions/SetStewEffectFunction$Builder	net/minecraft/class_152$class_153
CLASS	net/minecraft/world/level/storage/loot/functions/SetStewEffectFunction$EffectEntry	net/minecraft/class_152$class_8754
CLASS	net/minecraft/world/level/storage/loot/functions/SetWritableBookPagesFunction	net/minecraft/class_9377
CLASS	net/minecraft/world/level/storage/loot/functions/SetWrittenBookPagesFunction	net/minecraft/class_9378
CLASS	net/minecraft/world/level/storage/loot/functions/SmeltItemFunction	net/minecraft/class_165
CLASS	net/minecraft/world/level/storage/loot/functions/ToggleTooltips	net/minecraft/class_9429
CLASS	net/minecraft/world/level/storage/loot/functions/package-info	net/minecraft/class_6160
CLASS	net/minecraft/world/level/storage/loot/package-info	net/minecraft/class_6161
CLASS	net/minecraft/world/level/storage/loot/parameters/LootContextParamSets	net/minecraft/class_173
CLASS	net/minecraft/world/level/storage/loot/parameters/LootContextParams	net/minecraft/class_181
CLASS	net/minecraft/world/level/storage/loot/parameters/package-info	net/minecraft/class_6162
CLASS	net/minecraft/world/level/storage/loot/predicates/AllOfCondition	net/minecraft/class_8548
CLASS	net/minecraft/world/level/storage/loot/predicates/AllOfCondition$Builder	net/minecraft/class_8548$class_8549
CLASS	net/minecraft/world/level/storage/loot/predicates/AnyOfCondition	net/minecraft/class_8551
CLASS	net/minecraft/world/level/storage/loot/predicates/AnyOfCondition$Builder	net/minecraft/class_8551$class_8552
CLASS	net/minecraft/world/level/storage/loot/predicates/BonusLevelTableCondition	net/minecraft/class_182
CLASS	net/minecraft/world/level/storage/loot/predicates/CompositeLootItemCondition	net/minecraft/class_186
CLASS	net/minecraft/world/level/storage/loot/predicates/CompositeLootItemCondition$Builder	net/minecraft/class_186$class_187
CLASS	net/minecraft/world/level/storage/loot/predicates/ConditionReference	net/minecraft/class_4568
CLASS	net/minecraft/world/level/storage/loot/predicates/ConditionUserBuilder	net/minecraft/class_192
CLASS	net/minecraft/world/level/storage/loot/predicates/DamageSourceCondition	net/minecraft/class_190
CLASS	net/minecraft/world/level/storage/loot/predicates/EnchantmentActiveCheck	net/minecraft/class_9752
CLASS	net/minecraft/world/level/storage/loot/predicates/EntityHasScoreCondition	net/minecraft/class_199
CLASS	net/minecraft/world/level/storage/loot/predicates/EntityHasScoreCondition$Builder	net/minecraft/class_199$class_6163
CLASS	net/minecraft/world/level/storage/loot/predicates/ExplosionCondition	net/minecraft/class_201
CLASS	net/minecraft/world/level/storage/loot/predicates/InvertedLootItemCondition	net/minecraft/class_207
CLASS	net/minecraft/world/level/storage/loot/predicates/LocationCheck	net/minecraft/class_205
CLASS	net/minecraft/world/level/storage/loot/predicates/LootItemBlockStatePropertyCondition	net/minecraft/class_212
CLASS	net/minecraft/world/level/storage/loot/predicates/LootItemBlockStatePropertyCondition$Builder	net/minecraft/class_212$class_213
CLASS	net/minecraft/world/level/storage/loot/predicates/LootItemCondition	net/minecraft/class_5341
CLASS	net/minecraft/world/level/storage/loot/predicates/LootItemCondition$Builder	net/minecraft/class_5341$class_210
CLASS	net/minecraft/world/level/storage/loot/predicates/LootItemConditionType	net/minecraft/class_5342
CLASS	net/minecraft/world/level/storage/loot/predicates/LootItemConditions	net/minecraft/class_217
CLASS	net/minecraft/world/level/storage/loot/predicates/LootItemEntityPropertyCondition	net/minecraft/class_215
CLASS	net/minecraft/world/level/storage/loot/predicates/LootItemKilledByPlayerCondition	net/minecraft/class_221
CLASS	net/minecraft/world/level/storage/loot/predicates/LootItemRandomChanceCondition	net/minecraft/class_219
CLASS	net/minecraft/world/level/storage/loot/predicates/LootItemRandomChanceWithEnchantedBonusCondition	net/minecraft/class_225
CLASS	net/minecraft/world/level/storage/loot/predicates/MatchTool	net/minecraft/class_223
CLASS	net/minecraft/world/level/storage/loot/predicates/TimeCheck	net/minecraft/class_4571
CLASS	net/minecraft/world/level/storage/loot/predicates/TimeCheck$Builder	net/minecraft/class_4571$class_6164
CLASS	net/minecraft/world/level/storage/loot/predicates/ValueCheckCondition	net/minecraft/class_5644
CLASS	net/minecraft/world/level/storage/loot/predicates/WeatherCheck	net/minecraft/class_227
CLASS	net/minecraft/world/level/storage/loot/predicates/WeatherCheck$Builder	net/minecraft/class_227$class_6165
CLASS	net/minecraft/world/level/storage/loot/predicates/package-info	net/minecraft/class_6166
CLASS	net/minecraft/world/level/storage/loot/providers/nbt/ContextNbtProvider	net/minecraft/class_5646
CLASS	net/minecraft/world/level/storage/loot/providers/nbt/ContextNbtProvider$BlockEntitySource	net/minecraft/class_5646$class_12071
CLASS	net/minecraft/world/level/storage/loot/providers/nbt/ContextNbtProvider$EntitySource	net/minecraft/class_5646$class_12072
CLASS	net/minecraft/world/level/storage/loot/providers/nbt/LootNbtProviderType	net/minecraft/class_5650
CLASS	net/minecraft/world/level/storage/loot/providers/nbt/NbtProvider	net/minecraft/class_5651
CLASS	net/minecraft/world/level/storage/loot/providers/nbt/NbtProviders	net/minecraft/class_5652
CLASS	net/minecraft/world/level/storage/loot/providers/nbt/StorageNbtProvider	net/minecraft/class_5653
CLASS	net/minecraft/world/level/storage/loot/providers/nbt/package-info	net/minecraft/class_6167
CLASS	net/minecraft/world/level/storage/loot/providers/number/BinomialDistributionGenerator	net/minecraft/class_40
CLASS	net/minecraft/world/level/storage/loot/providers/number/ConstantValue	net/minecraft/class_44
CLASS	net/minecraft/world/level/storage/loot/providers/number/EnchantmentLevelProvider	net/minecraft/class_9753
CLASS	net/minecraft/world/level/storage/loot/providers/number/LootNumberProviderType	net/minecraft/class_5657
CLASS	net/minecraft/world/level/storage/loot/providers/number/NumberProvider	net/minecraft/class_5658
CLASS	net/minecraft/world/level/storage/loot/providers/number/NumberProviders	net/minecraft/class_5659
CLASS	net/minecraft/world/level/storage/loot/providers/number/ScoreboardValue	net/minecraft/class_5660
CLASS	net/minecraft/world/level/storage/loot/providers/number/StorageValue	net/minecraft/class_9432
CLASS	net/minecraft/world/level/storage/loot/providers/number/UniformGenerator	net/minecraft/class_5662
CLASS	net/minecraft/world/level/storage/loot/providers/number/package-info	net/minecraft/class_6168
CLASS	net/minecraft/world/level/storage/loot/providers/score/ContextScoreboardNameProvider	net/minecraft/class_5664
CLASS	net/minecraft/world/level/storage/loot/providers/score/FixedScoreboardNameProvider	net/minecraft/class_5667
CLASS	net/minecraft/world/level/storage/loot/providers/score/LootScoreProviderType	net/minecraft/class_5669
CLASS	net/minecraft/world/level/storage/loot/providers/score/ScoreboardNameProvider	net/minecraft/class_5670
CLASS	net/minecraft/world/level/storage/loot/providers/score/ScoreboardNameProviders	net/minecraft/class_5671
CLASS	net/minecraft/world/level/storage/loot/providers/score/package-info	net/minecraft/class_6169
CLASS	net/minecraft/world/level/storage/package-info	net/minecraft/class_6170
CLASS	net/minecraft/world/level/timers/FunctionCallback	net/minecraft/class_231
CLASS	net/minecraft/world/level/timers/FunctionTagCallback	net/minecraft/class_229
CLASS	net/minecraft/world/level/timers/TimerCallback	net/minecraft/class_234
CLASS	net/minecraft/world/level/timers/TimerCallbacks	net/minecraft/class_233
CLASS	net/minecraft/world/level/timers/TimerQueue	net/minecraft/class_236
CLASS	net/minecraft/world/level/timers/TimerQueue$Event	net/minecraft/class_236$class_237
CLASS	net/minecraft/world/level/timers/package-info	net/minecraft/class_6171
CLASS	net/minecraft/world/level/validation/ContentValidationException	net/minecraft/class_8579
CLASS	net/minecraft/world/level/validation/DirectoryValidator	net/minecraft/class_8580
CLASS	net/minecraft/world/level/validation/DirectoryValidator$1	net/minecraft/class_8580$1
CLASS	net/minecraft/world/level/validation/ForbiddenSymlinkInfo	net/minecraft/class_8581
CLASS	net/minecraft/world/level/validation/PathAllowList	net/minecraft/class_8582
CLASS	net/minecraft/world/level/validation/PathAllowList$ConfigEntry	net/minecraft/class_8582$class_8583
CLASS	net/minecraft/world/level/validation/PathAllowList$EntryType	net/minecraft/class_8582$class_8584
CLASS	net/minecraft/world/level/validation/package-info	net/minecraft/class_8585
CLASS	net/minecraft/world/package-info	net/minecraft/class_6172
CLASS	net/minecraft/world/phys/AABB	net/minecraft/class_238
CLASS	net/minecraft/world/phys/AABB$Builder	net/minecraft/class_238$class_10782
CLASS	net/minecraft/world/phys/BlockHitResult	net/minecraft/class_3965
CLASS	net/minecraft/world/phys/EntityHitResult	net/minecraft/class_3966
CLASS	net/minecraft/world/phys/HitResult	net/minecraft/class_239
CLASS	net/minecraft/world/phys/HitResult$Type	net/minecraft/class_239$class_240
CLASS	net/minecraft/world/phys/Vec2	net/minecraft/class_241
CLASS	net/minecraft/world/phys/Vec3	net/minecraft/class_243
CLASS	net/minecraft/world/phys/Vec3$1	net/minecraft/class_243$1
CLASS	net/minecraft/world/phys/package-info	net/minecraft/class_6173
CLASS	net/minecraft/world/phys/shapes/ArrayVoxelShape	net/minecraft/class_245
CLASS	net/minecraft/world/phys/shapes/ArrayVoxelShape$1	net/minecraft/class_245$1
CLASS	net/minecraft/world/phys/shapes/BitSetDiscreteVoxelShape	net/minecraft/class_244
CLASS	net/minecraft/world/phys/shapes/BooleanOp	net/minecraft/class_247
CLASS	net/minecraft/world/phys/shapes/CollisionContext	net/minecraft/class_3726
CLASS	net/minecraft/world/phys/shapes/CubePointRange	net/minecraft/class_246
CLASS	net/minecraft/world/phys/shapes/CubeVoxelShape	net/minecraft/class_249
CLASS	net/minecraft/world/phys/shapes/DiscreteCubeMerger	net/minecraft/class_248
CLASS	net/minecraft/world/phys/shapes/DiscreteVoxelShape	net/minecraft/class_251
CLASS	net/minecraft/world/phys/shapes/DiscreteVoxelShape$IntFaceConsumer	net/minecraft/class_251$class_252
CLASS	net/minecraft/world/phys/shapes/DiscreteVoxelShape$IntLineConsumer	net/minecraft/class_251$class_253
CLASS	net/minecraft/world/phys/shapes/EntityCollisionContext	net/minecraft/class_3727
CLASS	net/minecraft/world/phys/shapes/EntityCollisionContext$Empty	net/minecraft/class_3727$class_11898
CLASS	net/minecraft/world/phys/shapes/IdenticalMerger	net/minecraft/class_250
CLASS	net/minecraft/world/phys/shapes/IndexMerger	net/minecraft/class_255
CLASS	net/minecraft/world/phys/shapes/IndexMerger$IndexConsumer	net/minecraft/class_255$class_256
CLASS	net/minecraft/world/phys/shapes/IndirectMerger	net/minecraft/class_254
CLASS	net/minecraft/world/phys/shapes/MinecartCollisionContext	net/minecraft/class_10140
CLASS	net/minecraft/world/phys/shapes/MinecartCollisionContext$1	net/minecraft/class_10140$1
CLASS	net/minecraft/world/phys/shapes/NonOverlappingMerger	net/minecraft/class_257
CLASS	net/minecraft/world/phys/shapes/OffsetDoubleList	net/minecraft/class_261
CLASS	net/minecraft/world/phys/shapes/Shapes	net/minecraft/class_259
CLASS	net/minecraft/world/phys/shapes/Shapes$DoubleLineConsumer	net/minecraft/class_259$class_260
CLASS	net/minecraft/world/phys/shapes/SliceShape	net/minecraft/class_263
CLASS	net/minecraft/world/phys/shapes/SubShape	net/minecraft/class_262
CLASS	net/minecraft/world/phys/shapes/VoxelShape	net/minecraft/class_265
CLASS	net/minecraft/world/phys/shapes/package-info	net/minecraft/class_6174
CLASS	net/minecraft/world/scores/DisplaySlot	net/minecraft/class_8646
CLASS	net/minecraft/world/scores/DisplaySlot$1	net/minecraft/class_8646$1
CLASS	net/minecraft/world/scores/Objective	net/minecraft/class_266
CLASS	net/minecraft/world/scores/Objective$Packed	net/minecraft/class_266$class_10742
CLASS	net/minecraft/world/scores/PlayerScoreEntry	net/minecraft/class_9011
CLASS	net/minecraft/world/scores/PlayerScores	net/minecraft/class_9012
CLASS	net/minecraft/world/scores/PlayerTeam	net/minecraft/class_268
CLASS	net/minecraft/world/scores/PlayerTeam$Packed	net/minecraft/class_268$class_10743
CLASS	net/minecraft/world/scores/ReadOnlyScoreInfo	net/minecraft/class_9013
CLASS	net/minecraft/world/scores/Score	net/minecraft/class_267
CLASS	net/minecraft/world/scores/Score$Packed	net/minecraft/class_267$class_12223
CLASS	net/minecraft/world/scores/ScoreAccess	net/minecraft/class_9014
CLASS	net/minecraft/world/scores/ScoreHolder	net/minecraft/class_9015
CLASS	net/minecraft/world/scores/ScoreHolder$1	net/minecraft/class_9015$1
CLASS	net/minecraft/world/scores/ScoreHolder$2	net/minecraft/class_9015$2
CLASS	net/minecraft/world/scores/ScoreHolder$3	net/minecraft/class_9015$3
CLASS	net/minecraft/world/scores/Scoreboard	net/minecraft/class_269
CLASS	net/minecraft/world/scores/Scoreboard$1	net/minecraft/class_269$1
CLASS	net/minecraft/world/scores/Scoreboard$PackedScore	net/minecraft/class_269$class_10744
CLASS	net/minecraft/world/scores/ScoreboardSaveData	net/minecraft/class_273
CLASS	net/minecraft/world/scores/ScoreboardSaveData$Packed	net/minecraft/class_273$class_10745
CLASS	net/minecraft/world/scores/Team	net/minecraft/class_270
CLASS	net/minecraft/world/scores/Team$CollisionRule	net/minecraft/class_270$class_271
CLASS	net/minecraft/world/scores/Team$Visibility	net/minecraft/class_270$class_272
CLASS	net/minecraft/world/scores/criteria/ObjectiveCriteria	net/minecraft/class_274
CLASS	net/minecraft/world/scores/criteria/ObjectiveCriteria$RenderType	net/minecraft/class_274$class_275
CLASS	net/minecraft/world/scores/criteria/package-info	net/minecraft/class_6175
CLASS	net/minecraft/world/scores/package-info	net/minecraft/class_6176
CLASS	net/minecraft/world/ticks/BlackholeTickAccess	net/minecraft/class_6754
CLASS	net/minecraft/world/ticks/BlackholeTickAccess$1	net/minecraft/class_6754$1
CLASS	net/minecraft/world/ticks/BlackholeTickAccess$2	net/minecraft/class_6754$2
CLASS	net/minecraft/world/ticks/ContainerSingleItem	net/minecraft/class_8181
CLASS	net/minecraft/world/ticks/ContainerSingleItem$BlockContainerSingleItem	net/minecraft/class_8181$class_9210
CLASS	net/minecraft/world/ticks/LevelChunkTicks	net/minecraft/class_6755
CLASS	net/minecraft/world/ticks/LevelTickAccess	net/minecraft/class_6756
CLASS	net/minecraft/world/ticks/LevelTicks	net/minecraft/class_6757
CLASS	net/minecraft/world/ticks/LevelTicks$PosAndContainerConsumer	net/minecraft/class_6757$class_6758
CLASS	net/minecraft/world/ticks/ProtoChunkTicks	net/minecraft/class_4296
CLASS	net/minecraft/world/ticks/SavedTick	net/minecraft/class_6759
CLASS	net/minecraft/world/ticks/SavedTick$1	net/minecraft/class_6759$1
CLASS	net/minecraft/world/ticks/ScheduledTick	net/minecraft/class_6760
CLASS	net/minecraft/world/ticks/ScheduledTick$1	net/minecraft/class_6760$1
CLASS	net/minecraft/world/ticks/SerializableTickContainer	net/minecraft/class_6761
CLASS	net/minecraft/world/ticks/TickAccess	net/minecraft/class_6762
CLASS	net/minecraft/world/ticks/TickContainerAccess	net/minecraft/class_6763
CLASS	net/minecraft/world/ticks/TickPriority	net/minecraft/class_1953
CLASS	net/minecraft/world/ticks/WorldGenTickAccess	net/minecraft/class_3235
CLASS	net/minecraft/world/ticks/package-info	net/minecraft/class_6764
CLASS	net/minecraft/world/timeline/AttributeTrack	net/minecraft/class_12327
CLASS	net/minecraft/world/timeline/AttributeTrackSampler	net/minecraft/class_12328
CLASS	net/minecraft/world/timeline/Timeline	net/minecraft/class_12329
CLASS	net/minecraft/world/timeline/Timeline$Builder	net/minecraft/class_12329$class_12330
CLASS	net/minecraft/world/timeline/Timelines	net/minecraft/class_12331
CLASS	net/minecraft/world/timeline/package-info	net/minecraft/class_12332
CLASS	net/minecraft/world/waypoints/PartialTickSupplier	net/minecraft/class_11728
CLASS	net/minecraft/world/waypoints/TrackedWaypoint	net/minecraft/class_11200
CLASS	net/minecraft/world/waypoints/TrackedWaypoint$AzimuthWaypoint	net/minecraft/class_11200$class_11201
CLASS	net/minecraft/world/waypoints/TrackedWaypoint$Camera	net/minecraft/class_11200$class_11297
CLASS	net/minecraft/world/waypoints/TrackedWaypoint$ChunkWaypoint	net/minecraft/class_11200$class_11202
CLASS	net/minecraft/world/waypoints/TrackedWaypoint$EmptyWaypoint	net/minecraft/class_11200$class_11203
CLASS	net/minecraft/world/waypoints/TrackedWaypoint$PitchDirection	net/minecraft/class_11200$class_11379
CLASS	net/minecraft/world/waypoints/TrackedWaypoint$Projector	net/minecraft/class_11200$class_11204
CLASS	net/minecraft/world/waypoints/TrackedWaypoint$Type	net/minecraft/class_11200$class_11205
CLASS	net/minecraft/world/waypoints/TrackedWaypoint$Vec3iWaypoint	net/minecraft/class_11200$class_11206
CLASS	net/minecraft/world/waypoints/TrackedWaypointManager	net/minecraft/class_11207
CLASS	net/minecraft/world/waypoints/Waypoint	net/minecraft/class_11208
CLASS	net/minecraft/world/waypoints/Waypoint$Icon	net/minecraft/class_11208$class_11209
CLASS	net/minecraft/world/waypoints/WaypointManager	net/minecraft/class_11211
CLASS	net/minecraft/world/waypoints/WaypointStyleAsset	net/minecraft/class_11298
CLASS	net/minecraft/world/waypoints/WaypointStyleAssets	net/minecraft/class_11299
CLASS	net/minecraft/world/waypoints/WaypointTransmitter	net/minecraft/class_11212
CLASS	net/minecraft/world/waypoints/WaypointTransmitter$BlockConnection	net/minecraft/class_11212$class_11213
CLASS	net/minecraft/world/waypoints/WaypointTransmitter$ChunkConnection	net/minecraft/class_11212$class_11214
CLASS	net/minecraft/world/waypoints/WaypointTransmitter$Connection	net/minecraft/class_11212$class_11215
CLASS	net/minecraft/world/waypoints/WaypointTransmitter$EntityAzimuthConnection	net/minecraft/class_11212$class_11216
CLASS	net/minecraft/world/waypoints/WaypointTransmitter$EntityBlockConnection	net/minecraft/class_11212$class_11217
CLASS	net/minecraft/world/waypoints/WaypointTransmitter$EntityChunkConnection	net/minecraft/class_11212$class_11218
CLASS	net/minecraft/world/waypoints/package-info	net/minecraft/class_11729
FIELD	net/minecraft/ChatFormatting	DARK_GRAY	field_1063
FIELD	net/minecraft/ChatFormatting	GOLD	field_1065
FIELD	net/minecraft/ChatFormatting	GREEN	field_1060
FIELD	net/minecraft/ChatFormatting	RED	field_1061
FIELD	net/minecraft/client/Minecraft	gameMode	field_1761
FIELD	net/minecraft/client/Minecraft	level	field_1687
FIELD	net/minecraft/client/Minecraft	player	field_1724
FIELD	net/minecraft/client/player/LocalPlayer	containerMenu	field_7512
FIELD	net/minecraft/client/player/LocalPlayer	fishing	field_7513
FIELD	net/minecraft/client/player/LocalPlayer	tickCount	field_6012
FIELD	net/minecraft/world/InteractionHand	MAIN_HAND	field_5808
FIELD	net/minecraft/world/inventory/AbstractContainerMenu	containerId	field_7763
FIELD	net/minecraft/world/inventory/AbstractContainerMenu	slots	field_7761
FIELD	net/minecraft/world/inventory/Slot	index	field_7874
FIELD	net/minecraft/world/item/Items	FISHING_ROD	field_8378
FIELD	net/minecraft/client/Minecraft	options	field_1690
FIELD	net/minecraft/client/Options	keyUse	field_1904
FIELD	net/minecraft/client/Options	keyUp	field_1894
FIELD	net/minecraft/client/Options	keyDown	field_1881
FIELD	net/minecraft/client/player/LocalPlayer	connection	field_3944
FIELD	net/minecraft/world/entity/player/Player	inventoryMenu	field_7498
FIELD	net/minecraft/client/player/LocalPlayer	inventoryMenu	field_7498
FIELD	net/minecraft/world/entity/player/Inventory	selected	field_7545
FIELD	com/mojang/blaze3d/platform/InputConstants$Type	KEYSYM	field_1668
METHOD	net/minecraft/client/KeyMapping	consumeClick	()Z	method_1436
METHOD	net/minecraft/client/KeyMapping$Category	register	(Lnet/minecraft/resources/Identifier;)Lnet/minecraft/client/KeyMapping$Category;	method_74698
METHOD	net/minecraft/client/Minecraft	getInstance	()Lnet/minecraft/client/Minecraft;	method_1551
METHOD	net/minecraft/client/Minecraft	setScreenAndShow	(Lnet/minecraft/client/gui/screens/Screen;)V	method_1507
METHOD	net/minecraft/client/Minecraft	setScreen	(Lnet/minecraft/client/gui/screens/Screen;)V	method_1507
METHOD	net/minecraft/client/gui/components/Button	builder	(Lnet/minecraft/network/chat/Component;Lnet/minecraft/client/gui/components/Button$OnPress;)Lnet/minecraft/client/gui/components/Button$Builder;	method_46430
METHOD	net/minecraft/client/gui/components/Button$Builder	bounds	(IIII)Lnet/minecraft/client/gui/components/Button$Builder;	method_46434
METHOD	net/minecraft/client/gui/components/Button$Builder	build	()Lnet/minecraft/client/gui/components/Button;	method_46431
METHOD	net/minecraft/client/gui/components/CycleButton	onOffBuilder	(Z)Lnet/minecraft/client/gui/components/CycleButton$Builder;	method_32614
METHOD	net/minecraft/client/gui/components/CycleButton	setTooltip	(Lnet/minecraft/client/gui/components/Tooltip;)V	method_47400
METHOD	net/minecraft/client/gui/components/AbstractWidget	setTooltip	(Lnet/minecraft/client/gui/components/Tooltip;)V	method_47400
METHOD	net/minecraft/client/gui/components/CycleButton$Builder	create	(IIIILnet/minecraft/network/chat/Component;Lnet/minecraft/client/gui/components/CycleButton$OnValueChange;)Lnet/minecraft/client/gui/components/CycleButton;	method_32617
METHOD	net/minecraft/client/gui/components/Tooltip	create	(Lnet/minecraft/network/chat/Component;)Lnet/minecraft/client/gui/components/Tooltip;	method_47407
METHOD	net/minecraft/client/gui/screens/Screen	init	()V	method_25426
METHOD	net/minecraft/client/gui/screens/Screen	onClose	()V	method_25419
METHOD	net/minecraft/client/gui/screens/Screen	addRenderableWidget	(Lnet/minecraft/client/gui/components/events/GuiEventListener;)Lnet/minecraft/client/gui/components/events/GuiEventListener;	method_37063
METHOD	net/minecraft/client/gui/screens/Screen	addRenderableOnly	(Lnet/minecraft/client/gui/components/Renderable;)Lnet/minecraft/client/gui/components/Renderable;	method_37060
METHOD	ru/euphoria/config/ConfigScreen	init	()V	method_25426
METHOD	ru/euphoria/config/ConfigScreen	onClose	()V	method_25419
METHOD	ru/euphoria/config/ConfigScreen	addRenderableWidget	(Lnet/minecraft/client/gui/components/events/GuiEventListener;)Lnet/minecraft/client/gui/components/events/GuiEventListener;	method_37063
METHOD	ru/euphoria/config/ConfigScreen	addRenderableOnly	(Lnet/minecraft/client/gui/components/Renderable;)Lnet/minecraft/client/gui/components/Renderable;	method_37060
METHOD	net/minecraft/client/multiplayer/ClientLevel	isDarkOutside	()Z	method_23886
METHOD	net/minecraft/client/multiplayer/MultiPlayerGameMode	useItem	(Lnet/minecraft/world/entity/player/Player;Lnet/minecraft/world/InteractionHand;)Lnet/minecraft/world/InteractionResult;	method_2919
METHOD	net/minecraft/client/player/LocalPlayer	getId	()I	method_5628
METHOD	net/minecraft/client/player/LocalPlayer	getInventory	()Lnet/minecraft/world/entity/player/Inventory;	method_31548
METHOD	net/minecraft/client/player/LocalPlayer	getMainHandItem	()Lnet/minecraft/world/item/ItemStack;	method_6047
METHOD	net/minecraft/client/player/LocalPlayer	getXRot	()F	method_36455
METHOD	net/minecraft/client/player/LocalPlayer	getYRot	()F	method_36454
METHOD	net/minecraft/client/player/LocalPlayer	position	()Lnet/minecraft/world/phys/Vec3;	method_73189
METHOD	net/minecraft/client/player/LocalPlayer	displayClientMessage	(Lnet/minecraft/network/chat/Component;Z)V	method_7353
METHOD	net/minecraft/client/player/LocalPlayer	setXRot	(F)V	method_36457
METHOD	net/minecraft/client/player/LocalPlayer	setYRot	(F)V	method_36456
METHOD	net/minecraft/client/player/LocalPlayer	swing	(Lnet/minecraft/world/InteractionHand;)V	method_6104
METHOD	net/minecraft/client/resources/sounds/SoundInstance	getIdentifier	()Lnet/minecraft/resources/Identifier;	method_4775
METHOD	net/minecraft/client/resources/sounds/SoundInstance	getX	()D	method_4784
METHOD	net/minecraft/client/resources/sounds/SoundInstance	getY	()D	method_4779
METHOD	net/minecraft/client/resources/sounds/SoundInstance	getZ	()D	method_4778
METHOD	net/minecraft/client/resources/sounds/SoundInstance	isRelative	()Z	method_4787
METHOD	net/minecraft/core/Holder	value	()Ljava/lang/Object;	comp_349
METHOD	net/minecraft/network/chat/Component	empty	()Lnet/minecraft/network/chat/MutableComponent;	method_43473
METHOD	net/minecraft/network/chat/Component	literal	(Ljava/lang/String;)Lnet/minecraft/network/chat/MutableComponent;	method_43470
METHOD	net/minecraft/network/chat/Component	translatable	(Ljava/lang/String;)Lnet/minecraft/network/chat/MutableComponent;	method_43471
METHOD	net/minecraft/network/chat/MutableComponent	append	(Ljava/lang/String;)Lnet/minecraft/network/chat/MutableComponent;	method_27693
METHOD	net/minecraft/network/chat/MutableComponent	append	(Lnet/minecraft/network/chat/Component;)Lnet/minecraft/network/chat/MutableComponent;	method_10852
METHOD	net/minecraft/network/chat/MutableComponent	withStyle	(Lnet/minecraft/ChatFormatting;)Lnet/minecraft/network/chat/MutableComponent;	method_27692
METHOD	net/minecraft/network/protocol/game/ClientboundSoundEntityPacket	getId	()I	method_11883
METHOD	net/minecraft/network/protocol/game/ClientboundSoundEntityPacket	getSound	()Lnet/minecraft/core/Holder;	method_11882
METHOD	net/minecraft/network/protocol/game/ClientboundSoundPacket	getSound	()Lnet/minecraft/core/Holder;	method_11894
METHOD	net/minecraft/network/protocol/game/ClientboundSoundPacket	getX	()D	method_11890
METHOD	net/minecraft/network/protocol/game/ClientboundSoundPacket	getY	()D	method_11889
METHOD	net/minecraft/network/protocol/game/ClientboundSoundPacket	getZ	()D	method_11893
METHOD	net/minecraft/resources/Identifier	fromNamespaceAndPath	(Ljava/lang/String;Ljava/lang/String;)Lnet/minecraft/resources/Identifier;	method_60655
METHOD	net/minecraft/resources/Identifier	getPath	()Ljava/lang/String;	method_12832
METHOD	net/minecraft/sounds/SoundEvent	location	()Lnet/minecraft/resources/Identifier;	comp_3319
METHOD	net/minecraft/world/entity/player/Inventory	getContainerSize	()I	method_5439
METHOD	net/minecraft/world/entity/player/Inventory	getItem	(I)Lnet/minecraft/world/item/ItemStack;	method_5438
METHOD	net/minecraft/world/entity/player/Inventory	getSelectedSlot	()I	method_67532
METHOD	net/minecraft/world/entity/projectile/FishingHook	getId	()I	method_5628
METHOD	net/minecraft/world/entity/projectile/FishingHook	position	()Lnet/minecraft/world/phys/Vec3;	method_73189
METHOD	net/minecraft/world/item/ItemStack	getItem	()Lnet/minecraft/world/item/Item;	method_7909
METHOD	net/minecraft/client/KeyMapping	setDown	(Z)V	method_23481
METHOD	net/minecraft/client/player/LocalPlayer	getX	()D	method_23317
METHOD	net/minecraft/client/player/LocalPlayer	getY	()D	method_23318
METHOD	net/minecraft/client/player/LocalPlayer	getZ	()D	method_23321
METHOD	net/minecraft/world/entity/Entity	getX	()D	method_23317
METHOD	net/minecraft/world/entity/Entity	getY	()D	method_23318
METHOD	net/minecraft/world/entity/Entity	getZ	()D	method_23321
METHOD	net/minecraft/client/multiplayer/ClientPacketListener	sendChat	(Ljava/lang/String;)V	method_45729
METHOD	net/minecraft/client/player/LocalPlayer	closeContainer	()V	method_7346
METHOD	net/minecraft/world/entity/player/Player	closeContainer	()V	method_7346
METHOD	net/minecraft/world/inventory/Slot	getItem	()Lnet/minecraft/world/item/ItemStack;	method_7677
METHOD	net/minecraft/world/item/ItemStack	isEmpty	()Z	method_7960
METHOD	net/minecraft/world/item/ItemStack	getHoverName	()Lnet/minecraft/network/chat/Component;	method_7964
METHOD	net/minecraft/network/chat/Component	getString	()Ljava/lang/String;	method_54160
METHOD	net/minecraft/world/entity/player/Inventory	setSelectedSlot	(I)V	method_61496
METHOD	net/minecraft/world/phys/Vec3	distanceTo	(Lnet/minecraft/world/phys/Vec3;)D	method_1022
MIXIN_METHOD	handleSoundEvent	method_11146
MIXIN_METHOD	handleSoundEntityEvent	method_11125
MIXIN_METHOD	play	method_4873
